train_0_angry.jpg,3
train_0_disgust.jpg,4
train_0_fear.jpg,5
train_0_happy.jpg,0
train_0_neutral.jpg,6
train_0_sad.jpg,2
train_0_surprise.jpg,1
train_1000_angry.jpg,3
train_1000_disgust.jpg,4
train_1000_fear.jpg,5
train_1000_happy.jpg,0
train_1000_neutral.jpg,6
train_1000_sad.jpg,2
train_1000_surprise.jpg,1
train_1001_angry.jpg,3
train_1001_fear.jpg,5
train_1001_happy.jpg,0
train_1001_neutral.jpg,6
train_1001_sad.jpg,2
train_1001_surprise.jpg,1
train_1002_angry.jpg,3
train_1002_fear.jpg,5
train_1002_happy.jpg,0
train_1002_neutral.jpg,6
train_1002_sad.jpg,2
train_1002_surprise.jpg,1
train_1003_angry.jpg,3
train_1003_fear.jpg,5
train_1003_happy.jpg,0
train_1003_neutral.jpg,6
train_1003_sad.jpg,2
train_1003_surprise.jpg,1
train_1004_angry.jpg,3
train_1004_fear.jpg,5
train_1004_happy.jpg,0
train_1004_neutral.jpg,6
train_1004_sad.jpg,2
train_1004_surprise.jpg,1
train_1005_angry.jpg,3
train_1005_fear.jpg,5
train_1005_happy.jpg,0
train_1005_neutral.jpg,6
train_1005_sad.jpg,2
train_1005_surprise.jpg,1
train_1006_angry.jpg,3
train_1006_fear.jpg,5
train_1006_happy.jpg,0
train_1006_neutral.jpg,6
train_1006_sad.jpg,2
train_1006_surprise.jpg,1
train_1007_angry.jpg,3
train_1007_fear.jpg,5
train_1007_happy.jpg,0
train_1007_neutral.jpg,6
train_1007_sad.jpg,2
train_1007_surprise.jpg,1
train_1008_angry.jpg,3
train_1008_fear.jpg,5
train_1008_happy.jpg,0
train_1008_neutral.jpg,6
train_1008_sad.jpg,2
train_1008_surprise.jpg,1
train_1009_angry.jpg,3
train_1009_fear.jpg,5
train_1009_happy.jpg,0
train_1009_neutral.jpg,6
train_1009_sad.jpg,2
train_1009_surprise.jpg,1
train_100_angry.jpg,3
train_100_disgust.jpg,4
train_100_fear.jpg,5
train_100_happy.jpg,0
train_100_neutral.jpg,6
train_100_sad.jpg,2
train_100_surprise.jpg,1
train_1010_angry.jpg,3
train_1010_fear.jpg,5
train_1010_happy.jpg,0
train_1010_neutral.jpg,6
train_1010_sad.jpg,2
train_1010_surprise.jpg,1
train_1011_angry.jpg,3
train_1011_fear.jpg,5
train_1011_happy.jpg,0
train_1011_neutral.jpg,6
train_1011_sad.jpg,2
train_1011_surprise.jpg,1
train_1012_angry.jpg,3
train_1012_fear.jpg,5
train_1012_happy.jpg,0
train_1012_neutral.jpg,6
train_1012_sad.jpg,2
train_1012_surprise.jpg,1
train_1013_angry.jpg,3
train_1013_fear.jpg,5
train_1013_happy.jpg,0
train_1013_neutral.jpg,6
train_1013_sad.jpg,2
train_1013_surprise.jpg,1
train_1014_angry.jpg,3
train_1014_fear.jpg,5
train_1014_happy.jpg,0
train_1014_neutral.jpg,6
train_1014_sad.jpg,2
train_1014_surprise.jpg,1
train_1015_angry.jpg,3
train_1015_fear.jpg,5
train_1015_happy.jpg,0
train_1015_neutral.jpg,6
train_1015_sad.jpg,2
train_1015_surprise.jpg,1
train_1016_angry.jpg,3
train_1016_fear.jpg,5
train_1016_happy.jpg,0
train_1016_neutral.jpg,6
train_1016_sad.jpg,2
train_1016_surprise.jpg,1
train_1017_angry.jpg,3
train_1017_fear.jpg,5
train_1017_happy.jpg,0
train_1017_neutral.jpg,6
train_1017_sad.jpg,2
train_1017_surprise.jpg,1
train_1018_angry.jpg,3
train_1018_fear.jpg,5
train_1018_happy.jpg,0
train_1018_neutral.jpg,6
train_1018_sad.jpg,2
train_1018_surprise.jpg,1
train_1019_angry.jpg,3
train_1019_fear.jpg,5
train_1019_happy.jpg,0
train_1019_neutral.jpg,6
train_1019_sad.jpg,2
train_1019_surprise.jpg,1
train_101_angry.jpg,3
train_101_disgust.jpg,4
train_101_fear.jpg,5
train_101_happy.jpg,0
train_101_neutral.jpg,6
train_101_sad.jpg,2
train_101_surprise.jpg,1
train_1020_angry.jpg,3
train_1020_fear.jpg,5
train_1020_happy.jpg,0
train_1020_neutral.jpg,6
train_1020_sad.jpg,2
train_1020_surprise.jpg,1
train_1021_angry.jpg,3
train_1021_fear.jpg,5
train_1021_happy.jpg,0
train_1021_neutral.jpg,6
train_1021_sad.jpg,2
train_1021_surprise.jpg,1
train_1022_angry.jpg,3
train_1022_fear.jpg,5
train_1022_happy.jpg,0
train_1022_neutral.jpg,6
train_1022_sad.jpg,2
train_1022_surprise.jpg,1
train_1023_angry.jpg,3
train_1023_fear.jpg,5
train_1023_happy.jpg,0
train_1023_neutral.jpg,6
train_1023_sad.jpg,2
train_1023_surprise.jpg,1
train_1024_angry.jpg,3
train_1024_fear.jpg,5
train_1024_happy.jpg,0
train_1024_neutral.jpg,6
train_1024_sad.jpg,2
train_1024_surprise.jpg,1
train_1025_angry.jpg,3
train_1025_fear.jpg,5
train_1025_happy.jpg,0
train_1025_neutral.jpg,6
train_1025_sad.jpg,2
train_1025_surprise.jpg,1
train_1026_angry.jpg,3
train_1026_fear.jpg,5
train_1026_happy.jpg,0
train_1026_neutral.jpg,6
train_1026_sad.jpg,2
train_1026_surprise.jpg,1
train_1027_angry.jpg,3
train_1027_fear.jpg,5
train_1027_happy.jpg,0
train_1027_neutral.jpg,6
train_1027_sad.jpg,2
train_1027_surprise.jpg,1
train_1028_angry.jpg,3
train_1028_fear.jpg,5
train_1028_happy.jpg,0
train_1028_neutral.jpg,6
train_1028_sad.jpg,2
train_1028_surprise.jpg,1
train_1029_angry.jpg,3
train_1029_fear.jpg,5
train_1029_happy.jpg,0
train_1029_neutral.jpg,6
train_1029_sad.jpg,2
train_1029_surprise.jpg,1
train_102_angry.jpg,3
train_102_disgust.jpg,4
train_102_fear.jpg,5
train_102_happy.jpg,0
train_102_neutral.jpg,6
train_102_sad.jpg,2
train_102_surprise.jpg,1
train_1030_angry.jpg,3
train_1030_fear.jpg,5
train_1030_happy.jpg,0
train_1030_neutral.jpg,6
train_1030_sad.jpg,2
train_1030_surprise.jpg,1
train_1031_angry.jpg,3
train_1031_fear.jpg,5
train_1031_happy.jpg,0
train_1031_neutral.jpg,6
train_1031_sad.jpg,2
train_1031_surprise.jpg,1
train_1032_angry.jpg,3
train_1032_fear.jpg,5
train_1032_happy.jpg,0
train_1032_neutral.jpg,6
train_1032_sad.jpg,2
train_1032_surprise.jpg,1
train_1033_angry.jpg,3
train_1033_fear.jpg,5
train_1033_happy.jpg,0
train_1033_neutral.jpg,6
train_1033_sad.jpg,2
train_1033_surprise.jpg,1
train_1034_angry.jpg,3
train_1034_fear.jpg,5
train_1034_happy.jpg,0
train_1034_neutral.jpg,6
train_1034_sad.jpg,2
train_1034_surprise.jpg,1
train_1035_angry.jpg,3
train_1035_fear.jpg,5
train_1035_happy.jpg,0
train_1035_neutral.jpg,6
train_1035_sad.jpg,2
train_1035_surprise.jpg,1
train_1036_angry.jpg,3
train_1036_fear.jpg,5
train_1036_happy.jpg,0
train_1036_neutral.jpg,6
train_1036_sad.jpg,2
train_1036_surprise.jpg,1
train_1037_angry.jpg,3
train_1037_fear.jpg,5
train_1037_happy.jpg,0
train_1037_neutral.jpg,6
train_1037_sad.jpg,2
train_1037_surprise.jpg,1
train_1038_angry.jpg,3
train_1038_fear.jpg,5
train_1038_happy.jpg,0
train_1038_neutral.jpg,6
train_1038_sad.jpg,2
train_1038_surprise.jpg,1
train_1039_angry.jpg,3
train_1039_fear.jpg,5
train_1039_happy.jpg,0
train_1039_neutral.jpg,6
train_1039_sad.jpg,2
train_1039_surprise.jpg,1
train_103_angry.jpg,3
train_103_disgust.jpg,4
train_103_fear.jpg,5
train_103_happy.jpg,0
train_103_neutral.jpg,6
train_103_sad.jpg,2
train_103_surprise.jpg,1
train_1040_angry.jpg,3
train_1040_fear.jpg,5
train_1040_happy.jpg,0
train_1040_neutral.jpg,6
train_1040_sad.jpg,2
train_1040_surprise.jpg,1
train_1041_angry.jpg,3
train_1041_fear.jpg,5
train_1041_happy.jpg,0
train_1041_neutral.jpg,6
train_1041_sad.jpg,2
train_1041_surprise.jpg,1
train_1042_angry.jpg,3
train_1042_fear.jpg,5
train_1042_happy.jpg,0
train_1042_neutral.jpg,6
train_1042_sad.jpg,2
train_1042_surprise.jpg,1
train_1043_angry.jpg,3
train_1043_fear.jpg,5
train_1043_happy.jpg,0
train_1043_neutral.jpg,6
train_1043_sad.jpg,2
train_1043_surprise.jpg,1
train_1044_angry.jpg,3
train_1044_fear.jpg,5
train_1044_happy.jpg,0
train_1044_neutral.jpg,6
train_1044_sad.jpg,2
train_1044_surprise.jpg,1
train_1045_angry.jpg,3
train_1045_fear.jpg,5
train_1045_happy.jpg,0
train_1045_neutral.jpg,6
train_1045_sad.jpg,2
train_1045_surprise.jpg,1
train_1046_angry.jpg,3
train_1046_fear.jpg,5
train_1046_happy.jpg,0
train_1046_neutral.jpg,6
train_1046_sad.jpg,2
train_1046_surprise.jpg,1
train_1047_angry.jpg,3
train_1047_fear.jpg,5
train_1047_happy.jpg,0
train_1047_neutral.jpg,6
train_1047_sad.jpg,2
train_1047_surprise.jpg,1
train_1048_angry.jpg,3
train_1048_fear.jpg,5
train_1048_happy.jpg,0
train_1048_neutral.jpg,6
train_1048_sad.jpg,2
train_1048_surprise.jpg,1
train_1049_angry.jpg,3
train_1049_fear.jpg,5
train_1049_happy.jpg,0
train_1049_neutral.jpg,6
train_1049_sad.jpg,2
train_1049_surprise.jpg,1
train_104_angry.jpg,3
train_104_disgust.jpg,4
train_104_fear.jpg,5
train_104_happy.jpg,0
train_104_neutral.jpg,6
train_104_sad.jpg,2
train_104_surprise.jpg,1
train_1050_angry.jpg,3
train_1050_fear.jpg,5
train_1050_happy.jpg,0
train_1050_neutral.jpg,6
train_1050_sad.jpg,2
train_1050_surprise.jpg,1
train_1051_angry.jpg,3
train_1051_fear.jpg,5
train_1051_happy.jpg,0
train_1051_neutral.jpg,6
train_1051_sad.jpg,2
train_1051_surprise.jpg,1
train_1052_angry.jpg,3
train_1052_fear.jpg,5
train_1052_happy.jpg,0
train_1052_neutral.jpg,6
train_1052_sad.jpg,2
train_1052_surprise.jpg,1
train_1053_angry.jpg,3
train_1053_fear.jpg,5
train_1053_happy.jpg,0
train_1053_neutral.jpg,6
train_1053_sad.jpg,2
train_1053_surprise.jpg,1
train_1054_angry.jpg,3
train_1054_fear.jpg,5
train_1054_happy.jpg,0
train_1054_neutral.jpg,6
train_1054_sad.jpg,2
train_1054_surprise.jpg,1
train_1055_angry.jpg,3
train_1055_fear.jpg,5
train_1055_happy.jpg,0
train_1055_neutral.jpg,6
train_1055_sad.jpg,2
train_1055_surprise.jpg,1
train_1056_angry.jpg,3
train_1056_fear.jpg,5
train_1056_happy.jpg,0
train_1056_neutral.jpg,6
train_1056_sad.jpg,2
train_1056_surprise.jpg,1
train_1057_angry.jpg,3
train_1057_fear.jpg,5
train_1057_happy.jpg,0
train_1057_neutral.jpg,6
train_1057_sad.jpg,2
train_1057_surprise.jpg,1
train_1058_angry.jpg,3
train_1058_fear.jpg,5
train_1058_happy.jpg,0
train_1058_neutral.jpg,6
train_1058_sad.jpg,2
train_1058_surprise.jpg,1
train_1059_angry.jpg,3
train_1059_fear.jpg,5
train_1059_happy.jpg,0
train_1059_neutral.jpg,6
train_1059_sad.jpg,2
train_1059_surprise.jpg,1
train_105_angry.jpg,3
train_105_disgust.jpg,4
train_105_fear.jpg,5
train_105_happy.jpg,0
train_105_neutral.jpg,6
train_105_sad.jpg,2
train_105_surprise.jpg,1
train_1060_angry.jpg,3
train_1060_fear.jpg,5
train_1060_happy.jpg,0
train_1060_neutral.jpg,6
train_1060_sad.jpg,2
train_1060_surprise.jpg,1
train_1061_angry.jpg,3
train_1061_fear.jpg,5
train_1061_happy.jpg,0
train_1061_neutral.jpg,6
train_1061_sad.jpg,2
train_1061_surprise.jpg,1
train_1062_angry.jpg,3
train_1062_fear.jpg,5
train_1062_happy.jpg,0
train_1062_neutral.jpg,6
train_1062_sad.jpg,2
train_1062_surprise.jpg,1
train_1063_angry.jpg,3
train_1063_fear.jpg,5
train_1063_happy.jpg,0
train_1063_neutral.jpg,6
train_1063_sad.jpg,2
train_1063_surprise.jpg,1
train_1064_angry.jpg,3
train_1064_fear.jpg,5
train_1064_happy.jpg,0
train_1064_neutral.jpg,6
train_1064_sad.jpg,2
train_1064_surprise.jpg,1
train_1065_angry.jpg,3
train_1065_fear.jpg,5
train_1065_happy.jpg,0
train_1065_neutral.jpg,6
train_1065_sad.jpg,2
train_1065_surprise.jpg,1
train_1066_angry.jpg,3
train_1066_fear.jpg,5
train_1066_happy.jpg,0
train_1066_neutral.jpg,6
train_1066_sad.jpg,2
train_1066_surprise.jpg,1
train_1067_angry.jpg,3
train_1067_fear.jpg,5
train_1067_happy.jpg,0
train_1067_neutral.jpg,6
train_1067_sad.jpg,2
train_1067_surprise.jpg,1
train_1068_angry.jpg,3
train_1068_fear.jpg,5
train_1068_happy.jpg,0
train_1068_neutral.jpg,6
train_1068_sad.jpg,2
train_1068_surprise.jpg,1
train_1069_angry.jpg,3
train_1069_fear.jpg,5
train_1069_happy.jpg,0
train_1069_neutral.jpg,6
train_1069_sad.jpg,2
train_1069_surprise.jpg,1
train_106_angry.jpg,3
train_106_disgust.jpg,4
train_106_fear.jpg,5
train_106_happy.jpg,0
train_106_neutral.jpg,6
train_106_sad.jpg,2
train_106_surprise.jpg,1
train_1070_angry.jpg,3
train_1070_fear.jpg,5
train_1070_happy.jpg,0
train_1070_neutral.jpg,6
train_1070_sad.jpg,2
train_1070_surprise.jpg,1
train_1071_angry.jpg,3
train_1071_fear.jpg,5
train_1071_happy.jpg,0
train_1071_neutral.jpg,6
train_1071_sad.jpg,2
train_1071_surprise.jpg,1
train_1072_angry.jpg,3
train_1072_fear.jpg,5
train_1072_happy.jpg,0
train_1072_neutral.jpg,6
train_1072_sad.jpg,2
train_1072_surprise.jpg,1
train_1073_angry.jpg,3
train_1073_fear.jpg,5
train_1073_happy.jpg,0
train_1073_neutral.jpg,6
train_1073_sad.jpg,2
train_1073_surprise.jpg,1
train_1074_angry.jpg,3
train_1074_fear.jpg,5
train_1074_happy.jpg,0
train_1074_neutral.jpg,6
train_1074_sad.jpg,2
train_1074_surprise.jpg,1
train_1075_angry.jpg,3
train_1075_fear.jpg,5
train_1075_happy.jpg,0
train_1075_neutral.jpg,6
train_1075_sad.jpg,2
train_1075_surprise.jpg,1
train_1076_angry.jpg,3
train_1076_fear.jpg,5
train_1076_happy.jpg,0
train_1076_neutral.jpg,6
train_1076_sad.jpg,2
train_1076_surprise.jpg,1
train_1077_angry.jpg,3
train_1077_fear.jpg,5
train_1077_happy.jpg,0
train_1077_neutral.jpg,6
train_1077_sad.jpg,2
train_1077_surprise.jpg,1
train_1078_angry.jpg,3
train_1078_fear.jpg,5
train_1078_happy.jpg,0
train_1078_neutral.jpg,6
train_1078_sad.jpg,2
train_1078_surprise.jpg,1
train_1079_angry.jpg,3
train_1079_fear.jpg,5
train_1079_happy.jpg,0
train_1079_neutral.jpg,6
train_1079_sad.jpg,2
train_1079_surprise.jpg,1
train_107_angry.jpg,3
train_107_disgust.jpg,4
train_107_fear.jpg,5
train_107_happy.jpg,0
train_107_neutral.jpg,6
train_107_sad.jpg,2
train_107_surprise.jpg,1
train_1080_angry.jpg,3
train_1080_fear.jpg,5
train_1080_happy.jpg,0
train_1080_neutral.jpg,6
train_1080_sad.jpg,2
train_1080_surprise.jpg,1
train_1081_angry.jpg,3
train_1081_fear.jpg,5
train_1081_happy.jpg,0
train_1081_neutral.jpg,6
train_1081_sad.jpg,2
train_1081_surprise.jpg,1
train_1082_angry.jpg,3
train_1082_fear.jpg,5
train_1082_happy.jpg,0
train_1082_neutral.jpg,6
train_1082_sad.jpg,2
train_1082_surprise.jpg,1
train_1083_angry.jpg,3
train_1083_fear.jpg,5
train_1083_happy.jpg,0
train_1083_neutral.jpg,6
train_1083_sad.jpg,2
train_1083_surprise.jpg,1
train_1084_angry.jpg,3
train_1084_fear.jpg,5
train_1084_happy.jpg,0
train_1084_neutral.jpg,6
train_1084_sad.jpg,2
train_1084_surprise.jpg,1
train_1085_angry.jpg,3
train_1085_fear.jpg,5
train_1085_happy.jpg,0
train_1085_neutral.jpg,6
train_1085_sad.jpg,2
train_1085_surprise.jpg,1
train_1086_angry.jpg,3
train_1086_fear.jpg,5
train_1086_happy.jpg,0
train_1086_neutral.jpg,6
train_1086_sad.jpg,2
train_1086_surprise.jpg,1
train_1087_angry.jpg,3
train_1087_fear.jpg,5
train_1087_happy.jpg,0
train_1087_neutral.jpg,6
train_1087_sad.jpg,2
train_1087_surprise.jpg,1
train_1088_angry.jpg,3
train_1088_fear.jpg,5
train_1088_happy.jpg,0
train_1088_neutral.jpg,6
train_1088_sad.jpg,2
train_1088_surprise.jpg,1
train_1089_angry.jpg,3
train_1089_fear.jpg,5
train_1089_happy.jpg,0
train_1089_neutral.jpg,6
train_1089_sad.jpg,2
train_1089_surprise.jpg,1
train_108_angry.jpg,3
train_108_disgust.jpg,4
train_108_fear.jpg,5
train_108_happy.jpg,0
train_108_neutral.jpg,6
train_108_sad.jpg,2
train_108_surprise.jpg,1
train_1090_angry.jpg,3
train_1090_fear.jpg,5
train_1090_happy.jpg,0
train_1090_neutral.jpg,6
train_1090_sad.jpg,2
train_1090_surprise.jpg,1
train_1091_angry.jpg,3
train_1091_fear.jpg,5
train_1091_happy.jpg,0
train_1091_neutral.jpg,6
train_1091_sad.jpg,2
train_1091_surprise.jpg,1
train_1092_angry.jpg,3
train_1092_fear.jpg,5
train_1092_happy.jpg,0
train_1092_neutral.jpg,6
train_1092_sad.jpg,2
train_1092_surprise.jpg,1
train_1093_angry.jpg,3
train_1093_fear.jpg,5
train_1093_happy.jpg,0
train_1093_neutral.jpg,6
train_1093_sad.jpg,2
train_1093_surprise.jpg,1
train_1094_angry.jpg,3
train_1094_fear.jpg,5
train_1094_happy.jpg,0
train_1094_neutral.jpg,6
train_1094_sad.jpg,2
train_1094_surprise.jpg,1
train_1095_angry.jpg,3
train_1095_fear.jpg,5
train_1095_happy.jpg,0
train_1095_neutral.jpg,6
train_1095_sad.jpg,2
train_1095_surprise.jpg,1
train_1096_angry.jpg,3
train_1096_fear.jpg,5
train_1096_happy.jpg,0
train_1096_neutral.jpg,6
train_1096_sad.jpg,2
train_1096_surprise.jpg,1
train_1097_angry.jpg,3
train_1097_fear.jpg,5
train_1097_happy.jpg,0
train_1097_neutral.jpg,6
train_1097_sad.jpg,2
train_1097_surprise.jpg,1
train_1098_angry.jpg,3
train_1098_fear.jpg,5
train_1098_happy.jpg,0
train_1098_neutral.jpg,6
train_1098_sad.jpg,2
train_1098_surprise.jpg,1
train_1099_angry.jpg,3
train_1099_fear.jpg,5
train_1099_happy.jpg,0
train_1099_neutral.jpg,6
train_1099_sad.jpg,2
train_1099_surprise.jpg,1
train_109_angry.jpg,3
train_109_disgust.jpg,4
train_109_fear.jpg,5
train_109_happy.jpg,0
train_109_neutral.jpg,6
train_109_sad.jpg,2
train_109_surprise.jpg,1
train_10_angry.jpg,3
train_10_disgust.jpg,4
train_10_fear.jpg,5
train_10_happy.jpg,0
train_10_neutral.jpg,6
train_10_sad.jpg,2
train_10_surprise.jpg,1
train_1100_angry.jpg,3
train_1100_fear.jpg,5
train_1100_happy.jpg,0
train_1100_neutral.jpg,6
train_1100_sad.jpg,2
train_1100_surprise.jpg,1
train_1101_angry.jpg,3
train_1101_fear.jpg,5
train_1101_happy.jpg,0
train_1101_neutral.jpg,6
train_1101_sad.jpg,2
train_1101_surprise.jpg,1
train_1102_angry.jpg,3
train_1102_fear.jpg,5
train_1102_happy.jpg,0
train_1102_neutral.jpg,6
train_1102_sad.jpg,2
train_1102_surprise.jpg,1
train_1103_angry.jpg,3
train_1103_fear.jpg,5
train_1103_happy.jpg,0
train_1103_neutral.jpg,6
train_1103_sad.jpg,2
train_1103_surprise.jpg,1
train_1104_angry.jpg,3
train_1104_fear.jpg,5
train_1104_happy.jpg,0
train_1104_neutral.jpg,6
train_1104_sad.jpg,2
train_1104_surprise.jpg,1
train_1105_angry.jpg,3
train_1105_fear.jpg,5
train_1105_happy.jpg,0
train_1105_neutral.jpg,6
train_1105_sad.jpg,2
train_1105_surprise.jpg,1
train_1106_angry.jpg,3
train_1106_fear.jpg,5
train_1106_happy.jpg,0
train_1106_neutral.jpg,6
train_1106_sad.jpg,2
train_1106_surprise.jpg,1
train_1107_angry.jpg,3
train_1107_fear.jpg,5
train_1107_happy.jpg,0
train_1107_neutral.jpg,6
train_1107_sad.jpg,2
train_1107_surprise.jpg,1
train_1108_angry.jpg,3
train_1108_fear.jpg,5
train_1108_happy.jpg,0
train_1108_neutral.jpg,6
train_1108_sad.jpg,2
train_1108_surprise.jpg,1
train_1109_angry.jpg,3
train_1109_fear.jpg,5
train_1109_happy.jpg,0
train_1109_neutral.jpg,6
train_1109_sad.jpg,2
train_1109_surprise.jpg,1
train_110_angry.jpg,3
train_110_disgust.jpg,4
train_110_fear.jpg,5
train_110_happy.jpg,0
train_110_neutral.jpg,6
train_110_sad.jpg,2
train_110_surprise.jpg,1
train_1110_angry.jpg,3
train_1110_fear.jpg,5
train_1110_happy.jpg,0
train_1110_neutral.jpg,6
train_1110_sad.jpg,2
train_1110_surprise.jpg,1
train_1111_angry.jpg,3
train_1111_fear.jpg,5
train_1111_happy.jpg,0
train_1111_neutral.jpg,6
train_1111_sad.jpg,2
train_1111_surprise.jpg,1
train_1112_angry.jpg,3
train_1112_fear.jpg,5
train_1112_happy.jpg,0
train_1112_neutral.jpg,6
train_1112_sad.jpg,2
train_1112_surprise.jpg,1
train_1113_angry.jpg,3
train_1113_fear.jpg,5
train_1113_happy.jpg,0
train_1113_neutral.jpg,6
train_1113_sad.jpg,2
train_1113_surprise.jpg,1
train_1114_angry.jpg,3
train_1114_fear.jpg,5
train_1114_happy.jpg,0
train_1114_neutral.jpg,6
train_1114_sad.jpg,2
train_1114_surprise.jpg,1
train_1115_angry.jpg,3
train_1115_fear.jpg,5
train_1115_happy.jpg,0
train_1115_neutral.jpg,6
train_1115_sad.jpg,2
train_1115_surprise.jpg,1
train_1116_angry.jpg,3
train_1116_fear.jpg,5
train_1116_happy.jpg,0
train_1116_neutral.jpg,6
train_1116_sad.jpg,2
train_1116_surprise.jpg,1
train_1117_angry.jpg,3
train_1117_fear.jpg,5
train_1117_happy.jpg,0
train_1117_neutral.jpg,6
train_1117_sad.jpg,2
train_1117_surprise.jpg,1
train_1118_angry.jpg,3
train_1118_fear.jpg,5
train_1118_happy.jpg,0
train_1118_neutral.jpg,6
train_1118_sad.jpg,2
train_1118_surprise.jpg,1
train_1119_angry.jpg,3
train_1119_fear.jpg,5
train_1119_happy.jpg,0
train_1119_neutral.jpg,6
train_1119_sad.jpg,2
train_1119_surprise.jpg,1
train_111_angry.jpg,3
train_111_disgust.jpg,4
train_111_fear.jpg,5
train_111_happy.jpg,0
train_111_neutral.jpg,6
train_111_sad.jpg,2
train_111_surprise.jpg,1
train_1120_angry.jpg,3
train_1120_fear.jpg,5
train_1120_happy.jpg,0
train_1120_neutral.jpg,6
train_1120_sad.jpg,2
train_1120_surprise.jpg,1
train_1121_angry.jpg,3
train_1121_fear.jpg,5
train_1121_happy.jpg,0
train_1121_neutral.jpg,6
train_1121_sad.jpg,2
train_1121_surprise.jpg,1
train_1122_angry.jpg,3
train_1122_fear.jpg,5
train_1122_happy.jpg,0
train_1122_neutral.jpg,6
train_1122_sad.jpg,2
train_1122_surprise.jpg,1
train_1123_angry.jpg,3
train_1123_fear.jpg,5
train_1123_happy.jpg,0
train_1123_neutral.jpg,6
train_1123_sad.jpg,2
train_1123_surprise.jpg,1
train_1124_angry.jpg,3
train_1124_fear.jpg,5
train_1124_happy.jpg,0
train_1124_neutral.jpg,6
train_1124_sad.jpg,2
train_1124_surprise.jpg,1
train_1125_angry.jpg,3
train_1125_fear.jpg,5
train_1125_happy.jpg,0
train_1125_neutral.jpg,6
train_1125_sad.jpg,2
train_1125_surprise.jpg,1
train_1126_angry.jpg,3
train_1126_fear.jpg,5
train_1126_happy.jpg,0
train_1126_neutral.jpg,6
train_1126_sad.jpg,2
train_1126_surprise.jpg,1
train_1127_angry.jpg,3
train_1127_fear.jpg,5
train_1127_happy.jpg,0
train_1127_neutral.jpg,6
train_1127_sad.jpg,2
train_1127_surprise.jpg,1
train_1128_angry.jpg,3
train_1128_fear.jpg,5
train_1128_happy.jpg,0
train_1128_neutral.jpg,6
train_1128_sad.jpg,2
train_1128_surprise.jpg,1
train_1129_angry.jpg,3
train_1129_fear.jpg,5
train_1129_happy.jpg,0
train_1129_neutral.jpg,6
train_1129_sad.jpg,2
train_1129_surprise.jpg,1
train_112_angry.jpg,3
train_112_disgust.jpg,4
train_112_fear.jpg,5
train_112_happy.jpg,0
train_112_neutral.jpg,6
train_112_sad.jpg,2
train_112_surprise.jpg,1
train_1130_angry.jpg,3
train_1130_fear.jpg,5
train_1130_happy.jpg,0
train_1130_neutral.jpg,6
train_1130_sad.jpg,2
train_1130_surprise.jpg,1
train_1131_angry.jpg,3
train_1131_fear.jpg,5
train_1131_happy.jpg,0
train_1131_neutral.jpg,6
train_1131_sad.jpg,2
train_1131_surprise.jpg,1
train_1132_angry.jpg,3
train_1132_fear.jpg,5
train_1132_happy.jpg,0
train_1132_neutral.jpg,6
train_1132_sad.jpg,2
train_1132_surprise.jpg,1
train_1133_angry.jpg,3
train_1133_fear.jpg,5
train_1133_happy.jpg,0
train_1133_neutral.jpg,6
train_1133_sad.jpg,2
train_1133_surprise.jpg,1
train_1134_angry.jpg,3
train_1134_fear.jpg,5
train_1134_happy.jpg,0
train_1134_neutral.jpg,6
train_1134_sad.jpg,2
train_1134_surprise.jpg,1
train_1135_angry.jpg,3
train_1135_fear.jpg,5
train_1135_happy.jpg,0
train_1135_neutral.jpg,6
train_1135_sad.jpg,2
train_1135_surprise.jpg,1
train_1136_angry.jpg,3
train_1136_fear.jpg,5
train_1136_happy.jpg,0
train_1136_neutral.jpg,6
train_1136_sad.jpg,2
train_1136_surprise.jpg,1
train_1137_angry.jpg,3
train_1137_fear.jpg,5
train_1137_happy.jpg,0
train_1137_neutral.jpg,6
train_1137_sad.jpg,2
train_1137_surprise.jpg,1
train_1138_angry.jpg,3
train_1138_fear.jpg,5
train_1138_happy.jpg,0
train_1138_neutral.jpg,6
train_1138_sad.jpg,2
train_1138_surprise.jpg,1
train_1139_angry.jpg,3
train_1139_fear.jpg,5
train_1139_happy.jpg,0
train_1139_neutral.jpg,6
train_1139_sad.jpg,2
train_1139_surprise.jpg,1
train_113_angry.jpg,3
train_113_disgust.jpg,4
train_113_fear.jpg,5
train_113_happy.jpg,0
train_113_neutral.jpg,6
train_113_sad.jpg,2
train_113_surprise.jpg,1
train_1140_angry.jpg,3
train_1140_fear.jpg,5
train_1140_happy.jpg,0
train_1140_neutral.jpg,6
train_1140_sad.jpg,2
train_1140_surprise.jpg,1
train_1141_angry.jpg,3
train_1141_fear.jpg,5
train_1141_happy.jpg,0
train_1141_neutral.jpg,6
train_1141_sad.jpg,2
train_1141_surprise.jpg,1
train_1142_angry.jpg,3
train_1142_fear.jpg,5
train_1142_happy.jpg,0
train_1142_neutral.jpg,6
train_1142_sad.jpg,2
train_1142_surprise.jpg,1
train_1143_angry.jpg,3
train_1143_fear.jpg,5
train_1143_happy.jpg,0
train_1143_neutral.jpg,6
train_1143_sad.jpg,2
train_1143_surprise.jpg,1
train_1144_angry.jpg,3
train_1144_fear.jpg,5
train_1144_happy.jpg,0
train_1144_neutral.jpg,6
train_1144_sad.jpg,2
train_1144_surprise.jpg,1
train_1145_angry.jpg,3
train_1145_fear.jpg,5
train_1145_happy.jpg,0
train_1145_neutral.jpg,6
train_1145_sad.jpg,2
train_1145_surprise.jpg,1
train_1146_angry.jpg,3
train_1146_fear.jpg,5
train_1146_happy.jpg,0
train_1146_neutral.jpg,6
train_1146_sad.jpg,2
train_1146_surprise.jpg,1
train_1147_angry.jpg,3
train_1147_fear.jpg,5
train_1147_happy.jpg,0
train_1147_neutral.jpg,6
train_1147_sad.jpg,2
train_1147_surprise.jpg,1
train_1148_angry.jpg,3
train_1148_fear.jpg,5
train_1148_happy.jpg,0
train_1148_neutral.jpg,6
train_1148_sad.jpg,2
train_1148_surprise.jpg,1
train_1149_angry.jpg,3
train_1149_fear.jpg,5
train_1149_happy.jpg,0
train_1149_neutral.jpg,6
train_1149_sad.jpg,2
train_1149_surprise.jpg,1
train_114_angry.jpg,3
train_114_disgust.jpg,4
train_114_fear.jpg,5
train_114_happy.jpg,0
train_114_neutral.jpg,6
train_114_sad.jpg,2
train_114_surprise.jpg,1
train_1150_angry.jpg,3
train_1150_fear.jpg,5
train_1150_happy.jpg,0
train_1150_neutral.jpg,6
train_1150_sad.jpg,2
train_1150_surprise.jpg,1
train_1151_angry.jpg,3
train_1151_fear.jpg,5
train_1151_happy.jpg,0
train_1151_neutral.jpg,6
train_1151_sad.jpg,2
train_1151_surprise.jpg,1
train_1152_angry.jpg,3
train_1152_fear.jpg,5
train_1152_happy.jpg,0
train_1152_neutral.jpg,6
train_1152_sad.jpg,2
train_1152_surprise.jpg,1
train_1153_angry.jpg,3
train_1153_fear.jpg,5
train_1153_happy.jpg,0
train_1153_neutral.jpg,6
train_1153_sad.jpg,2
train_1153_surprise.jpg,1
train_1154_angry.jpg,3
train_1154_fear.jpg,5
train_1154_happy.jpg,0
train_1154_neutral.jpg,6
train_1154_sad.jpg,2
train_1154_surprise.jpg,1
train_1155_angry.jpg,3
train_1155_fear.jpg,5
train_1155_happy.jpg,0
train_1155_neutral.jpg,6
train_1155_sad.jpg,2
train_1155_surprise.jpg,1
train_1156_angry.jpg,3
train_1156_fear.jpg,5
train_1156_happy.jpg,0
train_1156_neutral.jpg,6
train_1156_sad.jpg,2
train_1156_surprise.jpg,1
train_1157_angry.jpg,3
train_1157_fear.jpg,5
train_1157_happy.jpg,0
train_1157_neutral.jpg,6
train_1157_sad.jpg,2
train_1157_surprise.jpg,1
train_1158_angry.jpg,3
train_1158_fear.jpg,5
train_1158_happy.jpg,0
train_1158_neutral.jpg,6
train_1158_sad.jpg,2
train_1158_surprise.jpg,1
train_1159_angry.jpg,3
train_1159_fear.jpg,5
train_1159_happy.jpg,0
train_1159_neutral.jpg,6
train_1159_sad.jpg,2
train_1159_surprise.jpg,1
train_115_angry.jpg,3
train_115_disgust.jpg,4
train_115_fear.jpg,5
train_115_happy.jpg,0
train_115_neutral.jpg,6
train_115_sad.jpg,2
train_115_surprise.jpg,1
train_1160_angry.jpg,3
train_1160_fear.jpg,5
train_1160_happy.jpg,0
train_1160_neutral.jpg,6
train_1160_sad.jpg,2
train_1160_surprise.jpg,1
train_1161_angry.jpg,3
train_1161_fear.jpg,5
train_1161_happy.jpg,0
train_1161_neutral.jpg,6
train_1161_sad.jpg,2
train_1161_surprise.jpg,1
train_1162_angry.jpg,3
train_1162_fear.jpg,5
train_1162_happy.jpg,0
train_1162_neutral.jpg,6
train_1162_sad.jpg,2
train_1162_surprise.jpg,1
train_1163_angry.jpg,3
train_1163_fear.jpg,5
train_1163_happy.jpg,0
train_1163_neutral.jpg,6
train_1163_sad.jpg,2
train_1163_surprise.jpg,1
train_1164_angry.jpg,3
train_1164_fear.jpg,5
train_1164_happy.jpg,0
train_1164_neutral.jpg,6
train_1164_sad.jpg,2
train_1164_surprise.jpg,1
train_1165_angry.jpg,3
train_1165_fear.jpg,5
train_1165_happy.jpg,0
train_1165_neutral.jpg,6
train_1165_sad.jpg,2
train_1165_surprise.jpg,1
train_1166_angry.jpg,3
train_1166_fear.jpg,5
train_1166_happy.jpg,0
train_1166_neutral.jpg,6
train_1166_sad.jpg,2
train_1166_surprise.jpg,1
train_1167_angry.jpg,3
train_1167_fear.jpg,5
train_1167_happy.jpg,0
train_1167_neutral.jpg,6
train_1167_sad.jpg,2
train_1167_surprise.jpg,1
train_1168_angry.jpg,3
train_1168_fear.jpg,5
train_1168_happy.jpg,0
train_1168_neutral.jpg,6
train_1168_sad.jpg,2
train_1168_surprise.jpg,1
train_1169_angry.jpg,3
train_1169_fear.jpg,5
train_1169_happy.jpg,0
train_1169_neutral.jpg,6
train_1169_sad.jpg,2
train_1169_surprise.jpg,1
train_116_angry.jpg,3
train_116_disgust.jpg,4
train_116_fear.jpg,5
train_116_happy.jpg,0
train_116_neutral.jpg,6
train_116_sad.jpg,2
train_116_surprise.jpg,1
train_1170_angry.jpg,3
train_1170_fear.jpg,5
train_1170_happy.jpg,0
train_1170_neutral.jpg,6
train_1170_sad.jpg,2
train_1170_surprise.jpg,1
train_1171_angry.jpg,3
train_1171_fear.jpg,5
train_1171_happy.jpg,0
train_1171_neutral.jpg,6
train_1171_sad.jpg,2
train_1171_surprise.jpg,1
train_1172_angry.jpg,3
train_1172_fear.jpg,5
train_1172_happy.jpg,0
train_1172_neutral.jpg,6
train_1172_sad.jpg,2
train_1172_surprise.jpg,1
train_1173_angry.jpg,3
train_1173_fear.jpg,5
train_1173_happy.jpg,0
train_1173_neutral.jpg,6
train_1173_sad.jpg,2
train_1173_surprise.jpg,1
train_1174_angry.jpg,3
train_1174_fear.jpg,5
train_1174_happy.jpg,0
train_1174_neutral.jpg,6
train_1174_sad.jpg,2
train_1174_surprise.jpg,1
train_1175_angry.jpg,3
train_1175_fear.jpg,5
train_1175_happy.jpg,0
train_1175_neutral.jpg,6
train_1175_sad.jpg,2
train_1175_surprise.jpg,1
train_1176_angry.jpg,3
train_1176_fear.jpg,5
train_1176_happy.jpg,0
train_1176_neutral.jpg,6
train_1176_sad.jpg,2
train_1176_surprise.jpg,1
train_1177_angry.jpg,3
train_1177_fear.jpg,5
train_1177_happy.jpg,0
train_1177_neutral.jpg,6
train_1177_sad.jpg,2
train_1177_surprise.jpg,1
train_1178_angry.jpg,3
train_1178_fear.jpg,5
train_1178_happy.jpg,0
train_1178_neutral.jpg,6
train_1178_sad.jpg,2
train_1178_surprise.jpg,1
train_1179_angry.jpg,3
train_1179_fear.jpg,5
train_1179_happy.jpg,0
train_1179_neutral.jpg,6
train_1179_sad.jpg,2
train_1179_surprise.jpg,1
train_117_angry.jpg,3
train_117_disgust.jpg,4
train_117_fear.jpg,5
train_117_happy.jpg,0
train_117_neutral.jpg,6
train_117_sad.jpg,2
train_117_surprise.jpg,1
train_1180_angry.jpg,3
train_1180_fear.jpg,5
train_1180_happy.jpg,0
train_1180_neutral.jpg,6
train_1180_sad.jpg,2
train_1180_surprise.jpg,1
train_1181_angry.jpg,3
train_1181_fear.jpg,5
train_1181_happy.jpg,0
train_1181_neutral.jpg,6
train_1181_sad.jpg,2
train_1181_surprise.jpg,1
train_1182_angry.jpg,3
train_1182_fear.jpg,5
train_1182_happy.jpg,0
train_1182_neutral.jpg,6
train_1182_sad.jpg,2
train_1182_surprise.jpg,1
train_1183_angry.jpg,3
train_1183_fear.jpg,5
train_1183_happy.jpg,0
train_1183_neutral.jpg,6
train_1183_sad.jpg,2
train_1183_surprise.jpg,1
train_1184_angry.jpg,3
train_1184_fear.jpg,5
train_1184_happy.jpg,0
train_1184_neutral.jpg,6
train_1184_sad.jpg,2
train_1184_surprise.jpg,1
train_1185_angry.jpg,3
train_1185_fear.jpg,5
train_1185_happy.jpg,0
train_1185_neutral.jpg,6
train_1185_sad.jpg,2
train_1185_surprise.jpg,1
train_1186_angry.jpg,3
train_1186_fear.jpg,5
train_1186_happy.jpg,0
train_1186_neutral.jpg,6
train_1186_sad.jpg,2
train_1186_surprise.jpg,1
train_1187_angry.jpg,3
train_1187_fear.jpg,5
train_1187_happy.jpg,0
train_1187_neutral.jpg,6
train_1187_sad.jpg,2
train_1187_surprise.jpg,1
train_1188_angry.jpg,3
train_1188_fear.jpg,5
train_1188_happy.jpg,0
train_1188_neutral.jpg,6
train_1188_sad.jpg,2
train_1188_surprise.jpg,1
train_1189_angry.jpg,3
train_1189_fear.jpg,5
train_1189_happy.jpg,0
train_1189_neutral.jpg,6
train_1189_sad.jpg,2
train_1189_surprise.jpg,1
train_118_angry.jpg,3
train_118_disgust.jpg,4
train_118_fear.jpg,5
train_118_happy.jpg,0
train_118_neutral.jpg,6
train_118_sad.jpg,2
train_118_surprise.jpg,1
train_1190_angry.jpg,3
train_1190_fear.jpg,5
train_1190_happy.jpg,0
train_1190_neutral.jpg,6
train_1190_sad.jpg,2
train_1190_surprise.jpg,1
train_1191_angry.jpg,3
train_1191_fear.jpg,5
train_1191_happy.jpg,0
train_1191_neutral.jpg,6
train_1191_sad.jpg,2
train_1191_surprise.jpg,1
train_1192_angry.jpg,3
train_1192_fear.jpg,5
train_1192_happy.jpg,0
train_1192_neutral.jpg,6
train_1192_sad.jpg,2
train_1192_surprise.jpg,1
train_1193_angry.jpg,3
train_1193_fear.jpg,5
train_1193_happy.jpg,0
train_1193_neutral.jpg,6
train_1193_sad.jpg,2
train_1193_surprise.jpg,1
train_1194_angry.jpg,3
train_1194_fear.jpg,5
train_1194_happy.jpg,0
train_1194_neutral.jpg,6
train_1194_sad.jpg,2
train_1194_surprise.jpg,1
train_1195_angry.jpg,3
train_1195_fear.jpg,5
train_1195_happy.jpg,0
train_1195_neutral.jpg,6
train_1195_sad.jpg,2
train_1195_surprise.jpg,1
train_1196_angry.jpg,3
train_1196_fear.jpg,5
train_1196_happy.jpg,0
train_1196_neutral.jpg,6
train_1196_sad.jpg,2
train_1196_surprise.jpg,1
train_1197_angry.jpg,3
train_1197_fear.jpg,5
train_1197_happy.jpg,0
train_1197_neutral.jpg,6
train_1197_sad.jpg,2
train_1197_surprise.jpg,1
train_1198_angry.jpg,3
train_1198_fear.jpg,5
train_1198_happy.jpg,0
train_1198_neutral.jpg,6
train_1198_sad.jpg,2
train_1198_surprise.jpg,1
train_1199_angry.jpg,3
train_1199_fear.jpg,5
train_1199_happy.jpg,0
train_1199_neutral.jpg,6
train_1199_sad.jpg,2
train_1199_surprise.jpg,1
train_119_angry.jpg,3
train_119_disgust.jpg,4
train_119_fear.jpg,5
train_119_happy.jpg,0
train_119_neutral.jpg,6
train_119_sad.jpg,2
train_119_surprise.jpg,1
train_11_angry.jpg,3
train_11_disgust.jpg,4
train_11_fear.jpg,5
train_11_happy.jpg,0
train_11_neutral.jpg,6
train_11_sad.jpg,2
train_11_surprise.jpg,1
train_1200_angry.jpg,3
train_1200_fear.jpg,5
train_1200_happy.jpg,0
train_1200_neutral.jpg,6
train_1200_sad.jpg,2
train_1200_surprise.jpg,1
train_1201_angry.jpg,3
train_1201_fear.jpg,5
train_1201_happy.jpg,0
train_1201_neutral.jpg,6
train_1201_sad.jpg,2
train_1201_surprise.jpg,1
train_1202_angry.jpg,3
train_1202_fear.jpg,5
train_1202_happy.jpg,0
train_1202_neutral.jpg,6
train_1202_sad.jpg,2
train_1202_surprise.jpg,1
train_1203_angry.jpg,3
train_1203_fear.jpg,5
train_1203_happy.jpg,0
train_1203_neutral.jpg,6
train_1203_sad.jpg,2
train_1203_surprise.jpg,1
train_1204_angry.jpg,3
train_1204_fear.jpg,5
train_1204_happy.jpg,0
train_1204_neutral.jpg,6
train_1204_sad.jpg,2
train_1204_surprise.jpg,1
train_1205_angry.jpg,3
train_1205_fear.jpg,5
train_1205_happy.jpg,0
train_1205_neutral.jpg,6
train_1205_sad.jpg,2
train_1205_surprise.jpg,1
train_1206_angry.jpg,3
train_1206_fear.jpg,5
train_1206_happy.jpg,0
train_1206_neutral.jpg,6
train_1206_sad.jpg,2
train_1206_surprise.jpg,1
train_1207_angry.jpg,3
train_1207_fear.jpg,5
train_1207_happy.jpg,0
train_1207_neutral.jpg,6
train_1207_sad.jpg,2
train_1207_surprise.jpg,1
train_1208_angry.jpg,3
train_1208_fear.jpg,5
train_1208_happy.jpg,0
train_1208_neutral.jpg,6
train_1208_sad.jpg,2
train_1208_surprise.jpg,1
train_1209_angry.jpg,3
train_1209_fear.jpg,5
train_1209_happy.jpg,0
train_1209_neutral.jpg,6
train_1209_sad.jpg,2
train_1209_surprise.jpg,1
train_120_angry.jpg,3
train_120_disgust.jpg,4
train_120_fear.jpg,5
train_120_happy.jpg,0
train_120_neutral.jpg,6
train_120_sad.jpg,2
train_120_surprise.jpg,1
train_1210_angry.jpg,3
train_1210_fear.jpg,5
train_1210_happy.jpg,0
train_1210_neutral.jpg,6
train_1210_sad.jpg,2
train_1210_surprise.jpg,1
train_1211_angry.jpg,3
train_1211_fear.jpg,5
train_1211_happy.jpg,0
train_1211_neutral.jpg,6
train_1211_sad.jpg,2
train_1211_surprise.jpg,1
train_1212_angry.jpg,3
train_1212_fear.jpg,5
train_1212_happy.jpg,0
train_1212_neutral.jpg,6
train_1212_sad.jpg,2
train_1212_surprise.jpg,1
train_1213_angry.jpg,3
train_1213_fear.jpg,5
train_1213_happy.jpg,0
train_1213_neutral.jpg,6
train_1213_sad.jpg,2
train_1213_surprise.jpg,1
train_1214_angry.jpg,3
train_1214_fear.jpg,5
train_1214_happy.jpg,0
train_1214_neutral.jpg,6
train_1214_sad.jpg,2
train_1214_surprise.jpg,1
train_1215_angry.jpg,3
train_1215_fear.jpg,5
train_1215_happy.jpg,0
train_1215_neutral.jpg,6
train_1215_sad.jpg,2
train_1215_surprise.jpg,1
train_1216_angry.jpg,3
train_1216_fear.jpg,5
train_1216_happy.jpg,0
train_1216_neutral.jpg,6
train_1216_sad.jpg,2
train_1216_surprise.jpg,1
train_1217_angry.jpg,3
train_1217_fear.jpg,5
train_1217_happy.jpg,0
train_1217_neutral.jpg,6
train_1217_sad.jpg,2
train_1217_surprise.jpg,1
train_1218_angry.jpg,3
train_1218_fear.jpg,5
train_1218_happy.jpg,0
train_1218_neutral.jpg,6
train_1218_sad.jpg,2
train_1218_surprise.jpg,1
train_1219_angry.jpg,3
train_1219_fear.jpg,5
train_1219_happy.jpg,0
train_1219_neutral.jpg,6
train_1219_sad.jpg,2
train_1219_surprise.jpg,1
train_121_angry.jpg,3
train_121_disgust.jpg,4
train_121_fear.jpg,5
train_121_happy.jpg,0
train_121_neutral.jpg,6
train_121_sad.jpg,2
train_121_surprise.jpg,1
train_1220_angry.jpg,3
train_1220_fear.jpg,5
train_1220_happy.jpg,0
train_1220_neutral.jpg,6
train_1220_sad.jpg,2
train_1220_surprise.jpg,1
train_1221_angry.jpg,3
train_1221_fear.jpg,5
train_1221_happy.jpg,0
train_1221_neutral.jpg,6
train_1221_sad.jpg,2
train_1221_surprise.jpg,1
train_1222_angry.jpg,3
train_1222_fear.jpg,5
train_1222_happy.jpg,0
train_1222_neutral.jpg,6
train_1222_sad.jpg,2
train_1222_surprise.jpg,1
train_1223_angry.jpg,3
train_1223_fear.jpg,5
train_1223_happy.jpg,0
train_1223_neutral.jpg,6
train_1223_sad.jpg,2
train_1223_surprise.jpg,1
train_1224_angry.jpg,3
train_1224_fear.jpg,5
train_1224_happy.jpg,0
train_1224_neutral.jpg,6
train_1224_sad.jpg,2
train_1224_surprise.jpg,1
train_1225_angry.jpg,3
train_1225_fear.jpg,5
train_1225_happy.jpg,0
train_1225_neutral.jpg,6
train_1225_sad.jpg,2
train_1225_surprise.jpg,1
train_1226_angry.jpg,3
train_1226_fear.jpg,5
train_1226_happy.jpg,0
train_1226_neutral.jpg,6
train_1226_sad.jpg,2
train_1226_surprise.jpg,1
train_1227_angry.jpg,3
train_1227_fear.jpg,5
train_1227_happy.jpg,0
train_1227_neutral.jpg,6
train_1227_sad.jpg,2
train_1227_surprise.jpg,1
train_1228_angry.jpg,3
train_1228_fear.jpg,5
train_1228_happy.jpg,0
train_1228_neutral.jpg,6
train_1228_sad.jpg,2
train_1228_surprise.jpg,1
train_1229_angry.jpg,3
train_1229_fear.jpg,5
train_1229_happy.jpg,0
train_1229_neutral.jpg,6
train_1229_sad.jpg,2
train_1229_surprise.jpg,1
train_122_angry.jpg,3
train_122_disgust.jpg,4
train_122_fear.jpg,5
train_122_happy.jpg,0
train_122_neutral.jpg,6
train_122_sad.jpg,2
train_122_surprise.jpg,1
train_1230_angry.jpg,3
train_1230_fear.jpg,5
train_1230_happy.jpg,0
train_1230_neutral.jpg,6
train_1230_sad.jpg,2
train_1230_surprise.jpg,1
train_1231_angry.jpg,3
train_1231_fear.jpg,5
train_1231_happy.jpg,0
train_1231_neutral.jpg,6
train_1231_sad.jpg,2
train_1231_surprise.jpg,1
train_1232_angry.jpg,3
train_1232_fear.jpg,5
train_1232_happy.jpg,0
train_1232_neutral.jpg,6
train_1232_sad.jpg,2
train_1232_surprise.jpg,1
train_1233_angry.jpg,3
train_1233_fear.jpg,5
train_1233_happy.jpg,0
train_1233_neutral.jpg,6
train_1233_sad.jpg,2
train_1233_surprise.jpg,1
train_1234_angry.jpg,3
train_1234_fear.jpg,5
train_1234_happy.jpg,0
train_1234_neutral.jpg,6
train_1234_sad.jpg,2
train_1234_surprise.jpg,1
train_1235_angry.jpg,3
train_1235_fear.jpg,5
train_1235_happy.jpg,0
train_1235_neutral.jpg,6
train_1235_sad.jpg,2
train_1235_surprise.jpg,1
train_1236_angry.jpg,3
train_1236_fear.jpg,5
train_1236_happy.jpg,0
train_1236_neutral.jpg,6
train_1236_sad.jpg,2
train_1236_surprise.jpg,1
train_1237_angry.jpg,3
train_1237_fear.jpg,5
train_1237_happy.jpg,0
train_1237_neutral.jpg,6
train_1237_sad.jpg,2
train_1237_surprise.jpg,1
train_1238_angry.jpg,3
train_1238_fear.jpg,5
train_1238_happy.jpg,0
train_1238_neutral.jpg,6
train_1238_sad.jpg,2
train_1238_surprise.jpg,1
train_1239_angry.jpg,3
train_1239_fear.jpg,5
train_1239_happy.jpg,0
train_1239_neutral.jpg,6
train_1239_sad.jpg,2
train_1239_surprise.jpg,1
train_123_angry.jpg,3
train_123_disgust.jpg,4
train_123_fear.jpg,5
train_123_happy.jpg,0
train_123_neutral.jpg,6
train_123_sad.jpg,2
train_123_surprise.jpg,1
train_1240_angry.jpg,3
train_1240_fear.jpg,5
train_1240_happy.jpg,0
train_1240_neutral.jpg,6
train_1240_sad.jpg,2
train_1240_surprise.jpg,1
train_1241_angry.jpg,3
train_1241_fear.jpg,5
train_1241_happy.jpg,0
train_1241_neutral.jpg,6
train_1241_sad.jpg,2
train_1241_surprise.jpg,1
train_1242_angry.jpg,3
train_1242_fear.jpg,5
train_1242_happy.jpg,0
train_1242_neutral.jpg,6
train_1242_sad.jpg,2
train_1242_surprise.jpg,1
train_1243_angry.jpg,3
train_1243_fear.jpg,5
train_1243_happy.jpg,0
train_1243_neutral.jpg,6
train_1243_sad.jpg,2
train_1243_surprise.jpg,1
train_1244_angry.jpg,3
train_1244_fear.jpg,5
train_1244_happy.jpg,0
train_1244_neutral.jpg,6
train_1244_sad.jpg,2
train_1244_surprise.jpg,1
train_1245_angry.jpg,3
train_1245_fear.jpg,5
train_1245_happy.jpg,0
train_1245_neutral.jpg,6
train_1245_sad.jpg,2
train_1245_surprise.jpg,1
train_1246_angry.jpg,3
train_1246_fear.jpg,5
train_1246_happy.jpg,0
train_1246_neutral.jpg,6
train_1246_sad.jpg,2
train_1246_surprise.jpg,1
train_1247_angry.jpg,3
train_1247_fear.jpg,5
train_1247_happy.jpg,0
train_1247_neutral.jpg,6
train_1247_sad.jpg,2
train_1247_surprise.jpg,1
train_1248_angry.jpg,3
train_1248_fear.jpg,5
train_1248_happy.jpg,0
train_1248_neutral.jpg,6
train_1248_sad.jpg,2
train_1248_surprise.jpg,1
train_1249_angry.jpg,3
train_1249_fear.jpg,5
train_1249_happy.jpg,0
train_1249_neutral.jpg,6
train_1249_sad.jpg,2
train_1249_surprise.jpg,1
train_124_angry.jpg,3
train_124_disgust.jpg,4
train_124_fear.jpg,5
train_124_happy.jpg,0
train_124_neutral.jpg,6
train_124_sad.jpg,2
train_124_surprise.jpg,1
train_1250_angry.jpg,3
train_1250_fear.jpg,5
train_1250_happy.jpg,0
train_1250_neutral.jpg,6
train_1250_sad.jpg,2
train_1250_surprise.jpg,1
train_1251_angry.jpg,3
train_1251_fear.jpg,5
train_1251_happy.jpg,0
train_1251_neutral.jpg,6
train_1251_sad.jpg,2
train_1251_surprise.jpg,1
train_1252_angry.jpg,3
train_1252_fear.jpg,5
train_1252_happy.jpg,0
train_1252_neutral.jpg,6
train_1252_sad.jpg,2
train_1252_surprise.jpg,1
train_1253_angry.jpg,3
train_1253_fear.jpg,5
train_1253_happy.jpg,0
train_1253_neutral.jpg,6
train_1253_sad.jpg,2
train_1253_surprise.jpg,1
train_1254_angry.jpg,3
train_1254_fear.jpg,5
train_1254_happy.jpg,0
train_1254_neutral.jpg,6
train_1254_sad.jpg,2
train_1254_surprise.jpg,1
train_1255_angry.jpg,3
train_1255_fear.jpg,5
train_1255_happy.jpg,0
train_1255_neutral.jpg,6
train_1255_sad.jpg,2
train_1255_surprise.jpg,1
train_1256_angry.jpg,3
train_1256_fear.jpg,5
train_1256_happy.jpg,0
train_1256_neutral.jpg,6
train_1256_sad.jpg,2
train_1256_surprise.jpg,1
train_1257_angry.jpg,3
train_1257_fear.jpg,5
train_1257_happy.jpg,0
train_1257_neutral.jpg,6
train_1257_sad.jpg,2
train_1257_surprise.jpg,1
train_1258_angry.jpg,3
train_1258_fear.jpg,5
train_1258_happy.jpg,0
train_1258_neutral.jpg,6
train_1258_sad.jpg,2
train_1258_surprise.jpg,1
train_1259_angry.jpg,3
train_1259_fear.jpg,5
train_1259_happy.jpg,0
train_1259_neutral.jpg,6
train_1259_sad.jpg,2
train_1259_surprise.jpg,1
train_125_angry.jpg,3
train_125_disgust.jpg,4
train_125_fear.jpg,5
train_125_happy.jpg,0
train_125_neutral.jpg,6
train_125_sad.jpg,2
train_125_surprise.jpg,1
train_1260_angry.jpg,3
train_1260_fear.jpg,5
train_1260_happy.jpg,0
train_1260_neutral.jpg,6
train_1260_sad.jpg,2
train_1260_surprise.jpg,1
train_1261_angry.jpg,3
train_1261_fear.jpg,5
train_1261_happy.jpg,0
train_1261_neutral.jpg,6
train_1261_sad.jpg,2
train_1261_surprise.jpg,1
train_1262_angry.jpg,3
train_1262_fear.jpg,5
train_1262_happy.jpg,0
train_1262_neutral.jpg,6
train_1262_sad.jpg,2
train_1262_surprise.jpg,1
train_1263_angry.jpg,3
train_1263_fear.jpg,5
train_1263_happy.jpg,0
train_1263_neutral.jpg,6
train_1263_sad.jpg,2
train_1263_surprise.jpg,1
train_1264_angry.jpg,3
train_1264_fear.jpg,5
train_1264_happy.jpg,0
train_1264_neutral.jpg,6
train_1264_sad.jpg,2
train_1264_surprise.jpg,1
train_1265_angry.jpg,3
train_1265_fear.jpg,5
train_1265_happy.jpg,0
train_1265_neutral.jpg,6
train_1265_sad.jpg,2
train_1265_surprise.jpg,1
train_1266_angry.jpg,3
train_1266_fear.jpg,5
train_1266_happy.jpg,0
train_1266_neutral.jpg,6
train_1266_sad.jpg,2
train_1266_surprise.jpg,1
train_1267_angry.jpg,3
train_1267_fear.jpg,5
train_1267_happy.jpg,0
train_1267_neutral.jpg,6
train_1267_sad.jpg,2
train_1267_surprise.jpg,1
train_1268_angry.jpg,3
train_1268_fear.jpg,5
train_1268_happy.jpg,0
train_1268_neutral.jpg,6
train_1268_sad.jpg,2
train_1268_surprise.jpg,1
train_1269_angry.jpg,3
train_1269_fear.jpg,5
train_1269_happy.jpg,0
train_1269_neutral.jpg,6
train_1269_sad.jpg,2
train_1269_surprise.jpg,1
train_126_angry.jpg,3
train_126_disgust.jpg,4
train_126_fear.jpg,5
train_126_happy.jpg,0
train_126_neutral.jpg,6
train_126_sad.jpg,2
train_126_surprise.jpg,1
train_1270_angry.jpg,3
train_1270_fear.jpg,5
train_1270_happy.jpg,0
train_1270_neutral.jpg,6
train_1270_sad.jpg,2
train_1270_surprise.jpg,1
train_1271_angry.jpg,3
train_1271_fear.jpg,5
train_1271_happy.jpg,0
train_1271_neutral.jpg,6
train_1271_sad.jpg,2
train_1271_surprise.jpg,1
train_1272_angry.jpg,3
train_1272_fear.jpg,5
train_1272_happy.jpg,0
train_1272_neutral.jpg,6
train_1272_sad.jpg,2
train_1272_surprise.jpg,1
train_1273_angry.jpg,3
train_1273_fear.jpg,5
train_1273_happy.jpg,0
train_1273_neutral.jpg,6
train_1273_sad.jpg,2
train_1273_surprise.jpg,1
train_1274_angry.jpg,3
train_1274_fear.jpg,5
train_1274_happy.jpg,0
train_1274_neutral.jpg,6
train_1274_sad.jpg,2
train_1274_surprise.jpg,1
train_1275_angry.jpg,3
train_1275_fear.jpg,5
train_1275_happy.jpg,0
train_1275_neutral.jpg,6
train_1275_sad.jpg,2
train_1275_surprise.jpg,1
train_1276_angry.jpg,3
train_1276_fear.jpg,5
train_1276_happy.jpg,0
train_1276_neutral.jpg,6
train_1276_sad.jpg,2
train_1276_surprise.jpg,1
train_1277_angry.jpg,3
train_1277_fear.jpg,5
train_1277_happy.jpg,0
train_1277_neutral.jpg,6
train_1277_sad.jpg,2
train_1277_surprise.jpg,1
train_1278_angry.jpg,3
train_1278_fear.jpg,5
train_1278_happy.jpg,0
train_1278_neutral.jpg,6
train_1278_sad.jpg,2
train_1278_surprise.jpg,1
train_1279_angry.jpg,3
train_1279_fear.jpg,5
train_1279_happy.jpg,0
train_1279_neutral.jpg,6
train_1279_sad.jpg,2
train_1279_surprise.jpg,1
train_127_angry.jpg,3
train_127_disgust.jpg,4
train_127_fear.jpg,5
train_127_happy.jpg,0
train_127_neutral.jpg,6
train_127_sad.jpg,2
train_127_surprise.jpg,1
train_1280_angry.jpg,3
train_1280_fear.jpg,5
train_1280_happy.jpg,0
train_1280_neutral.jpg,6
train_1280_sad.jpg,2
train_1280_surprise.jpg,1
train_1281_angry.jpg,3
train_1281_fear.jpg,5
train_1281_happy.jpg,0
train_1281_neutral.jpg,6
train_1281_sad.jpg,2
train_1281_surprise.jpg,1
train_1282_angry.jpg,3
train_1282_fear.jpg,5
train_1282_happy.jpg,0
train_1282_neutral.jpg,6
train_1282_sad.jpg,2
train_1282_surprise.jpg,1
train_1283_angry.jpg,3
train_1283_fear.jpg,5
train_1283_happy.jpg,0
train_1283_neutral.jpg,6
train_1283_sad.jpg,2
train_1283_surprise.jpg,1
train_1284_angry.jpg,3
train_1284_fear.jpg,5
train_1284_happy.jpg,0
train_1284_neutral.jpg,6
train_1284_sad.jpg,2
train_1284_surprise.jpg,1
train_1285_angry.jpg,3
train_1285_fear.jpg,5
train_1285_happy.jpg,0
train_1285_neutral.jpg,6
train_1285_sad.jpg,2
train_1285_surprise.jpg,1
train_1286_angry.jpg,3
train_1286_fear.jpg,5
train_1286_happy.jpg,0
train_1286_neutral.jpg,6
train_1286_sad.jpg,2
train_1286_surprise.jpg,1
train_1287_angry.jpg,3
train_1287_fear.jpg,5
train_1287_happy.jpg,0
train_1287_neutral.jpg,6
train_1287_sad.jpg,2
train_1287_surprise.jpg,1
train_1288_angry.jpg,3
train_1288_fear.jpg,5
train_1288_happy.jpg,0
train_1288_neutral.jpg,6
train_1288_sad.jpg,2
train_1288_surprise.jpg,1
train_1289_angry.jpg,3
train_1289_fear.jpg,5
train_1289_happy.jpg,0
train_1289_neutral.jpg,6
train_1289_sad.jpg,2
train_1289_surprise.jpg,1
train_128_angry.jpg,3
train_128_disgust.jpg,4
train_128_fear.jpg,5
train_128_happy.jpg,0
train_128_neutral.jpg,6
train_128_sad.jpg,2
train_128_surprise.jpg,1
train_1290_angry.jpg,3
train_1290_fear.jpg,5
train_1290_happy.jpg,0
train_1290_neutral.jpg,6
train_1290_sad.jpg,2
train_1290_surprise.jpg,1
train_1291_angry.jpg,3
train_1291_fear.jpg,5
train_1291_happy.jpg,0
train_1291_neutral.jpg,6
train_1291_sad.jpg,2
train_1291_surprise.jpg,1
train_1292_angry.jpg,3
train_1292_fear.jpg,5
train_1292_happy.jpg,0
train_1292_neutral.jpg,6
train_1292_sad.jpg,2
train_1292_surprise.jpg,1
train_1293_angry.jpg,3
train_1293_fear.jpg,5
train_1293_happy.jpg,0
train_1293_neutral.jpg,6
train_1293_sad.jpg,2
train_1293_surprise.jpg,1
train_1294_angry.jpg,3
train_1294_fear.jpg,5
train_1294_happy.jpg,0
train_1294_neutral.jpg,6
train_1294_sad.jpg,2
train_1294_surprise.jpg,1
train_1295_angry.jpg,3
train_1295_fear.jpg,5
train_1295_happy.jpg,0
train_1295_neutral.jpg,6
train_1295_sad.jpg,2
train_1295_surprise.jpg,1
train_1296_angry.jpg,3
train_1296_fear.jpg,5
train_1296_happy.jpg,0
train_1296_neutral.jpg,6
train_1296_sad.jpg,2
train_1296_surprise.jpg,1
train_1297_angry.jpg,3
train_1297_fear.jpg,5
train_1297_happy.jpg,0
train_1297_neutral.jpg,6
train_1297_sad.jpg,2
train_1297_surprise.jpg,1
train_1298_angry.jpg,3
train_1298_fear.jpg,5
train_1298_happy.jpg,0
train_1298_neutral.jpg,6
train_1298_sad.jpg,2
train_1298_surprise.jpg,1
train_1299_angry.jpg,3
train_1299_fear.jpg,5
train_1299_happy.jpg,0
train_1299_neutral.jpg,6
train_1299_sad.jpg,2
train_1299_surprise.jpg,1
train_129_angry.jpg,3
train_129_disgust.jpg,4
train_129_fear.jpg,5
train_129_happy.jpg,0
train_129_neutral.jpg,6
train_129_sad.jpg,2
train_129_surprise.jpg,1
train_12_angry.jpg,3
train_12_disgust.jpg,4
train_12_fear.jpg,5
train_12_happy.jpg,0
train_12_neutral.jpg,6
train_12_sad.jpg,2
train_12_surprise.jpg,1
train_130_angry.jpg,3
train_130_disgust.jpg,4
train_130_fear.jpg,5
train_130_happy.jpg,0
train_130_neutral.jpg,6
train_130_sad.jpg,2
train_130_surprise.jpg,1
train_131_angry.jpg,3
train_131_disgust.jpg,4
train_131_fear.jpg,5
train_131_happy.jpg,0
train_131_neutral.jpg,6
train_131_sad.jpg,2
train_131_surprise.jpg,1
train_132_angry.jpg,3
train_132_disgust.jpg,4
train_132_fear.jpg,5
train_132_happy.jpg,0
train_132_neutral.jpg,6
train_132_sad.jpg,2
train_132_surprise.jpg,1
train_133_angry.jpg,3
train_133_disgust.jpg,4
train_133_fear.jpg,5
train_133_happy.jpg,0
train_133_neutral.jpg,6
train_133_sad.jpg,2
train_133_surprise.jpg,1
train_134_angry.jpg,3
train_134_disgust.jpg,4
train_134_fear.jpg,5
train_134_happy.jpg,0
train_134_neutral.jpg,6
train_134_sad.jpg,2
train_134_surprise.jpg,1
train_135_angry.jpg,3
train_135_disgust.jpg,4
train_135_fear.jpg,5
train_135_happy.jpg,0
train_135_neutral.jpg,6
train_135_sad.jpg,2
train_135_surprise.jpg,1
train_136_angry.jpg,3
train_136_disgust.jpg,4
train_136_fear.jpg,5
train_136_happy.jpg,0
train_136_neutral.jpg,6
train_136_sad.jpg,2
train_136_surprise.jpg,1
train_137_angry.jpg,3
train_137_disgust.jpg,4
train_137_fear.jpg,5
train_137_happy.jpg,0
train_137_neutral.jpg,6
train_137_sad.jpg,2
train_137_surprise.jpg,1
train_138_angry.jpg,3
train_138_disgust.jpg,4
train_138_fear.jpg,5
train_138_happy.jpg,0
train_138_neutral.jpg,6
train_138_sad.jpg,2
train_138_surprise.jpg,1
train_139_angry.jpg,3
train_139_disgust.jpg,4
train_139_fear.jpg,5
train_139_happy.jpg,0
train_139_neutral.jpg,6
train_139_sad.jpg,2
train_139_surprise.jpg,1
train_13_angry.jpg,3
train_13_disgust.jpg,4
train_13_fear.jpg,5
train_13_happy.jpg,0
train_13_neutral.jpg,6
train_13_sad.jpg,2
train_13_surprise.jpg,1
train_140_angry.jpg,3
train_140_disgust.jpg,4
train_140_fear.jpg,5
train_140_happy.jpg,0
train_140_neutral.jpg,6
train_140_sad.jpg,2
train_140_surprise.jpg,1
train_141_angry.jpg,3
train_141_disgust.jpg,4
train_141_fear.jpg,5
train_141_happy.jpg,0
train_141_neutral.jpg,6
train_141_sad.jpg,2
train_141_surprise.jpg,1
train_142_angry.jpg,3
train_142_disgust.jpg,4
train_142_fear.jpg,5
train_142_happy.jpg,0
train_142_neutral.jpg,6
train_142_sad.jpg,2
train_142_surprise.jpg,1
train_143_angry.jpg,3
train_143_disgust.jpg,4
train_143_fear.jpg,5
train_143_happy.jpg,0
train_143_neutral.jpg,6
train_143_sad.jpg,2
train_143_surprise.jpg,1
train_144_angry.jpg,3
train_144_disgust.jpg,4
train_144_fear.jpg,5
train_144_happy.jpg,0
train_144_neutral.jpg,6
train_144_sad.jpg,2
train_144_surprise.jpg,1
train_145_angry.jpg,3
train_145_disgust.jpg,4
train_145_fear.jpg,5
train_145_happy.jpg,0
train_145_neutral.jpg,6
train_145_sad.jpg,2
train_145_surprise.jpg,1
train_146_angry.jpg,3
train_146_disgust.jpg,4
train_146_fear.jpg,5
train_146_happy.jpg,0
train_146_neutral.jpg,6
train_146_sad.jpg,2
train_146_surprise.jpg,1
train_147_angry.jpg,3
train_147_disgust.jpg,4
train_147_fear.jpg,5
train_147_happy.jpg,0
train_147_neutral.jpg,6
train_147_sad.jpg,2
train_147_surprise.jpg,1
train_148_angry.jpg,3
train_148_disgust.jpg,4
train_148_fear.jpg,5
train_148_happy.jpg,0
train_148_neutral.jpg,6
train_148_sad.jpg,2
train_148_surprise.jpg,1
train_149_angry.jpg,3
train_149_disgust.jpg,4
train_149_fear.jpg,5
train_149_happy.jpg,0
train_149_neutral.jpg,6
train_149_sad.jpg,2
train_149_surprise.jpg,1
train_14_angry.jpg,3
train_14_disgust.jpg,4
train_14_fear.jpg,5
train_14_happy.jpg,0
train_14_neutral.jpg,6
train_14_sad.jpg,2
train_14_surprise.jpg,1
train_150_angry.jpg,3
train_150_disgust.jpg,4
train_150_fear.jpg,5
train_150_happy.jpg,0
train_150_neutral.jpg,6
train_150_sad.jpg,2
train_150_surprise.jpg,1
train_151_angry.jpg,3
train_151_disgust.jpg,4
train_151_fear.jpg,5
train_151_happy.jpg,0
train_151_neutral.jpg,6
train_151_sad.jpg,2
train_151_surprise.jpg,1
train_152_angry.jpg,3
train_152_disgust.jpg,4
train_152_fear.jpg,5
train_152_happy.jpg,0
train_152_neutral.jpg,6
train_152_sad.jpg,2
train_152_surprise.jpg,1
train_153_angry.jpg,3
train_153_disgust.jpg,4
train_153_fear.jpg,5
train_153_happy.jpg,0
train_153_neutral.jpg,6
train_153_sad.jpg,2
train_153_surprise.jpg,1
train_154_angry.jpg,3
train_154_disgust.jpg,4
train_154_fear.jpg,5
train_154_happy.jpg,0
train_154_neutral.jpg,6
train_154_sad.jpg,2
train_154_surprise.jpg,1
train_155_angry.jpg,3
train_155_disgust.jpg,4
train_155_fear.jpg,5
train_155_happy.jpg,0
train_155_neutral.jpg,6
train_155_sad.jpg,2
train_155_surprise.jpg,1
train_156_angry.jpg,3
train_156_disgust.jpg,4
train_156_fear.jpg,5
train_156_happy.jpg,0
train_156_neutral.jpg,6
train_156_sad.jpg,2
train_156_surprise.jpg,1
train_157_angry.jpg,3
train_157_disgust.jpg,4
train_157_fear.jpg,5
train_157_happy.jpg,0
train_157_neutral.jpg,6
train_157_sad.jpg,2
train_157_surprise.jpg,1
train_158_angry.jpg,3
train_158_disgust.jpg,4
train_158_fear.jpg,5
train_158_happy.jpg,0
train_158_neutral.jpg,6
train_158_sad.jpg,2
train_158_surprise.jpg,1
train_159_angry.jpg,3
train_159_disgust.jpg,4
train_159_fear.jpg,5
train_159_happy.jpg,0
train_159_neutral.jpg,6
train_159_sad.jpg,2
train_159_surprise.jpg,1
train_15_angry.jpg,3
train_15_disgust.jpg,4
train_15_fear.jpg,5
train_15_happy.jpg,0
train_15_neutral.jpg,6
train_15_sad.jpg,2
train_15_surprise.jpg,1
train_160_angry.jpg,3
train_160_disgust.jpg,4
train_160_fear.jpg,5
train_160_happy.jpg,0
train_160_neutral.jpg,6
train_160_sad.jpg,2
train_160_surprise.jpg,1
train_161_angry.jpg,3
train_161_disgust.jpg,4
train_161_fear.jpg,5
train_161_happy.jpg,0
train_161_neutral.jpg,6
train_161_sad.jpg,2
train_161_surprise.jpg,1
train_162_angry.jpg,3
train_162_disgust.jpg,4
train_162_fear.jpg,5
train_162_happy.jpg,0
train_162_neutral.jpg,6
train_162_sad.jpg,2
train_162_surprise.jpg,1
train_163_angry.jpg,3
train_163_disgust.jpg,4
train_163_fear.jpg,5
train_163_happy.jpg,0
train_163_neutral.jpg,6
train_163_sad.jpg,2
train_163_surprise.jpg,1
train_164_angry.jpg,3
train_164_disgust.jpg,4
train_164_fear.jpg,5
train_164_happy.jpg,0
train_164_neutral.jpg,6
train_164_sad.jpg,2
train_164_surprise.jpg,1
train_165_angry.jpg,3
train_165_disgust.jpg,4
train_165_fear.jpg,5
train_165_happy.jpg,0
train_165_neutral.jpg,6
train_165_sad.jpg,2
train_165_surprise.jpg,1
train_166_angry.jpg,3
train_166_disgust.jpg,4
train_166_fear.jpg,5
train_166_happy.jpg,0
train_166_neutral.jpg,6
train_166_sad.jpg,2
train_166_surprise.jpg,1
train_167_angry.jpg,3
train_167_disgust.jpg,4
train_167_fear.jpg,5
train_167_happy.jpg,0
train_167_neutral.jpg,6
train_167_sad.jpg,2
train_167_surprise.jpg,1
train_168_angry.jpg,3
train_168_disgust.jpg,4
train_168_fear.jpg,5
train_168_happy.jpg,0
train_168_neutral.jpg,6
train_168_sad.jpg,2
train_168_surprise.jpg,1
train_169_angry.jpg,3
train_169_disgust.jpg,4
train_169_fear.jpg,5
train_169_happy.jpg,0
train_169_neutral.jpg,6
train_169_sad.jpg,2
train_169_surprise.jpg,1
train_16_angry.jpg,3
train_16_disgust.jpg,4
train_16_fear.jpg,5
train_16_happy.jpg,0
train_16_neutral.jpg,6
train_16_sad.jpg,2
train_16_surprise.jpg,1
train_170_angry.jpg,3
train_170_disgust.jpg,4
train_170_fear.jpg,5
train_170_happy.jpg,0
train_170_neutral.jpg,6
train_170_sad.jpg,2
train_170_surprise.jpg,1
train_171_angry.jpg,3
train_171_disgust.jpg,4
train_171_fear.jpg,5
train_171_happy.jpg,0
train_171_neutral.jpg,6
train_171_sad.jpg,2
train_171_surprise.jpg,1
train_172_angry.jpg,3
train_172_disgust.jpg,4
train_172_fear.jpg,5
train_172_happy.jpg,0
train_172_neutral.jpg,6
train_172_sad.jpg,2
train_172_surprise.jpg,1
train_173_angry.jpg,3
train_173_disgust.jpg,4
train_173_fear.jpg,5
train_173_happy.jpg,0
train_173_neutral.jpg,6
train_173_sad.jpg,2
train_173_surprise.jpg,1
train_174_angry.jpg,3
train_174_disgust.jpg,4
train_174_fear.jpg,5
train_174_happy.jpg,0
train_174_neutral.jpg,6
train_174_sad.jpg,2
train_174_surprise.jpg,1
train_175_angry.jpg,3
train_175_disgust.jpg,4
train_175_fear.jpg,5
train_175_happy.jpg,0
train_175_neutral.jpg,6
train_175_sad.jpg,2
train_175_surprise.jpg,1
train_176_angry.jpg,3
train_176_disgust.jpg,4
train_176_fear.jpg,5
train_176_happy.jpg,0
train_176_neutral.jpg,6
train_176_sad.jpg,2
train_176_surprise.jpg,1
train_177_angry.jpg,3
train_177_disgust.jpg,4
train_177_fear.jpg,5
train_177_happy.jpg,0
train_177_neutral.jpg,6
train_177_sad.jpg,2
train_177_surprise.jpg,1
train_178_angry.jpg,3
train_178_disgust.jpg,4
train_178_fear.jpg,5
train_178_happy.jpg,0
train_178_neutral.jpg,6
train_178_sad.jpg,2
train_178_surprise.jpg,1
train_179_angry.jpg,3
train_179_disgust.jpg,4
train_179_fear.jpg,5
train_179_happy.jpg,0
train_179_neutral.jpg,6
train_179_sad.jpg,2
train_179_surprise.jpg,1
train_17_angry.jpg,3
train_17_disgust.jpg,4
train_17_fear.jpg,5
train_17_happy.jpg,0
train_17_neutral.jpg,6
train_17_sad.jpg,2
train_17_surprise.jpg,1
train_180_angry.jpg,3
train_180_disgust.jpg,4
train_180_fear.jpg,5
train_180_happy.jpg,0
train_180_neutral.jpg,6
train_180_sad.jpg,2
train_180_surprise.jpg,1
train_181_angry.jpg,3
train_181_disgust.jpg,4
train_181_fear.jpg,5
train_181_happy.jpg,0
train_181_neutral.jpg,6
train_181_sad.jpg,2
train_181_surprise.jpg,1
train_182_angry.jpg,3
train_182_disgust.jpg,4
train_182_fear.jpg,5
train_182_happy.jpg,0
train_182_neutral.jpg,6
train_182_sad.jpg,2
train_182_surprise.jpg,1
train_183_angry.jpg,3
train_183_disgust.jpg,4
train_183_fear.jpg,5
train_183_happy.jpg,0
train_183_neutral.jpg,6
train_183_sad.jpg,2
train_183_surprise.jpg,1
train_184_angry.jpg,3
train_184_disgust.jpg,4
train_184_fear.jpg,5
train_184_happy.jpg,0
train_184_neutral.jpg,6
train_184_sad.jpg,2
train_184_surprise.jpg,1
train_185_angry.jpg,3
train_185_disgust.jpg,4
train_185_fear.jpg,5
train_185_happy.jpg,0
train_185_neutral.jpg,6
train_185_sad.jpg,2
train_185_surprise.jpg,1
train_186_angry.jpg,3
train_186_disgust.jpg,4
train_186_fear.jpg,5
train_186_happy.jpg,0
train_186_neutral.jpg,6
train_186_sad.jpg,2
train_186_surprise.jpg,1
train_187_angry.jpg,3
train_187_disgust.jpg,4
train_187_fear.jpg,5
train_187_happy.jpg,0
train_187_neutral.jpg,6
train_187_sad.jpg,2
train_187_surprise.jpg,1
train_188_angry.jpg,3
train_188_disgust.jpg,4
train_188_fear.jpg,5
train_188_happy.jpg,0
train_188_neutral.jpg,6
train_188_sad.jpg,2
train_188_surprise.jpg,1
train_189_angry.jpg,3
train_189_disgust.jpg,4
train_189_fear.jpg,5
train_189_happy.jpg,0
train_189_neutral.jpg,6
train_189_sad.jpg,2
train_189_surprise.jpg,1
train_18_angry.jpg,3
train_18_disgust.jpg,4
train_18_fear.jpg,5
train_18_happy.jpg,0
train_18_neutral.jpg,6
train_18_sad.jpg,2
train_18_surprise.jpg,1
train_190_angry.jpg,3
train_190_disgust.jpg,4
train_190_fear.jpg,5
train_190_happy.jpg,0
train_190_neutral.jpg,6
train_190_sad.jpg,2
train_190_surprise.jpg,1
train_191_angry.jpg,3
train_191_disgust.jpg,4
train_191_fear.jpg,5
train_191_happy.jpg,0
train_191_neutral.jpg,6
train_191_sad.jpg,2
train_191_surprise.jpg,1
train_192_angry.jpg,3
train_192_disgust.jpg,4
train_192_fear.jpg,5
train_192_happy.jpg,0
train_192_neutral.jpg,6
train_192_sad.jpg,2
train_192_surprise.jpg,1
train_193_angry.jpg,3
train_193_disgust.jpg,4
train_193_fear.jpg,5
train_193_happy.jpg,0
train_193_neutral.jpg,6
train_193_sad.jpg,2
train_193_surprise.jpg,1
train_194_angry.jpg,3
train_194_disgust.jpg,4
train_194_fear.jpg,5
train_194_happy.jpg,0
train_194_neutral.jpg,6
train_194_sad.jpg,2
train_194_surprise.jpg,1
train_195_angry.jpg,3
train_195_disgust.jpg,4
train_195_fear.jpg,5
train_195_happy.jpg,0
train_195_neutral.jpg,6
train_195_sad.jpg,2
train_195_surprise.jpg,1
train_196_angry.jpg,3
train_196_disgust.jpg,4
train_196_fear.jpg,5
train_196_happy.jpg,0
train_196_neutral.jpg,6
train_196_sad.jpg,2
train_196_surprise.jpg,1
train_197_angry.jpg,3
train_197_disgust.jpg,4
train_197_fear.jpg,5
train_197_happy.jpg,0
train_197_neutral.jpg,6
train_197_sad.jpg,2
train_197_surprise.jpg,1
train_198_angry.jpg,3
train_198_disgust.jpg,4
train_198_fear.jpg,5
train_198_happy.jpg,0
train_198_neutral.jpg,6
train_198_sad.jpg,2
train_198_surprise.jpg,1
train_199_angry.jpg,3
train_199_disgust.jpg,4
train_199_fear.jpg,5
train_199_happy.jpg,0
train_199_neutral.jpg,6
train_199_sad.jpg,2
train_199_surprise.jpg,1
train_19_angry.jpg,3
train_19_disgust.jpg,4
train_19_fear.jpg,5
train_19_happy.jpg,0
train_19_neutral.jpg,6
train_19_sad.jpg,2
train_19_surprise.jpg,1
train_1_angry.jpg,3
train_1_disgust.jpg,4
train_1_fear.jpg,5
train_1_happy.jpg,0
train_1_neutral.jpg,6
train_1_sad.jpg,2
train_1_surprise.jpg,1
train_200_angry.jpg,3
train_200_disgust.jpg,4
train_200_fear.jpg,5
train_200_happy.jpg,0
train_200_neutral.jpg,6
train_200_sad.jpg,2
train_200_surprise.jpg,1
train_201_angry.jpg,3
train_201_disgust.jpg,4
train_201_fear.jpg,5
train_201_happy.jpg,0
train_201_neutral.jpg,6
train_201_sad.jpg,2
train_201_surprise.jpg,1
train_202_angry.jpg,3
train_202_disgust.jpg,4
train_202_fear.jpg,5
train_202_happy.jpg,0
train_202_neutral.jpg,6
train_202_sad.jpg,2
train_202_surprise.jpg,1
train_203_angry.jpg,3
train_203_disgust.jpg,4
train_203_fear.jpg,5
train_203_happy.jpg,0
train_203_neutral.jpg,6
train_203_sad.jpg,2
train_203_surprise.jpg,1
train_204_angry.jpg,3
train_204_disgust.jpg,4
train_204_fear.jpg,5
train_204_happy.jpg,0
train_204_neutral.jpg,6
train_204_sad.jpg,2
train_204_surprise.jpg,1
train_205_angry.jpg,3
train_205_disgust.jpg,4
train_205_fear.jpg,5
train_205_happy.jpg,0
train_205_neutral.jpg,6
train_205_sad.jpg,2
train_205_surprise.jpg,1
train_206_angry.jpg,3
train_206_disgust.jpg,4
train_206_fear.jpg,5
train_206_happy.jpg,0
train_206_neutral.jpg,6
train_206_sad.jpg,2
train_206_surprise.jpg,1
train_207_angry.jpg,3
train_207_disgust.jpg,4
train_207_fear.jpg,5
train_207_happy.jpg,0
train_207_neutral.jpg,6
train_207_sad.jpg,2
train_207_surprise.jpg,1
train_208_angry.jpg,3
train_208_disgust.jpg,4
train_208_fear.jpg,5
train_208_happy.jpg,0
train_208_neutral.jpg,6
train_208_sad.jpg,2
train_208_surprise.jpg,1
train_209_angry.jpg,3
train_209_disgust.jpg,4
train_209_fear.jpg,5
train_209_happy.jpg,0
train_209_neutral.jpg,6
train_209_sad.jpg,2
train_209_surprise.jpg,1
train_20_angry.jpg,3
train_20_disgust.jpg,4
train_20_fear.jpg,5
train_20_happy.jpg,0
train_20_neutral.jpg,6
train_20_sad.jpg,2
train_20_surprise.jpg,1
train_210_angry.jpg,3
train_210_disgust.jpg,4
train_210_fear.jpg,5
train_210_happy.jpg,0
train_210_neutral.jpg,6
train_210_sad.jpg,2
train_210_surprise.jpg,1
train_211_angry.jpg,3
train_211_disgust.jpg,4
train_211_fear.jpg,5
train_211_happy.jpg,0
train_211_neutral.jpg,6
train_211_sad.jpg,2
train_211_surprise.jpg,1
train_212_angry.jpg,3
train_212_disgust.jpg,4
train_212_fear.jpg,5
train_212_happy.jpg,0
train_212_neutral.jpg,6
train_212_sad.jpg,2
train_212_surprise.jpg,1
train_213_angry.jpg,3
train_213_disgust.jpg,4
train_213_fear.jpg,5
train_213_happy.jpg,0
train_213_neutral.jpg,6
train_213_sad.jpg,2
train_213_surprise.jpg,1
train_214_angry.jpg,3
train_214_disgust.jpg,4
train_214_fear.jpg,5
train_214_happy.jpg,0
train_214_neutral.jpg,6
train_214_sad.jpg,2
train_214_surprise.jpg,1
train_215_angry.jpg,3
train_215_disgust.jpg,4
train_215_fear.jpg,5
train_215_happy.jpg,0
train_215_neutral.jpg,6
train_215_sad.jpg,2
train_215_surprise.jpg,1
train_216_angry.jpg,3
train_216_disgust.jpg,4
train_216_fear.jpg,5
train_216_happy.jpg,0
train_216_neutral.jpg,6
train_216_sad.jpg,2
train_216_surprise.jpg,1
train_217_angry.jpg,3
train_217_disgust.jpg,4
train_217_fear.jpg,5
train_217_happy.jpg,0
train_217_neutral.jpg,6
train_217_sad.jpg,2
train_217_surprise.jpg,1
train_218_angry.jpg,3
train_218_disgust.jpg,4
train_218_fear.jpg,5
train_218_happy.jpg,0
train_218_neutral.jpg,6
train_218_sad.jpg,2
train_218_surprise.jpg,1
train_219_angry.jpg,3
train_219_disgust.jpg,4
train_219_fear.jpg,5
train_219_happy.jpg,0
train_219_neutral.jpg,6
train_219_sad.jpg,2
train_219_surprise.jpg,1
train_21_angry.jpg,3
train_21_disgust.jpg,4
train_21_fear.jpg,5
train_21_happy.jpg,0
train_21_neutral.jpg,6
train_21_sad.jpg,2
train_21_surprise.jpg,1
train_220_angry.jpg,3
train_220_disgust.jpg,4
train_220_fear.jpg,5
train_220_happy.jpg,0
train_220_neutral.jpg,6
train_220_sad.jpg,2
train_220_surprise.jpg,1
train_221_angry.jpg,3
train_221_disgust.jpg,4
train_221_fear.jpg,5
train_221_happy.jpg,0
train_221_neutral.jpg,6
train_221_sad.jpg,2
train_221_surprise.jpg,1
train_222_angry.jpg,3
train_222_disgust.jpg,4
train_222_fear.jpg,5
train_222_happy.jpg,0
train_222_neutral.jpg,6
train_222_sad.jpg,2
train_222_surprise.jpg,1
train_223_angry.jpg,3
train_223_disgust.jpg,4
train_223_fear.jpg,5
train_223_happy.jpg,0
train_223_neutral.jpg,6
train_223_sad.jpg,2
train_223_surprise.jpg,1
train_224_angry.jpg,3
train_224_disgust.jpg,4
train_224_fear.jpg,5
train_224_happy.jpg,0
train_224_neutral.jpg,6
train_224_sad.jpg,2
train_224_surprise.jpg,1
train_225_angry.jpg,3
train_225_disgust.jpg,4
train_225_fear.jpg,5
train_225_happy.jpg,0
train_225_neutral.jpg,6
train_225_sad.jpg,2
train_225_surprise.jpg,1
train_226_angry.jpg,3
train_226_disgust.jpg,4
train_226_fear.jpg,5
train_226_happy.jpg,0
train_226_neutral.jpg,6
train_226_sad.jpg,2
train_226_surprise.jpg,1
train_227_angry.jpg,3
train_227_disgust.jpg,4
train_227_fear.jpg,5
train_227_happy.jpg,0
train_227_neutral.jpg,6
train_227_sad.jpg,2
train_227_surprise.jpg,1
train_228_angry.jpg,3
train_228_disgust.jpg,4
train_228_fear.jpg,5
train_228_happy.jpg,0
train_228_neutral.jpg,6
train_228_sad.jpg,2
train_228_surprise.jpg,1
train_229_angry.jpg,3
train_229_disgust.jpg,4
train_229_fear.jpg,5
train_229_happy.jpg,0
train_229_neutral.jpg,6
train_229_sad.jpg,2
train_229_surprise.jpg,1
train_22_angry.jpg,3
train_22_disgust.jpg,4
train_22_fear.jpg,5
train_22_happy.jpg,0
train_22_neutral.jpg,6
train_22_sad.jpg,2
train_22_surprise.jpg,1
train_230_angry.jpg,3
train_230_disgust.jpg,4
train_230_fear.jpg,5
train_230_happy.jpg,0
train_230_neutral.jpg,6
train_230_sad.jpg,2
train_230_surprise.jpg,1
train_231_angry.jpg,3
train_231_disgust.jpg,4
train_231_fear.jpg,5
train_231_happy.jpg,0
train_231_neutral.jpg,6
train_231_sad.jpg,2
train_231_surprise.jpg,1
train_232_angry.jpg,3
train_232_disgust.jpg,4
train_232_fear.jpg,5
train_232_happy.jpg,0
train_232_neutral.jpg,6
train_232_sad.jpg,2
train_232_surprise.jpg,1
train_233_angry.jpg,3
train_233_disgust.jpg,4
train_233_fear.jpg,5
train_233_happy.jpg,0
train_233_neutral.jpg,6
train_233_sad.jpg,2
train_233_surprise.jpg,1
train_234_angry.jpg,3
train_234_disgust.jpg,4
train_234_fear.jpg,5
train_234_happy.jpg,0
train_234_neutral.jpg,6
train_234_sad.jpg,2
train_234_surprise.jpg,1
train_235_angry.jpg,3
train_235_disgust.jpg,4
train_235_fear.jpg,5
train_235_happy.jpg,0
train_235_neutral.jpg,6
train_235_sad.jpg,2
train_235_surprise.jpg,1
train_236_angry.jpg,3
train_236_disgust.jpg,4
train_236_fear.jpg,5
train_236_happy.jpg,0
train_236_neutral.jpg,6
train_236_sad.jpg,2
train_236_surprise.jpg,1
train_237_angry.jpg,3
train_237_disgust.jpg,4
train_237_fear.jpg,5
train_237_happy.jpg,0
train_237_neutral.jpg,6
train_237_sad.jpg,2
train_237_surprise.jpg,1
train_238_angry.jpg,3
train_238_disgust.jpg,4
train_238_fear.jpg,5
train_238_happy.jpg,0
train_238_neutral.jpg,6
train_238_sad.jpg,2
train_238_surprise.jpg,1
train_239_angry.jpg,3
train_239_disgust.jpg,4
train_239_fear.jpg,5
train_239_happy.jpg,0
train_239_neutral.jpg,6
train_239_sad.jpg,2
train_239_surprise.jpg,1
train_23_angry.jpg,3
train_23_disgust.jpg,4
train_23_fear.jpg,5
train_23_happy.jpg,0
train_23_neutral.jpg,6
train_23_sad.jpg,2
train_23_surprise.jpg,1
train_240_angry.jpg,3
train_240_disgust.jpg,4
train_240_fear.jpg,5
train_240_happy.jpg,0
train_240_neutral.jpg,6
train_240_sad.jpg,2
train_240_surprise.jpg,1
train_241_angry.jpg,3
train_241_disgust.jpg,4
train_241_fear.jpg,5
train_241_happy.jpg,0
train_241_neutral.jpg,6
train_241_sad.jpg,2
train_241_surprise.jpg,1
train_242_angry.jpg,3
train_242_disgust.jpg,4
train_242_fear.jpg,5
train_242_happy.jpg,0
train_242_neutral.jpg,6
train_242_sad.jpg,2
train_242_surprise.jpg,1
train_243_angry.jpg,3
train_243_disgust.jpg,4
train_243_fear.jpg,5
train_243_happy.jpg,0
train_243_neutral.jpg,6
train_243_sad.jpg,2
train_243_surprise.jpg,1
train_244_angry.jpg,3
train_244_disgust.jpg,4
train_244_fear.jpg,5
train_244_happy.jpg,0
train_244_neutral.jpg,6
train_244_sad.jpg,2
train_244_surprise.jpg,1
train_245_angry.jpg,3
train_245_disgust.jpg,4
train_245_fear.jpg,5
train_245_happy.jpg,0
train_245_neutral.jpg,6
train_245_sad.jpg,2
train_245_surprise.jpg,1
train_246_angry.jpg,3
train_246_disgust.jpg,4
train_246_fear.jpg,5
train_246_happy.jpg,0
train_246_neutral.jpg,6
train_246_sad.jpg,2
train_246_surprise.jpg,1
train_247_angry.jpg,3
train_247_disgust.jpg,4
train_247_fear.jpg,5
train_247_happy.jpg,0
train_247_neutral.jpg,6
train_247_sad.jpg,2
train_247_surprise.jpg,1
train_248_angry.jpg,3
train_248_disgust.jpg,4
train_248_fear.jpg,5
train_248_happy.jpg,0
train_248_neutral.jpg,6
train_248_sad.jpg,2
train_248_surprise.jpg,1
train_249_angry.jpg,3
train_249_disgust.jpg,4
train_249_fear.jpg,5
train_249_happy.jpg,0
train_249_neutral.jpg,6
train_249_sad.jpg,2
train_249_surprise.jpg,1
train_24_angry.jpg,3
train_24_disgust.jpg,4
train_24_fear.jpg,5
train_24_happy.jpg,0
train_24_neutral.jpg,6
train_24_sad.jpg,2
train_24_surprise.jpg,1
train_250_angry.jpg,3
train_250_disgust.jpg,4
train_250_fear.jpg,5
train_250_happy.jpg,0
train_250_neutral.jpg,6
train_250_sad.jpg,2
train_250_surprise.jpg,1
train_251_angry.jpg,3
train_251_disgust.jpg,4
train_251_fear.jpg,5
train_251_happy.jpg,0
train_251_neutral.jpg,6
train_251_sad.jpg,2
train_251_surprise.jpg,1
train_252_angry.jpg,3
train_252_disgust.jpg,4
train_252_fear.jpg,5
train_252_happy.jpg,0
train_252_neutral.jpg,6
train_252_sad.jpg,2
train_252_surprise.jpg,1
train_253_angry.jpg,3
train_253_disgust.jpg,4
train_253_fear.jpg,5
train_253_happy.jpg,0
train_253_neutral.jpg,6
train_253_sad.jpg,2
train_253_surprise.jpg,1
train_254_angry.jpg,3
train_254_disgust.jpg,4
train_254_fear.jpg,5
train_254_happy.jpg,0
train_254_neutral.jpg,6
train_254_sad.jpg,2
train_254_surprise.jpg,1
train_255_angry.jpg,3
train_255_disgust.jpg,4
train_255_fear.jpg,5
train_255_happy.jpg,0
train_255_neutral.jpg,6
train_255_sad.jpg,2
train_255_surprise.jpg,1
train_256_angry.jpg,3
train_256_disgust.jpg,4
train_256_fear.jpg,5
train_256_happy.jpg,0
train_256_neutral.jpg,6
train_256_sad.jpg,2
train_256_surprise.jpg,1
train_257_angry.jpg,3
train_257_disgust.jpg,4
train_257_fear.jpg,5
train_257_happy.jpg,0
train_257_neutral.jpg,6
train_257_sad.jpg,2
train_257_surprise.jpg,1
train_258_angry.jpg,3
train_258_disgust.jpg,4
train_258_fear.jpg,5
train_258_happy.jpg,0
train_258_neutral.jpg,6
train_258_sad.jpg,2
train_258_surprise.jpg,1
train_259_angry.jpg,3
train_259_disgust.jpg,4
train_259_fear.jpg,5
train_259_happy.jpg,0
train_259_neutral.jpg,6
train_259_sad.jpg,2
train_259_surprise.jpg,1
train_25_angry.jpg,3
train_25_disgust.jpg,4
train_25_fear.jpg,5
train_25_happy.jpg,0
train_25_neutral.jpg,6
train_25_sad.jpg,2
train_25_surprise.jpg,1
train_260_angry.jpg,3
train_260_disgust.jpg,4
train_260_fear.jpg,5
train_260_happy.jpg,0
train_260_neutral.jpg,6
train_260_sad.jpg,2
train_260_surprise.jpg,1
train_261_angry.jpg,3
train_261_disgust.jpg,4
train_261_fear.jpg,5
train_261_happy.jpg,0
train_261_neutral.jpg,6
train_261_sad.jpg,2
train_261_surprise.jpg,1
train_262_angry.jpg,3
train_262_disgust.jpg,4
train_262_fear.jpg,5
train_262_happy.jpg,0
train_262_neutral.jpg,6
train_262_sad.jpg,2
train_262_surprise.jpg,1
train_263_angry.jpg,3
train_263_disgust.jpg,4
train_263_fear.jpg,5
train_263_happy.jpg,0
train_263_neutral.jpg,6
train_263_sad.jpg,2
train_263_surprise.jpg,1
train_264_angry.jpg,3
train_264_disgust.jpg,4
train_264_fear.jpg,5
train_264_happy.jpg,0
train_264_neutral.jpg,6
train_264_sad.jpg,2
train_264_surprise.jpg,1
train_265_angry.jpg,3
train_265_disgust.jpg,4
train_265_fear.jpg,5
train_265_happy.jpg,0
train_265_neutral.jpg,6
train_265_sad.jpg,2
train_265_surprise.jpg,1
train_266_angry.jpg,3
train_266_disgust.jpg,4
train_266_fear.jpg,5
train_266_happy.jpg,0
train_266_neutral.jpg,6
train_266_sad.jpg,2
train_266_surprise.jpg,1
train_267_angry.jpg,3
train_267_disgust.jpg,4
train_267_fear.jpg,5
train_267_happy.jpg,0
train_267_neutral.jpg,6
train_267_sad.jpg,2
train_267_surprise.jpg,1
train_268_angry.jpg,3
train_268_disgust.jpg,4
train_268_fear.jpg,5
train_268_happy.jpg,0
train_268_neutral.jpg,6
train_268_sad.jpg,2
train_268_surprise.jpg,1
train_269_angry.jpg,3
train_269_disgust.jpg,4
train_269_fear.jpg,5
train_269_happy.jpg,0
train_269_neutral.jpg,6
train_269_sad.jpg,2
train_269_surprise.jpg,1
train_26_angry.jpg,3
train_26_disgust.jpg,4
train_26_fear.jpg,5
train_26_happy.jpg,0
train_26_neutral.jpg,6
train_26_sad.jpg,2
train_26_surprise.jpg,1
train_270_angry.jpg,3
train_270_disgust.jpg,4
train_270_fear.jpg,5
train_270_happy.jpg,0
train_270_neutral.jpg,6
train_270_sad.jpg,2
train_270_surprise.jpg,1
train_271_angry.jpg,3
train_271_disgust.jpg,4
train_271_fear.jpg,5
train_271_happy.jpg,0
train_271_neutral.jpg,6
train_271_sad.jpg,2
train_271_surprise.jpg,1
train_272_angry.jpg,3
train_272_disgust.jpg,4
train_272_fear.jpg,5
train_272_happy.jpg,0
train_272_neutral.jpg,6
train_272_sad.jpg,2
train_272_surprise.jpg,1
train_273_angry.jpg,3
train_273_disgust.jpg,4
train_273_fear.jpg,5
train_273_happy.jpg,0
train_273_neutral.jpg,6
train_273_sad.jpg,2
train_273_surprise.jpg,1
train_274_angry.jpg,3
train_274_disgust.jpg,4
train_274_fear.jpg,5
train_274_happy.jpg,0
train_274_neutral.jpg,6
train_274_sad.jpg,2
train_274_surprise.jpg,1
train_275_angry.jpg,3
train_275_disgust.jpg,4
train_275_fear.jpg,5
train_275_happy.jpg,0
train_275_neutral.jpg,6
train_275_sad.jpg,2
train_275_surprise.jpg,1
train_276_angry.jpg,3
train_276_disgust.jpg,4
train_276_fear.jpg,5
train_276_happy.jpg,0
train_276_neutral.jpg,6
train_276_sad.jpg,2
train_276_surprise.jpg,1
train_277_angry.jpg,3
train_277_disgust.jpg,4
train_277_fear.jpg,5
train_277_happy.jpg,0
train_277_neutral.jpg,6
train_277_sad.jpg,2
train_277_surprise.jpg,1
train_278_angry.jpg,3
train_278_disgust.jpg,4
train_278_fear.jpg,5
train_278_happy.jpg,0
train_278_neutral.jpg,6
train_278_sad.jpg,2
train_278_surprise.jpg,1
train_279_angry.jpg,3
train_279_disgust.jpg,4
train_279_fear.jpg,5
train_279_happy.jpg,0
train_279_neutral.jpg,6
train_279_sad.jpg,2
train_279_surprise.jpg,1
train_27_angry.jpg,3
train_27_disgust.jpg,4
train_27_fear.jpg,5
train_27_happy.jpg,0
train_27_neutral.jpg,6
train_27_sad.jpg,2
train_27_surprise.jpg,1
train_280_angry.jpg,3
train_280_disgust.jpg,4
train_280_fear.jpg,5
train_280_happy.jpg,0
train_280_neutral.jpg,6
train_280_sad.jpg,2
train_280_surprise.jpg,1
train_281_angry.jpg,3
train_281_disgust.jpg,4
train_281_fear.jpg,5
train_281_happy.jpg,0
train_281_neutral.jpg,6
train_281_sad.jpg,2
train_281_surprise.jpg,1
train_282_angry.jpg,3
train_282_disgust.jpg,4
train_282_fear.jpg,5
train_282_happy.jpg,0
train_282_neutral.jpg,6
train_282_sad.jpg,2
train_282_surprise.jpg,1
train_283_angry.jpg,3
train_283_disgust.jpg,4
train_283_fear.jpg,5
train_283_happy.jpg,0
train_283_neutral.jpg,6
train_283_sad.jpg,2
train_283_surprise.jpg,1
train_284_angry.jpg,3
train_284_disgust.jpg,4
train_284_fear.jpg,5
train_284_happy.jpg,0
train_284_neutral.jpg,6
train_284_sad.jpg,2
train_284_surprise.jpg,1
train_285_angry.jpg,3
train_285_disgust.jpg,4
train_285_fear.jpg,5
train_285_happy.jpg,0
train_285_neutral.jpg,6
train_285_sad.jpg,2
train_285_surprise.jpg,1
train_286_angry.jpg,3
train_286_disgust.jpg,4
train_286_fear.jpg,5
train_286_happy.jpg,0
train_286_neutral.jpg,6
train_286_sad.jpg,2
train_286_surprise.jpg,1
train_287_angry.jpg,3
train_287_disgust.jpg,4
train_287_fear.jpg,5
train_287_happy.jpg,0
train_287_neutral.jpg,6
train_287_sad.jpg,2
train_287_surprise.jpg,1
train_288_angry.jpg,3
train_288_disgust.jpg,4
train_288_fear.jpg,5
train_288_happy.jpg,0
train_288_neutral.jpg,6
train_288_sad.jpg,2
train_288_surprise.jpg,1
train_289_angry.jpg,3
train_289_disgust.jpg,4
train_289_fear.jpg,5
train_289_happy.jpg,0
train_289_neutral.jpg,6
train_289_sad.jpg,2
train_289_surprise.jpg,1
train_28_angry.jpg,3
train_28_disgust.jpg,4
train_28_fear.jpg,5
train_28_happy.jpg,0
train_28_neutral.jpg,6
train_28_sad.jpg,2
train_28_surprise.jpg,1
train_290_angry.jpg,3
train_290_disgust.jpg,4
train_290_fear.jpg,5
train_290_happy.jpg,0
train_290_neutral.jpg,6
train_290_sad.jpg,2
train_290_surprise.jpg,1
train_291_angry.jpg,3
train_291_disgust.jpg,4
train_291_fear.jpg,5
train_291_happy.jpg,0
train_291_neutral.jpg,6
train_291_sad.jpg,2
train_291_surprise.jpg,1
train_292_angry.jpg,3
train_292_disgust.jpg,4
train_292_fear.jpg,5
train_292_happy.jpg,0
train_292_neutral.jpg,6
train_292_sad.jpg,2
train_292_surprise.jpg,1
train_293_angry.jpg,3
train_293_disgust.jpg,4
train_293_fear.jpg,5
train_293_happy.jpg,0
train_293_neutral.jpg,6
train_293_sad.jpg,2
train_293_surprise.jpg,1
train_294_angry.jpg,3
train_294_disgust.jpg,4
train_294_fear.jpg,5
train_294_happy.jpg,0
train_294_neutral.jpg,6
train_294_sad.jpg,2
train_294_surprise.jpg,1
train_295_angry.jpg,3
train_295_disgust.jpg,4
train_295_fear.jpg,5
train_295_happy.jpg,0
train_295_neutral.jpg,6
train_295_sad.jpg,2
train_295_surprise.jpg,1
train_296_angry.jpg,3
train_296_disgust.jpg,4
train_296_fear.jpg,5
train_296_happy.jpg,0
train_296_neutral.jpg,6
train_296_sad.jpg,2
train_296_surprise.jpg,1
train_297_angry.jpg,3
train_297_disgust.jpg,4
train_297_fear.jpg,5
train_297_happy.jpg,0
train_297_neutral.jpg,6
train_297_sad.jpg,2
train_297_surprise.jpg,1
train_298_angry.jpg,3
train_298_disgust.jpg,4
train_298_fear.jpg,5
train_298_happy.jpg,0
train_298_neutral.jpg,6
train_298_sad.jpg,2
train_298_surprise.jpg,1
train_299_angry.jpg,3
train_299_disgust.jpg,4
train_299_fear.jpg,5
train_299_happy.jpg,0
train_299_neutral.jpg,6
train_299_sad.jpg,2
train_299_surprise.jpg,1
train_29_angry.jpg,3
train_29_disgust.jpg,4
train_29_fear.jpg,5
train_29_happy.jpg,0
train_29_neutral.jpg,6
train_29_sad.jpg,2
train_29_surprise.jpg,1
train_2_angry.jpg,3
train_2_disgust.jpg,4
train_2_fear.jpg,5
train_2_happy.jpg,0
train_2_neutral.jpg,6
train_2_sad.jpg,2
train_2_surprise.jpg,1
train_300_angry.jpg,3
train_300_disgust.jpg,4
train_300_fear.jpg,5
train_300_happy.jpg,0
train_300_neutral.jpg,6
train_300_sad.jpg,2
train_300_surprise.jpg,1
train_301_angry.jpg,3
train_301_disgust.jpg,4
train_301_fear.jpg,5
train_301_happy.jpg,0
train_301_neutral.jpg,6
train_301_sad.jpg,2
train_301_surprise.jpg,1
train_302_angry.jpg,3
train_302_disgust.jpg,4
train_302_fear.jpg,5
train_302_happy.jpg,0
train_302_neutral.jpg,6
train_302_sad.jpg,2
train_302_surprise.jpg,1
train_303_angry.jpg,3
train_303_disgust.jpg,4
train_303_fear.jpg,5
train_303_happy.jpg,0
train_303_neutral.jpg,6
train_303_sad.jpg,2
train_303_surprise.jpg,1
train_304_angry.jpg,3
train_304_disgust.jpg,4
train_304_fear.jpg,5
train_304_happy.jpg,0
train_304_neutral.jpg,6
train_304_sad.jpg,2
train_304_surprise.jpg,1
train_305_angry.jpg,3
train_305_disgust.jpg,4
train_305_fear.jpg,5
train_305_happy.jpg,0
train_305_neutral.jpg,6
train_305_sad.jpg,2
train_305_surprise.jpg,1
train_306_angry.jpg,3
train_306_disgust.jpg,4
train_306_fear.jpg,5
train_306_happy.jpg,0
train_306_neutral.jpg,6
train_306_sad.jpg,2
train_306_surprise.jpg,1
train_307_angry.jpg,3
train_307_disgust.jpg,4
train_307_fear.jpg,5
train_307_happy.jpg,0
train_307_neutral.jpg,6
train_307_sad.jpg,2
train_307_surprise.jpg,1
train_308_angry.jpg,3
train_308_disgust.jpg,4
train_308_fear.jpg,5
train_308_happy.jpg,0
train_308_neutral.jpg,6
train_308_sad.jpg,2
train_308_surprise.jpg,1
train_309_angry.jpg,3
train_309_disgust.jpg,4
train_309_fear.jpg,5
train_309_happy.jpg,0
train_309_neutral.jpg,6
train_309_sad.jpg,2
train_309_surprise.jpg,1
train_30_angry.jpg,3
train_30_disgust.jpg,4
train_30_fear.jpg,5
train_30_happy.jpg,0
train_30_neutral.jpg,6
train_30_sad.jpg,2
train_30_surprise.jpg,1
train_310_angry.jpg,3
train_310_disgust.jpg,4
train_310_fear.jpg,5
train_310_happy.jpg,0
train_310_neutral.jpg,6
train_310_sad.jpg,2
train_310_surprise.jpg,1
train_311_angry.jpg,3
train_311_disgust.jpg,4
train_311_fear.jpg,5
train_311_happy.jpg,0
train_311_neutral.jpg,6
train_311_sad.jpg,2
train_311_surprise.jpg,1
train_312_angry.jpg,3
train_312_disgust.jpg,4
train_312_fear.jpg,5
train_312_happy.jpg,0
train_312_neutral.jpg,6
train_312_sad.jpg,2
train_312_surprise.jpg,1
train_313_angry.jpg,3
train_313_disgust.jpg,4
train_313_fear.jpg,5
train_313_happy.jpg,0
train_313_neutral.jpg,6
train_313_sad.jpg,2
train_313_surprise.jpg,1
train_314_angry.jpg,3
train_314_disgust.jpg,4
train_314_fear.jpg,5
train_314_happy.jpg,0
train_314_neutral.jpg,6
train_314_sad.jpg,2
train_314_surprise.jpg,1
train_315_angry.jpg,3
train_315_disgust.jpg,4
train_315_fear.jpg,5
train_315_happy.jpg,0
train_315_neutral.jpg,6
train_315_sad.jpg,2
train_315_surprise.jpg,1
train_316_angry.jpg,3
train_316_disgust.jpg,4
train_316_fear.jpg,5
train_316_happy.jpg,0
train_316_neutral.jpg,6
train_316_sad.jpg,2
train_316_surprise.jpg,1
train_317_angry.jpg,3
train_317_disgust.jpg,4
train_317_fear.jpg,5
train_317_happy.jpg,0
train_317_neutral.jpg,6
train_317_sad.jpg,2
train_317_surprise.jpg,1
train_318_angry.jpg,3
train_318_disgust.jpg,4
train_318_fear.jpg,5
train_318_happy.jpg,0
train_318_neutral.jpg,6
train_318_sad.jpg,2
train_318_surprise.jpg,1
train_319_angry.jpg,3
train_319_disgust.jpg,4
train_319_fear.jpg,5
train_319_happy.jpg,0
train_319_neutral.jpg,6
train_319_sad.jpg,2
train_319_surprise.jpg,1
train_31_angry.jpg,3
train_31_disgust.jpg,4
train_31_fear.jpg,5
train_31_happy.jpg,0
train_31_neutral.jpg,6
train_31_sad.jpg,2
train_31_surprise.jpg,1
train_320_angry.jpg,3
train_320_disgust.jpg,4
train_320_fear.jpg,5
train_320_happy.jpg,0
train_320_neutral.jpg,6
train_320_sad.jpg,2
train_320_surprise.jpg,1
train_321_angry.jpg,3
train_321_disgust.jpg,4
train_321_fear.jpg,5
train_321_happy.jpg,0
train_321_neutral.jpg,6
train_321_sad.jpg,2
train_321_surprise.jpg,1
train_322_angry.jpg,3
train_322_disgust.jpg,4
train_322_fear.jpg,5
train_322_happy.jpg,0
train_322_neutral.jpg,6
train_322_sad.jpg,2
train_322_surprise.jpg,1
train_323_angry.jpg,3
train_323_disgust.jpg,4
train_323_fear.jpg,5
train_323_happy.jpg,0
train_323_neutral.jpg,6
train_323_sad.jpg,2
train_323_surprise.jpg,1
train_324_angry.jpg,3
train_324_disgust.jpg,4
train_324_fear.jpg,5
train_324_happy.jpg,0
train_324_neutral.jpg,6
train_324_sad.jpg,2
train_324_surprise.jpg,1
train_325_angry.jpg,3
train_325_disgust.jpg,4
train_325_fear.jpg,5
train_325_happy.jpg,0
train_325_neutral.jpg,6
train_325_sad.jpg,2
train_325_surprise.jpg,1
train_326_angry.jpg,3
train_326_disgust.jpg,4
train_326_fear.jpg,5
train_326_happy.jpg,0
train_326_neutral.jpg,6
train_326_sad.jpg,2
train_326_surprise.jpg,1
train_327_angry.jpg,3
train_327_disgust.jpg,4
train_327_fear.jpg,5
train_327_happy.jpg,0
train_327_neutral.jpg,6
train_327_sad.jpg,2
train_327_surprise.jpg,1
train_328_angry.jpg,3
train_328_disgust.jpg,4
train_328_fear.jpg,5
train_328_happy.jpg,0
train_328_neutral.jpg,6
train_328_sad.jpg,2
train_328_surprise.jpg,1
train_329_angry.jpg,3
train_329_disgust.jpg,4
train_329_fear.jpg,5
train_329_happy.jpg,0
train_329_neutral.jpg,6
train_329_sad.jpg,2
train_329_surprise.jpg,1
train_32_angry.jpg,3
train_32_disgust.jpg,4
train_32_fear.jpg,5
train_32_happy.jpg,0
train_32_neutral.jpg,6
train_32_sad.jpg,2
train_32_surprise.jpg,1
train_330_angry.jpg,3
train_330_disgust.jpg,4
train_330_fear.jpg,5
train_330_happy.jpg,0
train_330_neutral.jpg,6
train_330_sad.jpg,2
train_330_surprise.jpg,1
train_331_angry.jpg,3
train_331_disgust.jpg,4
train_331_fear.jpg,5
train_331_happy.jpg,0
train_331_neutral.jpg,6
train_331_sad.jpg,2
train_331_surprise.jpg,1
train_332_angry.jpg,3
train_332_disgust.jpg,4
train_332_fear.jpg,5
train_332_happy.jpg,0
train_332_neutral.jpg,6
train_332_sad.jpg,2
train_332_surprise.jpg,1
train_333_angry.jpg,3
train_333_disgust.jpg,4
train_333_fear.jpg,5
train_333_happy.jpg,0
train_333_neutral.jpg,6
train_333_sad.jpg,2
train_333_surprise.jpg,1
train_334_angry.jpg,3
train_334_disgust.jpg,4
train_334_fear.jpg,5
train_334_happy.jpg,0
train_334_neutral.jpg,6
train_334_sad.jpg,2
train_334_surprise.jpg,1
train_335_angry.jpg,3
train_335_disgust.jpg,4
train_335_fear.jpg,5
train_335_happy.jpg,0
train_335_neutral.jpg,6
train_335_sad.jpg,2
train_335_surprise.jpg,1
train_336_angry.jpg,3
train_336_disgust.jpg,4
train_336_fear.jpg,5
train_336_happy.jpg,0
train_336_neutral.jpg,6
train_336_sad.jpg,2
train_336_surprise.jpg,1
train_337_angry.jpg,3
train_337_disgust.jpg,4
train_337_fear.jpg,5
train_337_happy.jpg,0
train_337_neutral.jpg,6
train_337_sad.jpg,2
train_337_surprise.jpg,1
train_338_angry.jpg,3
train_338_disgust.jpg,4
train_338_fear.jpg,5
train_338_happy.jpg,0
train_338_neutral.jpg,6
train_338_sad.jpg,2
train_338_surprise.jpg,1
train_339_angry.jpg,3
train_339_disgust.jpg,4
train_339_fear.jpg,5
train_339_happy.jpg,0
train_339_neutral.jpg,6
train_339_sad.jpg,2
train_339_surprise.jpg,1
train_33_angry.jpg,3
train_33_disgust.jpg,4
train_33_fear.jpg,5
train_33_happy.jpg,0
train_33_neutral.jpg,6
train_33_sad.jpg,2
train_33_surprise.jpg,1
train_340_angry.jpg,3
train_340_disgust.jpg,4
train_340_fear.jpg,5
train_340_happy.jpg,0
train_340_neutral.jpg,6
train_340_sad.jpg,2
train_340_surprise.jpg,1
train_341_angry.jpg,3
train_341_disgust.jpg,4
train_341_fear.jpg,5
train_341_happy.jpg,0
train_341_neutral.jpg,6
train_341_sad.jpg,2
train_341_surprise.jpg,1
train_342_angry.jpg,3
train_342_disgust.jpg,4
train_342_fear.jpg,5
train_342_happy.jpg,0
train_342_neutral.jpg,6
train_342_sad.jpg,2
train_342_surprise.jpg,1
train_343_angry.jpg,3
train_343_disgust.jpg,4
train_343_fear.jpg,5
train_343_happy.jpg,0
train_343_neutral.jpg,6
train_343_sad.jpg,2
train_343_surprise.jpg,1
train_344_angry.jpg,3
train_344_disgust.jpg,4
train_344_fear.jpg,5
train_344_happy.jpg,0
train_344_neutral.jpg,6
train_344_sad.jpg,2
train_344_surprise.jpg,1
train_345_angry.jpg,3
train_345_disgust.jpg,4
train_345_fear.jpg,5
train_345_happy.jpg,0
train_345_neutral.jpg,6
train_345_sad.jpg,2
train_345_surprise.jpg,1
train_346_angry.jpg,3
train_346_disgust.jpg,4
train_346_fear.jpg,5
train_346_happy.jpg,0
train_346_neutral.jpg,6
train_346_sad.jpg,2
train_346_surprise.jpg,1
train_347_angry.jpg,3
train_347_disgust.jpg,4
train_347_fear.jpg,5
train_347_happy.jpg,0
train_347_neutral.jpg,6
train_347_sad.jpg,2
train_347_surprise.jpg,1
train_348_angry.jpg,3
train_348_disgust.jpg,4
train_348_fear.jpg,5
train_348_happy.jpg,0
train_348_neutral.jpg,6
train_348_sad.jpg,2
train_348_surprise.jpg,1
train_349_angry.jpg,3
train_349_disgust.jpg,4
train_349_fear.jpg,5
train_349_happy.jpg,0
train_349_neutral.jpg,6
train_349_sad.jpg,2
train_349_surprise.jpg,1
train_34_angry.jpg,3
train_34_disgust.jpg,4
train_34_fear.jpg,5
train_34_happy.jpg,0
train_34_neutral.jpg,6
train_34_sad.jpg,2
train_34_surprise.jpg,1
train_350_angry.jpg,3
train_350_disgust.jpg,4
train_350_fear.jpg,5
train_350_happy.jpg,0
train_350_neutral.jpg,6
train_350_sad.jpg,2
train_350_surprise.jpg,1
train_351_angry.jpg,3
train_351_disgust.jpg,4
train_351_fear.jpg,5
train_351_happy.jpg,0
train_351_neutral.jpg,6
train_351_sad.jpg,2
train_351_surprise.jpg,1
train_352_angry.jpg,3
train_352_disgust.jpg,4
train_352_fear.jpg,5
train_352_happy.jpg,0
train_352_neutral.jpg,6
train_352_sad.jpg,2
train_352_surprise.jpg,1
train_353_angry.jpg,3
train_353_disgust.jpg,4
train_353_fear.jpg,5
train_353_happy.jpg,0
train_353_neutral.jpg,6
train_353_sad.jpg,2
train_353_surprise.jpg,1
train_354_angry.jpg,3
train_354_disgust.jpg,4
train_354_fear.jpg,5
train_354_happy.jpg,0
train_354_neutral.jpg,6
train_354_sad.jpg,2
train_354_surprise.jpg,1
train_355_angry.jpg,3
train_355_disgust.jpg,4
train_355_fear.jpg,5
train_355_happy.jpg,0
train_355_neutral.jpg,6
train_355_sad.jpg,2
train_355_surprise.jpg,1
train_356_angry.jpg,3
train_356_disgust.jpg,4
train_356_fear.jpg,5
train_356_happy.jpg,0
train_356_neutral.jpg,6
train_356_sad.jpg,2
train_356_surprise.jpg,1
train_357_angry.jpg,3
train_357_disgust.jpg,4
train_357_fear.jpg,5
train_357_happy.jpg,0
train_357_neutral.jpg,6
train_357_sad.jpg,2
train_357_surprise.jpg,1
train_358_angry.jpg,3
train_358_disgust.jpg,4
train_358_fear.jpg,5
train_358_happy.jpg,0
train_358_neutral.jpg,6
train_358_sad.jpg,2
train_358_surprise.jpg,1
train_359_angry.jpg,3
train_359_disgust.jpg,4
train_359_fear.jpg,5
train_359_happy.jpg,0
train_359_neutral.jpg,6
train_359_sad.jpg,2
train_359_surprise.jpg,1
train_35_angry.jpg,3
train_35_disgust.jpg,4
train_35_fear.jpg,5
train_35_happy.jpg,0
train_35_neutral.jpg,6
train_35_sad.jpg,2
train_35_surprise.jpg,1
train_360_angry.jpg,3
train_360_disgust.jpg,4
train_360_fear.jpg,5
train_360_happy.jpg,0
train_360_neutral.jpg,6
train_360_sad.jpg,2
train_360_surprise.jpg,1
train_361_angry.jpg,3
train_361_disgust.jpg,4
train_361_fear.jpg,5
train_361_happy.jpg,0
train_361_neutral.jpg,6
train_361_sad.jpg,2
train_361_surprise.jpg,1
train_362_angry.jpg,3
train_362_disgust.jpg,4
train_362_fear.jpg,5
train_362_happy.jpg,0
train_362_neutral.jpg,6
train_362_sad.jpg,2
train_362_surprise.jpg,1
train_363_angry.jpg,3
train_363_disgust.jpg,4
train_363_fear.jpg,5
train_363_happy.jpg,0
train_363_neutral.jpg,6
train_363_sad.jpg,2
train_363_surprise.jpg,1
train_364_angry.jpg,3
train_364_disgust.jpg,4
train_364_fear.jpg,5
train_364_happy.jpg,0
train_364_neutral.jpg,6
train_364_sad.jpg,2
train_364_surprise.jpg,1
train_365_angry.jpg,3
train_365_disgust.jpg,4
train_365_fear.jpg,5
train_365_happy.jpg,0
train_365_neutral.jpg,6
train_365_sad.jpg,2
train_365_surprise.jpg,1
train_366_angry.jpg,3
train_366_disgust.jpg,4
train_366_fear.jpg,5
train_366_happy.jpg,0
train_366_neutral.jpg,6
train_366_sad.jpg,2
train_366_surprise.jpg,1
train_367_angry.jpg,3
train_367_disgust.jpg,4
train_367_fear.jpg,5
train_367_happy.jpg,0
train_367_neutral.jpg,6
train_367_sad.jpg,2
train_367_surprise.jpg,1
train_368_angry.jpg,3
train_368_disgust.jpg,4
train_368_fear.jpg,5
train_368_happy.jpg,0
train_368_neutral.jpg,6
train_368_sad.jpg,2
train_368_surprise.jpg,1
train_369_angry.jpg,3
train_369_disgust.jpg,4
train_369_fear.jpg,5
train_369_happy.jpg,0
train_369_neutral.jpg,6
train_369_sad.jpg,2
train_369_surprise.jpg,1
train_36_angry.jpg,3
train_36_disgust.jpg,4
train_36_fear.jpg,5
train_36_happy.jpg,0
train_36_neutral.jpg,6
train_36_sad.jpg,2
train_36_surprise.jpg,1
train_370_angry.jpg,3
train_370_disgust.jpg,4
train_370_fear.jpg,5
train_370_happy.jpg,0
train_370_neutral.jpg,6
train_370_sad.jpg,2
train_370_surprise.jpg,1
train_371_angry.jpg,3
train_371_disgust.jpg,4
train_371_fear.jpg,5
train_371_happy.jpg,0
train_371_neutral.jpg,6
train_371_sad.jpg,2
train_371_surprise.jpg,1
train_372_angry.jpg,3
train_372_disgust.jpg,4
train_372_fear.jpg,5
train_372_happy.jpg,0
train_372_neutral.jpg,6
train_372_sad.jpg,2
train_372_surprise.jpg,1
train_373_angry.jpg,3
train_373_disgust.jpg,4
train_373_fear.jpg,5
train_373_happy.jpg,0
train_373_neutral.jpg,6
train_373_sad.jpg,2
train_373_surprise.jpg,1
train_374_angry.jpg,3
train_374_disgust.jpg,4
train_374_fear.jpg,5
train_374_happy.jpg,0
train_374_neutral.jpg,6
train_374_sad.jpg,2
train_374_surprise.jpg,1
train_375_angry.jpg,3
train_375_disgust.jpg,4
train_375_fear.jpg,5
train_375_happy.jpg,0
train_375_neutral.jpg,6
train_375_sad.jpg,2
train_375_surprise.jpg,1
train_376_angry.jpg,3
train_376_disgust.jpg,4
train_376_fear.jpg,5
train_376_happy.jpg,0
train_376_neutral.jpg,6
train_376_sad.jpg,2
train_376_surprise.jpg,1
train_377_angry.jpg,3
train_377_disgust.jpg,4
train_377_fear.jpg,5
train_377_happy.jpg,0
train_377_neutral.jpg,6
train_377_sad.jpg,2
train_377_surprise.jpg,1
train_378_angry.jpg,3
train_378_disgust.jpg,4
train_378_fear.jpg,5
train_378_happy.jpg,0
train_378_neutral.jpg,6
train_378_sad.jpg,2
train_378_surprise.jpg,1
train_379_angry.jpg,3
train_379_disgust.jpg,4
train_379_fear.jpg,5
train_379_happy.jpg,0
train_379_neutral.jpg,6
train_379_sad.jpg,2
train_379_surprise.jpg,1
train_37_angry.jpg,3
train_37_disgust.jpg,4
train_37_fear.jpg,5
train_37_happy.jpg,0
train_37_neutral.jpg,6
train_37_sad.jpg,2
train_37_surprise.jpg,1
train_380_angry.jpg,3
train_380_disgust.jpg,4
train_380_fear.jpg,5
train_380_happy.jpg,0
train_380_neutral.jpg,6
train_380_sad.jpg,2
train_380_surprise.jpg,1
train_381_angry.jpg,3
train_381_disgust.jpg,4
train_381_fear.jpg,5
train_381_happy.jpg,0
train_381_neutral.jpg,6
train_381_sad.jpg,2
train_381_surprise.jpg,1
train_382_angry.jpg,3
train_382_disgust.jpg,4
train_382_fear.jpg,5
train_382_happy.jpg,0
train_382_neutral.jpg,6
train_382_sad.jpg,2
train_382_surprise.jpg,1
train_383_angry.jpg,3
train_383_disgust.jpg,4
train_383_fear.jpg,5
train_383_happy.jpg,0
train_383_neutral.jpg,6
train_383_sad.jpg,2
train_383_surprise.jpg,1
train_384_angry.jpg,3
train_384_disgust.jpg,4
train_384_fear.jpg,5
train_384_happy.jpg,0
train_384_neutral.jpg,6
train_384_sad.jpg,2
train_384_surprise.jpg,1
train_385_angry.jpg,3
train_385_disgust.jpg,4
train_385_fear.jpg,5
train_385_happy.jpg,0
train_385_neutral.jpg,6
train_385_sad.jpg,2
train_385_surprise.jpg,1
train_386_angry.jpg,3
train_386_disgust.jpg,4
train_386_fear.jpg,5
train_386_happy.jpg,0
train_386_neutral.jpg,6
train_386_sad.jpg,2
train_386_surprise.jpg,1
train_387_angry.jpg,3
train_387_disgust.jpg,4
train_387_fear.jpg,5
train_387_happy.jpg,0
train_387_neutral.jpg,6
train_387_sad.jpg,2
train_387_surprise.jpg,1
train_388_angry.jpg,3
train_388_disgust.jpg,4
train_388_fear.jpg,5
train_388_happy.jpg,0
train_388_neutral.jpg,6
train_388_sad.jpg,2
train_388_surprise.jpg,1
train_389_angry.jpg,3
train_389_disgust.jpg,4
train_389_fear.jpg,5
train_389_happy.jpg,0
train_389_neutral.jpg,6
train_389_sad.jpg,2
train_389_surprise.jpg,1
train_38_angry.jpg,3
train_38_disgust.jpg,4
train_38_fear.jpg,5
train_38_happy.jpg,0
train_38_neutral.jpg,6
train_38_sad.jpg,2
train_38_surprise.jpg,1
train_390_angry.jpg,3
train_390_disgust.jpg,4
train_390_fear.jpg,5
train_390_happy.jpg,0
train_390_neutral.jpg,6
train_390_sad.jpg,2
train_390_surprise.jpg,1
train_391_angry.jpg,3
train_391_disgust.jpg,4
train_391_fear.jpg,5
train_391_happy.jpg,0
train_391_neutral.jpg,6
train_391_sad.jpg,2
train_391_surprise.jpg,1
train_392_angry.jpg,3
train_392_disgust.jpg,4
train_392_fear.jpg,5
train_392_happy.jpg,0
train_392_neutral.jpg,6
train_392_sad.jpg,2
train_392_surprise.jpg,1
train_393_angry.jpg,3
train_393_disgust.jpg,4
train_393_fear.jpg,5
train_393_happy.jpg,0
train_393_neutral.jpg,6
train_393_sad.jpg,2
train_393_surprise.jpg,1
train_394_angry.jpg,3
train_394_disgust.jpg,4
train_394_fear.jpg,5
train_394_happy.jpg,0
train_394_neutral.jpg,6
train_394_sad.jpg,2
train_394_surprise.jpg,1
train_395_angry.jpg,3
train_395_disgust.jpg,4
train_395_fear.jpg,5
train_395_happy.jpg,0
train_395_neutral.jpg,6
train_395_sad.jpg,2
train_395_surprise.jpg,1
train_396_angry.jpg,3
train_396_disgust.jpg,4
train_396_fear.jpg,5
train_396_happy.jpg,0
train_396_neutral.jpg,6
train_396_sad.jpg,2
train_396_surprise.jpg,1
train_397_angry.jpg,3
train_397_disgust.jpg,4
train_397_fear.jpg,5
train_397_happy.jpg,0
train_397_neutral.jpg,6
train_397_sad.jpg,2
train_397_surprise.jpg,1
train_398_angry.jpg,3
train_398_disgust.jpg,4
train_398_fear.jpg,5
train_398_happy.jpg,0
train_398_neutral.jpg,6
train_398_sad.jpg,2
train_398_surprise.jpg,1
train_399_angry.jpg,3
train_399_disgust.jpg,4
train_399_fear.jpg,5
train_399_happy.jpg,0
train_399_neutral.jpg,6
train_399_sad.jpg,2
train_399_surprise.jpg,1
train_39_angry.jpg,3
train_39_disgust.jpg,4
train_39_fear.jpg,5
train_39_happy.jpg,0
train_39_neutral.jpg,6
train_39_sad.jpg,2
train_39_surprise.jpg,1
train_3_angry.jpg,3
train_3_disgust.jpg,4
train_3_fear.jpg,5
train_3_happy.jpg,0
train_3_neutral.jpg,6
train_3_sad.jpg,2
train_3_surprise.jpg,1
train_400_angry.jpg,3
train_400_disgust.jpg,4
train_400_fear.jpg,5
train_400_happy.jpg,0
train_400_neutral.jpg,6
train_400_sad.jpg,2
train_400_surprise.jpg,1
train_401_angry.jpg,3
train_401_disgust.jpg,4
train_401_fear.jpg,5
train_401_happy.jpg,0
train_401_neutral.jpg,6
train_401_sad.jpg,2
train_401_surprise.jpg,1
train_402_angry.jpg,3
train_402_disgust.jpg,4
train_402_fear.jpg,5
train_402_happy.jpg,0
train_402_neutral.jpg,6
train_402_sad.jpg,2
train_402_surprise.jpg,1
train_403_angry.jpg,3
train_403_disgust.jpg,4
train_403_fear.jpg,5
train_403_happy.jpg,0
train_403_neutral.jpg,6
train_403_sad.jpg,2
train_403_surprise.jpg,1
train_404_angry.jpg,3
train_404_disgust.jpg,4
train_404_fear.jpg,5
train_404_happy.jpg,0
train_404_neutral.jpg,6
train_404_sad.jpg,2
train_404_surprise.jpg,1
train_405_angry.jpg,3
train_405_disgust.jpg,4
train_405_fear.jpg,5
train_405_happy.jpg,0
train_405_neutral.jpg,6
train_405_sad.jpg,2
train_405_surprise.jpg,1
train_406_angry.jpg,3
train_406_disgust.jpg,4
train_406_fear.jpg,5
train_406_happy.jpg,0
train_406_neutral.jpg,6
train_406_sad.jpg,2
train_406_surprise.jpg,1
train_407_angry.jpg,3
train_407_disgust.jpg,4
train_407_fear.jpg,5
train_407_happy.jpg,0
train_407_neutral.jpg,6
train_407_sad.jpg,2
train_407_surprise.jpg,1
train_408_angry.jpg,3
train_408_disgust.jpg,4
train_408_fear.jpg,5
train_408_happy.jpg,0
train_408_neutral.jpg,6
train_408_sad.jpg,2
train_408_surprise.jpg,1
train_409_angry.jpg,3
train_409_disgust.jpg,4
train_409_fear.jpg,5
train_409_happy.jpg,0
train_409_neutral.jpg,6
train_409_sad.jpg,2
train_409_surprise.jpg,1
train_40_angry.jpg,3
train_40_disgust.jpg,4
train_40_fear.jpg,5
train_40_happy.jpg,0
train_40_neutral.jpg,6
train_40_sad.jpg,2
train_40_surprise.jpg,1
train_410_angry.jpg,3
train_410_disgust.jpg,4
train_410_fear.jpg,5
train_410_happy.jpg,0
train_410_neutral.jpg,6
train_410_sad.jpg,2
train_410_surprise.jpg,1
train_411_angry.jpg,3
train_411_disgust.jpg,4
train_411_fear.jpg,5
train_411_happy.jpg,0
train_411_neutral.jpg,6
train_411_sad.jpg,2
train_411_surprise.jpg,1
train_412_angry.jpg,3
train_412_disgust.jpg,4
train_412_fear.jpg,5
train_412_happy.jpg,0
train_412_neutral.jpg,6
train_412_sad.jpg,2
train_412_surprise.jpg,1
train_413_angry.jpg,3
train_413_disgust.jpg,4
train_413_fear.jpg,5
train_413_happy.jpg,0
train_413_neutral.jpg,6
train_413_sad.jpg,2
train_413_surprise.jpg,1
train_414_angry.jpg,3
train_414_disgust.jpg,4
train_414_fear.jpg,5
train_414_happy.jpg,0
train_414_neutral.jpg,6
train_414_sad.jpg,2
train_414_surprise.jpg,1
train_415_angry.jpg,3
train_415_disgust.jpg,4
train_415_fear.jpg,5
train_415_happy.jpg,0
train_415_neutral.jpg,6
train_415_sad.jpg,2
train_415_surprise.jpg,1
train_416_angry.jpg,3
train_416_disgust.jpg,4
train_416_fear.jpg,5
train_416_happy.jpg,0
train_416_neutral.jpg,6
train_416_sad.jpg,2
train_416_surprise.jpg,1
train_417_angry.jpg,3
train_417_disgust.jpg,4
train_417_fear.jpg,5
train_417_happy.jpg,0
train_417_neutral.jpg,6
train_417_sad.jpg,2
train_417_surprise.jpg,1
train_418_angry.jpg,3
train_418_disgust.jpg,4
train_418_fear.jpg,5
train_418_happy.jpg,0
train_418_neutral.jpg,6
train_418_sad.jpg,2
train_418_surprise.jpg,1
train_419_angry.jpg,3
train_419_disgust.jpg,4
train_419_fear.jpg,5
train_419_happy.jpg,0
train_419_neutral.jpg,6
train_419_sad.jpg,2
train_419_surprise.jpg,1
train_41_angry.jpg,3
train_41_disgust.jpg,4
train_41_fear.jpg,5
train_41_happy.jpg,0
train_41_neutral.jpg,6
train_41_sad.jpg,2
train_41_surprise.jpg,1
train_420_angry.jpg,3
train_420_disgust.jpg,4
train_420_fear.jpg,5
train_420_happy.jpg,0
train_420_neutral.jpg,6
train_420_sad.jpg,2
train_420_surprise.jpg,1
train_421_angry.jpg,3
train_421_disgust.jpg,4
train_421_fear.jpg,5
train_421_happy.jpg,0
train_421_neutral.jpg,6
train_421_sad.jpg,2
train_421_surprise.jpg,1
train_422_angry.jpg,3
train_422_disgust.jpg,4
train_422_fear.jpg,5
train_422_happy.jpg,0
train_422_neutral.jpg,6
train_422_sad.jpg,2
train_422_surprise.jpg,1
train_423_angry.jpg,3
train_423_disgust.jpg,4
train_423_fear.jpg,5
train_423_happy.jpg,0
train_423_neutral.jpg,6
train_423_sad.jpg,2
train_423_surprise.jpg,1
train_424_angry.jpg,3
train_424_disgust.jpg,4
train_424_fear.jpg,5
train_424_happy.jpg,0
train_424_neutral.jpg,6
train_424_sad.jpg,2
train_424_surprise.jpg,1
train_425_angry.jpg,3
train_425_disgust.jpg,4
train_425_fear.jpg,5
train_425_happy.jpg,0
train_425_neutral.jpg,6
train_425_sad.jpg,2
train_425_surprise.jpg,1
train_426_angry.jpg,3
train_426_disgust.jpg,4
train_426_fear.jpg,5
train_426_happy.jpg,0
train_426_neutral.jpg,6
train_426_sad.jpg,2
train_426_surprise.jpg,1
train_427_angry.jpg,3
train_427_disgust.jpg,4
train_427_fear.jpg,5
train_427_happy.jpg,0
train_427_neutral.jpg,6
train_427_sad.jpg,2
train_427_surprise.jpg,1
train_428_angry.jpg,3
train_428_disgust.jpg,4
train_428_fear.jpg,5
train_428_happy.jpg,0
train_428_neutral.jpg,6
train_428_sad.jpg,2
train_428_surprise.jpg,1
train_429_angry.jpg,3
train_429_disgust.jpg,4
train_429_fear.jpg,5
train_429_happy.jpg,0
train_429_neutral.jpg,6
train_429_sad.jpg,2
train_429_surprise.jpg,1
train_42_angry.jpg,3
train_42_disgust.jpg,4
train_42_fear.jpg,5
train_42_happy.jpg,0
train_42_neutral.jpg,6
train_42_sad.jpg,2
train_42_surprise.jpg,1
train_430_angry.jpg,3
train_430_disgust.jpg,4
train_430_fear.jpg,5
train_430_happy.jpg,0
train_430_neutral.jpg,6
train_430_sad.jpg,2
train_430_surprise.jpg,1
train_431_angry.jpg,3
train_431_disgust.jpg,4
train_431_fear.jpg,5
train_431_happy.jpg,0
train_431_neutral.jpg,6
train_431_sad.jpg,2
train_431_surprise.jpg,1
train_432_angry.jpg,3
train_432_disgust.jpg,4
train_432_fear.jpg,5
train_432_happy.jpg,0
train_432_neutral.jpg,6
train_432_sad.jpg,2
train_432_surprise.jpg,1
train_433_angry.jpg,3
train_433_disgust.jpg,4
train_433_fear.jpg,5
train_433_happy.jpg,0
train_433_neutral.jpg,6
train_433_sad.jpg,2
train_433_surprise.jpg,1
train_434_angry.jpg,3
train_434_disgust.jpg,4
train_434_fear.jpg,5
train_434_happy.jpg,0
train_434_neutral.jpg,6
train_434_sad.jpg,2
train_434_surprise.jpg,1
train_435_angry.jpg,3
train_435_disgust.jpg,4
train_435_fear.jpg,5
train_435_happy.jpg,0
train_435_neutral.jpg,6
train_435_sad.jpg,2
train_435_surprise.jpg,1
train_436_angry.jpg,3
train_436_disgust.jpg,4
train_436_fear.jpg,5
train_436_happy.jpg,0
train_436_neutral.jpg,6
train_436_sad.jpg,2
train_436_surprise.jpg,1
train_437_angry.jpg,3
train_437_disgust.jpg,4
train_437_fear.jpg,5
train_437_happy.jpg,0
train_437_neutral.jpg,6
train_437_sad.jpg,2
train_437_surprise.jpg,1
train_438_angry.jpg,3
train_438_disgust.jpg,4
train_438_fear.jpg,5
train_438_happy.jpg,0
train_438_neutral.jpg,6
train_438_sad.jpg,2
train_438_surprise.jpg,1
train_439_angry.jpg,3
train_439_disgust.jpg,4
train_439_fear.jpg,5
train_439_happy.jpg,0
train_439_neutral.jpg,6
train_439_sad.jpg,2
train_439_surprise.jpg,1
train_43_angry.jpg,3
train_43_disgust.jpg,4
train_43_fear.jpg,5
train_43_happy.jpg,0
train_43_neutral.jpg,6
train_43_sad.jpg,2
train_43_surprise.jpg,1
train_440_angry.jpg,3
train_440_disgust.jpg,4
train_440_fear.jpg,5
train_440_happy.jpg,0
train_440_neutral.jpg,6
train_440_sad.jpg,2
train_440_surprise.jpg,1
train_441_angry.jpg,3
train_441_disgust.jpg,4
train_441_fear.jpg,5
train_441_happy.jpg,0
train_441_neutral.jpg,6
train_441_sad.jpg,2
train_441_surprise.jpg,1
train_442_angry.jpg,3
train_442_disgust.jpg,4
train_442_fear.jpg,5
train_442_happy.jpg,0
train_442_neutral.jpg,6
train_442_sad.jpg,2
train_442_surprise.jpg,1
train_443_angry.jpg,3
train_443_disgust.jpg,4
train_443_fear.jpg,5
train_443_happy.jpg,0
train_443_neutral.jpg,6
train_443_sad.jpg,2
train_443_surprise.jpg,1
train_444_angry.jpg,3
train_444_disgust.jpg,4
train_444_fear.jpg,5
train_444_happy.jpg,0
train_444_neutral.jpg,6
train_444_sad.jpg,2
train_444_surprise.jpg,1
train_445_angry.jpg,3
train_445_disgust.jpg,4
train_445_fear.jpg,5
train_445_happy.jpg,0
train_445_neutral.jpg,6
train_445_sad.jpg,2
train_445_surprise.jpg,1
train_446_angry.jpg,3
train_446_disgust.jpg,4
train_446_fear.jpg,5
train_446_happy.jpg,0
train_446_neutral.jpg,6
train_446_sad.jpg,2
train_446_surprise.jpg,1
train_447_angry.jpg,3
train_447_disgust.jpg,4
train_447_fear.jpg,5
train_447_happy.jpg,0
train_447_neutral.jpg,6
train_447_sad.jpg,2
train_447_surprise.jpg,1
train_448_angry.jpg,3
train_448_disgust.jpg,4
train_448_fear.jpg,5
train_448_happy.jpg,0
train_448_neutral.jpg,6
train_448_sad.jpg,2
train_448_surprise.jpg,1
train_449_angry.jpg,3
train_449_disgust.jpg,4
train_449_fear.jpg,5
train_449_happy.jpg,0
train_449_neutral.jpg,6
train_449_sad.jpg,2
train_449_surprise.jpg,1
train_44_angry.jpg,3
train_44_disgust.jpg,4
train_44_fear.jpg,5
train_44_happy.jpg,0
train_44_neutral.jpg,6
train_44_sad.jpg,2
train_44_surprise.jpg,1
train_450_angry.jpg,3
train_450_disgust.jpg,4
train_450_fear.jpg,5
train_450_happy.jpg,0
train_450_neutral.jpg,6
train_450_sad.jpg,2
train_450_surprise.jpg,1
train_451_angry.jpg,3
train_451_disgust.jpg,4
train_451_fear.jpg,5
train_451_happy.jpg,0
train_451_neutral.jpg,6
train_451_sad.jpg,2
train_451_surprise.jpg,1
train_452_angry.jpg,3
train_452_disgust.jpg,4
train_452_fear.jpg,5
train_452_happy.jpg,0
train_452_neutral.jpg,6
train_452_sad.jpg,2
train_452_surprise.jpg,1
train_453_angry.jpg,3
train_453_disgust.jpg,4
train_453_fear.jpg,5
train_453_happy.jpg,0
train_453_neutral.jpg,6
train_453_sad.jpg,2
train_453_surprise.jpg,1
train_454_angry.jpg,3
train_454_disgust.jpg,4
train_454_fear.jpg,5
train_454_happy.jpg,0
train_454_neutral.jpg,6
train_454_sad.jpg,2
train_454_surprise.jpg,1
train_455_angry.jpg,3
train_455_disgust.jpg,4
train_455_fear.jpg,5
train_455_happy.jpg,0
train_455_neutral.jpg,6
train_455_sad.jpg,2
train_455_surprise.jpg,1
train_456_angry.jpg,3
train_456_disgust.jpg,4
train_456_fear.jpg,5
train_456_happy.jpg,0
train_456_neutral.jpg,6
train_456_sad.jpg,2
train_456_surprise.jpg,1
train_457_angry.jpg,3
train_457_disgust.jpg,4
train_457_fear.jpg,5
train_457_happy.jpg,0
train_457_neutral.jpg,6
train_457_sad.jpg,2
train_457_surprise.jpg,1
train_458_angry.jpg,3
train_458_disgust.jpg,4
train_458_fear.jpg,5
train_458_happy.jpg,0
train_458_neutral.jpg,6
train_458_sad.jpg,2
train_458_surprise.jpg,1
train_459_angry.jpg,3
train_459_disgust.jpg,4
train_459_fear.jpg,5
train_459_happy.jpg,0
train_459_neutral.jpg,6
train_459_sad.jpg,2
train_459_surprise.jpg,1
train_45_angry.jpg,3
train_45_disgust.jpg,4
train_45_fear.jpg,5
train_45_happy.jpg,0
train_45_neutral.jpg,6
train_45_sad.jpg,2
train_45_surprise.jpg,1
train_460_angry.jpg,3
train_460_disgust.jpg,4
train_460_fear.jpg,5
train_460_happy.jpg,0
train_460_neutral.jpg,6
train_460_sad.jpg,2
train_460_surprise.jpg,1
train_461_angry.jpg,3
train_461_disgust.jpg,4
train_461_fear.jpg,5
train_461_happy.jpg,0
train_461_neutral.jpg,6
train_461_sad.jpg,2
train_461_surprise.jpg,1
train_462_angry.jpg,3
train_462_disgust.jpg,4
train_462_fear.jpg,5
train_462_happy.jpg,0
train_462_neutral.jpg,6
train_462_sad.jpg,2
train_462_surprise.jpg,1
train_463_angry.jpg,3
train_463_disgust.jpg,4
train_463_fear.jpg,5
train_463_happy.jpg,0
train_463_neutral.jpg,6
train_463_sad.jpg,2
train_463_surprise.jpg,1
train_464_angry.jpg,3
train_464_disgust.jpg,4
train_464_fear.jpg,5
train_464_happy.jpg,0
train_464_neutral.jpg,6
train_464_sad.jpg,2
train_464_surprise.jpg,1
train_465_angry.jpg,3
train_465_disgust.jpg,4
train_465_fear.jpg,5
train_465_happy.jpg,0
train_465_neutral.jpg,6
train_465_sad.jpg,2
train_465_surprise.jpg,1
train_466_angry.jpg,3
train_466_disgust.jpg,4
train_466_fear.jpg,5
train_466_happy.jpg,0
train_466_neutral.jpg,6
train_466_sad.jpg,2
train_466_surprise.jpg,1
train_467_angry.jpg,3
train_467_disgust.jpg,4
train_467_fear.jpg,5
train_467_happy.jpg,0
train_467_neutral.jpg,6
train_467_sad.jpg,2
train_467_surprise.jpg,1
train_468_angry.jpg,3
train_468_disgust.jpg,4
train_468_fear.jpg,5
train_468_happy.jpg,0
train_468_neutral.jpg,6
train_468_sad.jpg,2
train_468_surprise.jpg,1
train_469_angry.jpg,3
train_469_disgust.jpg,4
train_469_fear.jpg,5
train_469_happy.jpg,0
train_469_neutral.jpg,6
train_469_sad.jpg,2
train_469_surprise.jpg,1
train_46_angry.jpg,3
train_46_disgust.jpg,4
train_46_fear.jpg,5
train_46_happy.jpg,0
train_46_neutral.jpg,6
train_46_sad.jpg,2
train_46_surprise.jpg,1
train_470_angry.jpg,3
train_470_disgust.jpg,4
train_470_fear.jpg,5
train_470_happy.jpg,0
train_470_neutral.jpg,6
train_470_sad.jpg,2
train_470_surprise.jpg,1
train_471_angry.jpg,3
train_471_disgust.jpg,4
train_471_fear.jpg,5
train_471_happy.jpg,0
train_471_neutral.jpg,6
train_471_sad.jpg,2
train_471_surprise.jpg,1
train_472_angry.jpg,3
train_472_disgust.jpg,4
train_472_fear.jpg,5
train_472_happy.jpg,0
train_472_neutral.jpg,6
train_472_sad.jpg,2
train_472_surprise.jpg,1
train_473_angry.jpg,3
train_473_disgust.jpg,4
train_473_fear.jpg,5
train_473_happy.jpg,0
train_473_neutral.jpg,6
train_473_sad.jpg,2
train_473_surprise.jpg,1
train_474_angry.jpg,3
train_474_disgust.jpg,4
train_474_fear.jpg,5
train_474_happy.jpg,0
train_474_neutral.jpg,6
train_474_sad.jpg,2
train_474_surprise.jpg,1
train_475_angry.jpg,3
train_475_disgust.jpg,4
train_475_fear.jpg,5
train_475_happy.jpg,0
train_475_neutral.jpg,6
train_475_sad.jpg,2
train_475_surprise.jpg,1
train_476_angry.jpg,3
train_476_disgust.jpg,4
train_476_fear.jpg,5
train_476_happy.jpg,0
train_476_neutral.jpg,6
train_476_sad.jpg,2
train_476_surprise.jpg,1
train_477_angry.jpg,3
train_477_disgust.jpg,4
train_477_fear.jpg,5
train_477_happy.jpg,0
train_477_neutral.jpg,6
train_477_sad.jpg,2
train_477_surprise.jpg,1
train_478_angry.jpg,3
train_478_disgust.jpg,4
train_478_fear.jpg,5
train_478_happy.jpg,0
train_478_neutral.jpg,6
train_478_sad.jpg,2
train_478_surprise.jpg,1
train_479_angry.jpg,3
train_479_disgust.jpg,4
train_479_fear.jpg,5
train_479_happy.jpg,0
train_479_neutral.jpg,6
train_479_sad.jpg,2
train_479_surprise.jpg,1
train_47_angry.jpg,3
train_47_disgust.jpg,4
train_47_fear.jpg,5
train_47_happy.jpg,0
train_47_neutral.jpg,6
train_47_sad.jpg,2
train_47_surprise.jpg,1
train_480_angry.jpg,3
train_480_disgust.jpg,4
train_480_fear.jpg,5
train_480_happy.jpg,0
train_480_neutral.jpg,6
train_480_sad.jpg,2
train_480_surprise.jpg,1
train_481_angry.jpg,3
train_481_disgust.jpg,4
train_481_fear.jpg,5
train_481_happy.jpg,0
train_481_neutral.jpg,6
train_481_sad.jpg,2
train_481_surprise.jpg,1
train_482_angry.jpg,3
train_482_disgust.jpg,4
train_482_fear.jpg,5
train_482_happy.jpg,0
train_482_neutral.jpg,6
train_482_sad.jpg,2
train_482_surprise.jpg,1
train_483_angry.jpg,3
train_483_disgust.jpg,4
train_483_fear.jpg,5
train_483_happy.jpg,0
train_483_neutral.jpg,6
train_483_sad.jpg,2
train_483_surprise.jpg,1
train_484_angry.jpg,3
train_484_disgust.jpg,4
train_484_fear.jpg,5
train_484_happy.jpg,0
train_484_neutral.jpg,6
train_484_sad.jpg,2
train_484_surprise.jpg,1
train_485_angry.jpg,3
train_485_disgust.jpg,4
train_485_fear.jpg,5
train_485_happy.jpg,0
train_485_neutral.jpg,6
train_485_sad.jpg,2
train_485_surprise.jpg,1
train_486_angry.jpg,3
train_486_disgust.jpg,4
train_486_fear.jpg,5
train_486_happy.jpg,0
train_486_neutral.jpg,6
train_486_sad.jpg,2
train_486_surprise.jpg,1
train_487_angry.jpg,3
train_487_disgust.jpg,4
train_487_fear.jpg,5
train_487_happy.jpg,0
train_487_neutral.jpg,6
train_487_sad.jpg,2
train_487_surprise.jpg,1
train_488_angry.jpg,3
train_488_disgust.jpg,4
train_488_fear.jpg,5
train_488_happy.jpg,0
train_488_neutral.jpg,6
train_488_sad.jpg,2
train_488_surprise.jpg,1
train_489_angry.jpg,3
train_489_disgust.jpg,4
train_489_fear.jpg,5
train_489_happy.jpg,0
train_489_neutral.jpg,6
train_489_sad.jpg,2
train_489_surprise.jpg,1
train_48_angry.jpg,3
train_48_disgust.jpg,4
train_48_fear.jpg,5
train_48_happy.jpg,0
train_48_neutral.jpg,6
train_48_sad.jpg,2
train_48_surprise.jpg,1
train_490_angry.jpg,3
train_490_disgust.jpg,4
train_490_fear.jpg,5
train_490_happy.jpg,0
train_490_neutral.jpg,6
train_490_sad.jpg,2
train_490_surprise.jpg,1
train_491_angry.jpg,3
train_491_disgust.jpg,4
train_491_fear.jpg,5
train_491_happy.jpg,0
train_491_neutral.jpg,6
train_491_sad.jpg,2
train_491_surprise.jpg,1
train_492_angry.jpg,3
train_492_disgust.jpg,4
train_492_fear.jpg,5
train_492_happy.jpg,0
train_492_neutral.jpg,6
train_492_sad.jpg,2
train_492_surprise.jpg,1
train_493_angry.jpg,3
train_493_disgust.jpg,4
train_493_fear.jpg,5
train_493_happy.jpg,0
train_493_neutral.jpg,6
train_493_sad.jpg,2
train_493_surprise.jpg,1
train_494_angry.jpg,3
train_494_disgust.jpg,4
train_494_fear.jpg,5
train_494_happy.jpg,0
train_494_neutral.jpg,6
train_494_sad.jpg,2
train_494_surprise.jpg,1
train_495_angry.jpg,3
train_495_disgust.jpg,4
train_495_fear.jpg,5
train_495_happy.jpg,0
train_495_neutral.jpg,6
train_495_sad.jpg,2
train_495_surprise.jpg,1
train_496_angry.jpg,3
train_496_disgust.jpg,4
train_496_fear.jpg,5
train_496_happy.jpg,0
train_496_neutral.jpg,6
train_496_sad.jpg,2
train_496_surprise.jpg,1
train_497_angry.jpg,3
train_497_disgust.jpg,4
train_497_fear.jpg,5
train_497_happy.jpg,0
train_497_neutral.jpg,6
train_497_sad.jpg,2
train_497_surprise.jpg,1
train_498_angry.jpg,3
train_498_disgust.jpg,4
train_498_fear.jpg,5
train_498_happy.jpg,0
train_498_neutral.jpg,6
train_498_sad.jpg,2
train_498_surprise.jpg,1
train_499_angry.jpg,3
train_499_disgust.jpg,4
train_499_fear.jpg,5
train_499_happy.jpg,0
train_499_neutral.jpg,6
train_499_sad.jpg,2
train_499_surprise.jpg,1
train_49_angry.jpg,3
train_49_disgust.jpg,4
train_49_fear.jpg,5
train_49_happy.jpg,0
train_49_neutral.jpg,6
train_49_sad.jpg,2
train_49_surprise.jpg,1
train_4_angry.jpg,3
train_4_disgust.jpg,4
train_4_fear.jpg,5
train_4_happy.jpg,0
train_4_neutral.jpg,6
train_4_sad.jpg,2
train_4_surprise.jpg,1
train_500_angry.jpg,3
train_500_disgust.jpg,4
train_500_fear.jpg,5
train_500_happy.jpg,0
train_500_neutral.jpg,6
train_500_sad.jpg,2
train_500_surprise.jpg,1
train_501_angry.jpg,3
train_501_disgust.jpg,4
train_501_fear.jpg,5
train_501_happy.jpg,0
train_501_neutral.jpg,6
train_501_sad.jpg,2
train_501_surprise.jpg,1
train_502_angry.jpg,3
train_502_disgust.jpg,4
train_502_fear.jpg,5
train_502_happy.jpg,0
train_502_neutral.jpg,6
train_502_sad.jpg,2
train_502_surprise.jpg,1
train_503_angry.jpg,3
train_503_disgust.jpg,4
train_503_fear.jpg,5
train_503_happy.jpg,0
train_503_neutral.jpg,6
train_503_sad.jpg,2
train_503_surprise.jpg,1
train_504_angry.jpg,3
train_504_disgust.jpg,4
train_504_fear.jpg,5
train_504_happy.jpg,0
train_504_neutral.jpg,6
train_504_sad.jpg,2
train_504_surprise.jpg,1
train_505_angry.jpg,3
train_505_disgust.jpg,4
train_505_fear.jpg,5
train_505_happy.jpg,0
train_505_neutral.jpg,6
train_505_sad.jpg,2
train_505_surprise.jpg,1
train_506_angry.jpg,3
train_506_disgust.jpg,4
train_506_fear.jpg,5
train_506_happy.jpg,0
train_506_neutral.jpg,6
train_506_sad.jpg,2
train_506_surprise.jpg,1
train_507_angry.jpg,3
train_507_disgust.jpg,4
train_507_fear.jpg,5
train_507_happy.jpg,0
train_507_neutral.jpg,6
train_507_sad.jpg,2
train_507_surprise.jpg,1
train_508_angry.jpg,3
train_508_disgust.jpg,4
train_508_fear.jpg,5
train_508_happy.jpg,0
train_508_neutral.jpg,6
train_508_sad.jpg,2
train_508_surprise.jpg,1
train_509_angry.jpg,3
train_509_disgust.jpg,4
train_509_fear.jpg,5
train_509_happy.jpg,0
train_509_neutral.jpg,6
train_509_sad.jpg,2
train_509_surprise.jpg,1
train_50_angry.jpg,3
train_50_disgust.jpg,4
train_50_fear.jpg,5
train_50_happy.jpg,0
train_50_neutral.jpg,6
train_50_sad.jpg,2
train_50_surprise.jpg,1
train_510_angry.jpg,3
train_510_disgust.jpg,4
train_510_fear.jpg,5
train_510_happy.jpg,0
train_510_neutral.jpg,6
train_510_sad.jpg,2
train_510_surprise.jpg,1
train_511_angry.jpg,3
train_511_disgust.jpg,4
train_511_fear.jpg,5
train_511_happy.jpg,0
train_511_neutral.jpg,6
train_511_sad.jpg,2
train_511_surprise.jpg,1
train_512_angry.jpg,3
train_512_disgust.jpg,4
train_512_fear.jpg,5
train_512_happy.jpg,0
train_512_neutral.jpg,6
train_512_sad.jpg,2
train_512_surprise.jpg,1
train_513_angry.jpg,3
train_513_disgust.jpg,4
train_513_fear.jpg,5
train_513_happy.jpg,0
train_513_neutral.jpg,6
train_513_sad.jpg,2
train_513_surprise.jpg,1
train_514_angry.jpg,3
train_514_disgust.jpg,4
train_514_fear.jpg,5
train_514_happy.jpg,0
train_514_neutral.jpg,6
train_514_sad.jpg,2
train_514_surprise.jpg,1
train_515_angry.jpg,3
train_515_disgust.jpg,4
train_515_fear.jpg,5
train_515_happy.jpg,0
train_515_neutral.jpg,6
train_515_sad.jpg,2
train_515_surprise.jpg,1
train_516_angry.jpg,3
train_516_disgust.jpg,4
train_516_fear.jpg,5
train_516_happy.jpg,0
train_516_neutral.jpg,6
train_516_sad.jpg,2
train_516_surprise.jpg,1
train_517_angry.jpg,3
train_517_disgust.jpg,4
train_517_fear.jpg,5
train_517_happy.jpg,0
train_517_neutral.jpg,6
train_517_sad.jpg,2
train_517_surprise.jpg,1
train_518_angry.jpg,3
train_518_disgust.jpg,4
train_518_fear.jpg,5
train_518_happy.jpg,0
train_518_neutral.jpg,6
train_518_sad.jpg,2
train_518_surprise.jpg,1
train_519_angry.jpg,3
train_519_disgust.jpg,4
train_519_fear.jpg,5
train_519_happy.jpg,0
train_519_neutral.jpg,6
train_519_sad.jpg,2
train_519_surprise.jpg,1
train_51_angry.jpg,3
train_51_disgust.jpg,4
train_51_fear.jpg,5
train_51_happy.jpg,0
train_51_neutral.jpg,6
train_51_sad.jpg,2
train_51_surprise.jpg,1
train_520_angry.jpg,3
train_520_disgust.jpg,4
train_520_fear.jpg,5
train_520_happy.jpg,0
train_520_neutral.jpg,6
train_520_sad.jpg,2
train_520_surprise.jpg,1
train_521_angry.jpg,3
train_521_disgust.jpg,4
train_521_fear.jpg,5
train_521_happy.jpg,0
train_521_neutral.jpg,6
train_521_sad.jpg,2
train_521_surprise.jpg,1
train_522_angry.jpg,3
train_522_disgust.jpg,4
train_522_fear.jpg,5
train_522_happy.jpg,0
train_522_neutral.jpg,6
train_522_sad.jpg,2
train_522_surprise.jpg,1
train_523_angry.jpg,3
train_523_disgust.jpg,4
train_523_fear.jpg,5
train_523_happy.jpg,0
train_523_neutral.jpg,6
train_523_sad.jpg,2
train_523_surprise.jpg,1
train_524_angry.jpg,3
train_524_disgust.jpg,4
train_524_fear.jpg,5
train_524_happy.jpg,0
train_524_neutral.jpg,6
train_524_sad.jpg,2
train_524_surprise.jpg,1
train_525_angry.jpg,3
train_525_disgust.jpg,4
train_525_fear.jpg,5
train_525_happy.jpg,0
train_525_neutral.jpg,6
train_525_sad.jpg,2
train_525_surprise.jpg,1
train_526_angry.jpg,3
train_526_disgust.jpg,4
train_526_fear.jpg,5
train_526_happy.jpg,0
train_526_neutral.jpg,6
train_526_sad.jpg,2
train_526_surprise.jpg,1
train_527_angry.jpg,3
train_527_disgust.jpg,4
train_527_fear.jpg,5
train_527_happy.jpg,0
train_527_neutral.jpg,6
train_527_sad.jpg,2
train_527_surprise.jpg,1
train_528_angry.jpg,3
train_528_disgust.jpg,4
train_528_fear.jpg,5
train_528_happy.jpg,0
train_528_neutral.jpg,6
train_528_sad.jpg,2
train_528_surprise.jpg,1
train_529_angry.jpg,3
train_529_disgust.jpg,4
train_529_fear.jpg,5
train_529_happy.jpg,0
train_529_neutral.jpg,6
train_529_sad.jpg,2
train_529_surprise.jpg,1
train_52_angry.jpg,3
train_52_disgust.jpg,4
train_52_fear.jpg,5
train_52_happy.jpg,0
train_52_neutral.jpg,6
train_52_sad.jpg,2
train_52_surprise.jpg,1
train_530_angry.jpg,3
train_530_disgust.jpg,4
train_530_fear.jpg,5
train_530_happy.jpg,0
train_530_neutral.jpg,6
train_530_sad.jpg,2
train_530_surprise.jpg,1
train_531_angry.jpg,3
train_531_disgust.jpg,4
train_531_fear.jpg,5
train_531_happy.jpg,0
train_531_neutral.jpg,6
train_531_sad.jpg,2
train_531_surprise.jpg,1
train_532_angry.jpg,3
train_532_disgust.jpg,4
train_532_fear.jpg,5
train_532_happy.jpg,0
train_532_neutral.jpg,6
train_532_sad.jpg,2
train_532_surprise.jpg,1
train_533_angry.jpg,3
train_533_disgust.jpg,4
train_533_fear.jpg,5
train_533_happy.jpg,0
train_533_neutral.jpg,6
train_533_sad.jpg,2
train_533_surprise.jpg,1
train_534_angry.jpg,3
train_534_disgust.jpg,4
train_534_fear.jpg,5
train_534_happy.jpg,0
train_534_neutral.jpg,6
train_534_sad.jpg,2
train_534_surprise.jpg,1
train_535_angry.jpg,3
train_535_disgust.jpg,4
train_535_fear.jpg,5
train_535_happy.jpg,0
train_535_neutral.jpg,6
train_535_sad.jpg,2
train_535_surprise.jpg,1
train_536_angry.jpg,3
train_536_disgust.jpg,4
train_536_fear.jpg,5
train_536_happy.jpg,0
train_536_neutral.jpg,6
train_536_sad.jpg,2
train_536_surprise.jpg,1
train_537_angry.jpg,3
train_537_disgust.jpg,4
train_537_fear.jpg,5
train_537_happy.jpg,0
train_537_neutral.jpg,6
train_537_sad.jpg,2
train_537_surprise.jpg,1
train_538_angry.jpg,3
train_538_disgust.jpg,4
train_538_fear.jpg,5
train_538_happy.jpg,0
train_538_neutral.jpg,6
train_538_sad.jpg,2
train_538_surprise.jpg,1
train_539_angry.jpg,3
train_539_disgust.jpg,4
train_539_fear.jpg,5
train_539_happy.jpg,0
train_539_neutral.jpg,6
train_539_sad.jpg,2
train_539_surprise.jpg,1
train_53_angry.jpg,3
train_53_disgust.jpg,4
train_53_fear.jpg,5
train_53_happy.jpg,0
train_53_neutral.jpg,6
train_53_sad.jpg,2
train_53_surprise.jpg,1
train_540_angry.jpg,3
train_540_disgust.jpg,4
train_540_fear.jpg,5
train_540_happy.jpg,0
train_540_neutral.jpg,6
train_540_sad.jpg,2
train_540_surprise.jpg,1
train_541_angry.jpg,3
train_541_disgust.jpg,4
train_541_fear.jpg,5
train_541_happy.jpg,0
train_541_neutral.jpg,6
train_541_sad.jpg,2
train_541_surprise.jpg,1
train_542_angry.jpg,3
train_542_disgust.jpg,4
train_542_fear.jpg,5
train_542_happy.jpg,0
train_542_neutral.jpg,6
train_542_sad.jpg,2
train_542_surprise.jpg,1
train_543_angry.jpg,3
train_543_disgust.jpg,4
train_543_fear.jpg,5
train_543_happy.jpg,0
train_543_neutral.jpg,6
train_543_sad.jpg,2
train_543_surprise.jpg,1
train_544_angry.jpg,3
train_544_disgust.jpg,4
train_544_fear.jpg,5
train_544_happy.jpg,0
train_544_neutral.jpg,6
train_544_sad.jpg,2
train_544_surprise.jpg,1
train_545_angry.jpg,3
train_545_disgust.jpg,4
train_545_fear.jpg,5
train_545_happy.jpg,0
train_545_neutral.jpg,6
train_545_sad.jpg,2
train_545_surprise.jpg,1
train_546_angry.jpg,3
train_546_disgust.jpg,4
train_546_fear.jpg,5
train_546_happy.jpg,0
train_546_neutral.jpg,6
train_546_sad.jpg,2
train_546_surprise.jpg,1
train_547_angry.jpg,3
train_547_disgust.jpg,4
train_547_fear.jpg,5
train_547_happy.jpg,0
train_547_neutral.jpg,6
train_547_sad.jpg,2
train_547_surprise.jpg,1
train_548_angry.jpg,3
train_548_disgust.jpg,4
train_548_fear.jpg,5
train_548_happy.jpg,0
train_548_neutral.jpg,6
train_548_sad.jpg,2
train_548_surprise.jpg,1
train_549_angry.jpg,3
train_549_disgust.jpg,4
train_549_fear.jpg,5
train_549_happy.jpg,0
train_549_neutral.jpg,6
train_549_sad.jpg,2
train_549_surprise.jpg,1
train_54_angry.jpg,3
train_54_disgust.jpg,4
train_54_fear.jpg,5
train_54_happy.jpg,0
train_54_neutral.jpg,6
train_54_sad.jpg,2
train_54_surprise.jpg,1
train_550_angry.jpg,3
train_550_disgust.jpg,4
train_550_fear.jpg,5
train_550_happy.jpg,0
train_550_neutral.jpg,6
train_550_sad.jpg,2
train_550_surprise.jpg,1
train_551_angry.jpg,3
train_551_disgust.jpg,4
train_551_fear.jpg,5
train_551_happy.jpg,0
train_551_neutral.jpg,6
train_551_sad.jpg,2
train_551_surprise.jpg,1
train_552_angry.jpg,3
train_552_disgust.jpg,4
train_552_fear.jpg,5
train_552_happy.jpg,0
train_552_neutral.jpg,6
train_552_sad.jpg,2
train_552_surprise.jpg,1
train_553_angry.jpg,3
train_553_disgust.jpg,4
train_553_fear.jpg,5
train_553_happy.jpg,0
train_553_neutral.jpg,6
train_553_sad.jpg,2
train_553_surprise.jpg,1
train_554_angry.jpg,3
train_554_disgust.jpg,4
train_554_fear.jpg,5
train_554_happy.jpg,0
train_554_neutral.jpg,6
train_554_sad.jpg,2
train_554_surprise.jpg,1
train_555_angry.jpg,3
train_555_disgust.jpg,4
train_555_fear.jpg,5
train_555_happy.jpg,0
train_555_neutral.jpg,6
train_555_sad.jpg,2
train_555_surprise.jpg,1
train_556_angry.jpg,3
train_556_disgust.jpg,4
train_556_fear.jpg,5
train_556_happy.jpg,0
train_556_neutral.jpg,6
train_556_sad.jpg,2
train_556_surprise.jpg,1
train_557_angry.jpg,3
train_557_disgust.jpg,4
train_557_fear.jpg,5
train_557_happy.jpg,0
train_557_neutral.jpg,6
train_557_sad.jpg,2
train_557_surprise.jpg,1
train_558_angry.jpg,3
train_558_disgust.jpg,4
train_558_fear.jpg,5
train_558_happy.jpg,0
train_558_neutral.jpg,6
train_558_sad.jpg,2
train_558_surprise.jpg,1
train_559_angry.jpg,3
train_559_disgust.jpg,4
train_559_fear.jpg,5
train_559_happy.jpg,0
train_559_neutral.jpg,6
train_559_sad.jpg,2
train_559_surprise.jpg,1
train_55_angry.jpg,3
train_55_disgust.jpg,4
train_55_fear.jpg,5
train_55_happy.jpg,0
train_55_neutral.jpg,6
train_55_sad.jpg,2
train_55_surprise.jpg,1
train_560_angry.jpg,3
train_560_disgust.jpg,4
train_560_fear.jpg,5
train_560_happy.jpg,0
train_560_neutral.jpg,6
train_560_sad.jpg,2
train_560_surprise.jpg,1
train_561_angry.jpg,3
train_561_disgust.jpg,4
train_561_fear.jpg,5
train_561_happy.jpg,0
train_561_neutral.jpg,6
train_561_sad.jpg,2
train_561_surprise.jpg,1
train_562_angry.jpg,3
train_562_disgust.jpg,4
train_562_fear.jpg,5
train_562_happy.jpg,0
train_562_neutral.jpg,6
train_562_sad.jpg,2
train_562_surprise.jpg,1
train_563_angry.jpg,3
train_563_disgust.jpg,4
train_563_fear.jpg,5
train_563_happy.jpg,0
train_563_neutral.jpg,6
train_563_sad.jpg,2
train_563_surprise.jpg,1
train_564_angry.jpg,3
train_564_disgust.jpg,4
train_564_fear.jpg,5
train_564_happy.jpg,0
train_564_neutral.jpg,6
train_564_sad.jpg,2
train_564_surprise.jpg,1
train_565_angry.jpg,3
train_565_disgust.jpg,4
train_565_fear.jpg,5
train_565_happy.jpg,0
train_565_neutral.jpg,6
train_565_sad.jpg,2
train_565_surprise.jpg,1
train_566_angry.jpg,3
train_566_disgust.jpg,4
train_566_fear.jpg,5
train_566_happy.jpg,0
train_566_neutral.jpg,6
train_566_sad.jpg,2
train_566_surprise.jpg,1
train_567_angry.jpg,3
train_567_disgust.jpg,4
train_567_fear.jpg,5
train_567_happy.jpg,0
train_567_neutral.jpg,6
train_567_sad.jpg,2
train_567_surprise.jpg,1
train_568_angry.jpg,3
train_568_disgust.jpg,4
train_568_fear.jpg,5
train_568_happy.jpg,0
train_568_neutral.jpg,6
train_568_sad.jpg,2
train_568_surprise.jpg,1
train_569_angry.jpg,3
train_569_disgust.jpg,4
train_569_fear.jpg,5
train_569_happy.jpg,0
train_569_neutral.jpg,6
train_569_sad.jpg,2
train_569_surprise.jpg,1
train_56_angry.jpg,3
train_56_disgust.jpg,4
train_56_fear.jpg,5
train_56_happy.jpg,0
train_56_neutral.jpg,6
train_56_sad.jpg,2
train_56_surprise.jpg,1
train_570_angry.jpg,3
train_570_disgust.jpg,4
train_570_fear.jpg,5
train_570_happy.jpg,0
train_570_neutral.jpg,6
train_570_sad.jpg,2
train_570_surprise.jpg,1
train_571_angry.jpg,3
train_571_disgust.jpg,4
train_571_fear.jpg,5
train_571_happy.jpg,0
train_571_neutral.jpg,6
train_571_sad.jpg,2
train_571_surprise.jpg,1
train_572_angry.jpg,3
train_572_disgust.jpg,4
train_572_fear.jpg,5
train_572_happy.jpg,0
train_572_neutral.jpg,6
train_572_sad.jpg,2
train_572_surprise.jpg,1
train_573_angry.jpg,3
train_573_disgust.jpg,4
train_573_fear.jpg,5
train_573_happy.jpg,0
train_573_neutral.jpg,6
train_573_sad.jpg,2
train_573_surprise.jpg,1
train_574_angry.jpg,3
train_574_disgust.jpg,4
train_574_fear.jpg,5
train_574_happy.jpg,0
train_574_neutral.jpg,6
train_574_sad.jpg,2
train_574_surprise.jpg,1
train_575_angry.jpg,3
train_575_disgust.jpg,4
train_575_fear.jpg,5
train_575_happy.jpg,0
train_575_neutral.jpg,6
train_575_sad.jpg,2
train_575_surprise.jpg,1
train_576_angry.jpg,3
train_576_disgust.jpg,4
train_576_fear.jpg,5
train_576_happy.jpg,0
train_576_neutral.jpg,6
train_576_sad.jpg,2
train_576_surprise.jpg,1
train_577_angry.jpg,3
train_577_disgust.jpg,4
train_577_fear.jpg,5
train_577_happy.jpg,0
train_577_neutral.jpg,6
train_577_sad.jpg,2
train_577_surprise.jpg,1
train_578_angry.jpg,3
train_578_disgust.jpg,4
train_578_fear.jpg,5
train_578_happy.jpg,0
train_578_neutral.jpg,6
train_578_sad.jpg,2
train_578_surprise.jpg,1
train_579_angry.jpg,3
train_579_disgust.jpg,4
train_579_fear.jpg,5
train_579_happy.jpg,0
train_579_neutral.jpg,6
train_579_sad.jpg,2
train_579_surprise.jpg,1
train_57_angry.jpg,3
train_57_disgust.jpg,4
train_57_fear.jpg,5
train_57_happy.jpg,0
train_57_neutral.jpg,6
train_57_sad.jpg,2
train_57_surprise.jpg,1
train_580_angry.jpg,3
train_580_disgust.jpg,4
train_580_fear.jpg,5
train_580_happy.jpg,0
train_580_neutral.jpg,6
train_580_sad.jpg,2
train_580_surprise.jpg,1
train_581_angry.jpg,3
train_581_disgust.jpg,4
train_581_fear.jpg,5
train_581_happy.jpg,0
train_581_neutral.jpg,6
train_581_sad.jpg,2
train_581_surprise.jpg,1
train_582_angry.jpg,3
train_582_disgust.jpg,4
train_582_fear.jpg,5
train_582_happy.jpg,0
train_582_neutral.jpg,6
train_582_sad.jpg,2
train_582_surprise.jpg,1
train_583_angry.jpg,3
train_583_disgust.jpg,4
train_583_fear.jpg,5
train_583_happy.jpg,0
train_583_neutral.jpg,6
train_583_sad.jpg,2
train_583_surprise.jpg,1
train_584_angry.jpg,3
train_584_disgust.jpg,4
train_584_fear.jpg,5
train_584_happy.jpg,0
train_584_neutral.jpg,6
train_584_sad.jpg,2
train_584_surprise.jpg,1
train_585_angry.jpg,3
train_585_disgust.jpg,4
train_585_fear.jpg,5
train_585_happy.jpg,0
train_585_neutral.jpg,6
train_585_sad.jpg,2
train_585_surprise.jpg,1
train_586_angry.jpg,3
train_586_disgust.jpg,4
train_586_fear.jpg,5
train_586_happy.jpg,0
train_586_neutral.jpg,6
train_586_sad.jpg,2
train_586_surprise.jpg,1
train_587_angry.jpg,3
train_587_disgust.jpg,4
train_587_fear.jpg,5
train_587_happy.jpg,0
train_587_neutral.jpg,6
train_587_sad.jpg,2
train_587_surprise.jpg,1
train_588_angry.jpg,3
train_588_disgust.jpg,4
train_588_fear.jpg,5
train_588_happy.jpg,0
train_588_neutral.jpg,6
train_588_sad.jpg,2
train_588_surprise.jpg,1
train_589_angry.jpg,3
train_589_disgust.jpg,4
train_589_fear.jpg,5
train_589_happy.jpg,0
train_589_neutral.jpg,6
train_589_sad.jpg,2
train_589_surprise.jpg,1
train_58_angry.jpg,3
train_58_disgust.jpg,4
train_58_fear.jpg,5
train_58_happy.jpg,0
train_58_neutral.jpg,6
train_58_sad.jpg,2
train_58_surprise.jpg,1
train_590_angry.jpg,3
train_590_disgust.jpg,4
train_590_fear.jpg,5
train_590_happy.jpg,0
train_590_neutral.jpg,6
train_590_sad.jpg,2
train_590_surprise.jpg,1
train_591_angry.jpg,3
train_591_disgust.jpg,4
train_591_fear.jpg,5
train_591_happy.jpg,0
train_591_neutral.jpg,6
train_591_sad.jpg,2
train_591_surprise.jpg,1
train_592_angry.jpg,3
train_592_disgust.jpg,4
train_592_fear.jpg,5
train_592_happy.jpg,0
train_592_neutral.jpg,6
train_592_sad.jpg,2
train_592_surprise.jpg,1
train_593_angry.jpg,3
train_593_disgust.jpg,4
train_593_fear.jpg,5
train_593_happy.jpg,0
train_593_neutral.jpg,6
train_593_sad.jpg,2
train_593_surprise.jpg,1
train_594_angry.jpg,3
train_594_disgust.jpg,4
train_594_fear.jpg,5
train_594_happy.jpg,0
train_594_neutral.jpg,6
train_594_sad.jpg,2
train_594_surprise.jpg,1
train_595_angry.jpg,3
train_595_disgust.jpg,4
train_595_fear.jpg,5
train_595_happy.jpg,0
train_595_neutral.jpg,6
train_595_sad.jpg,2
train_595_surprise.jpg,1
train_596_angry.jpg,3
train_596_disgust.jpg,4
train_596_fear.jpg,5
train_596_happy.jpg,0
train_596_neutral.jpg,6
train_596_sad.jpg,2
train_596_surprise.jpg,1
train_597_angry.jpg,3
train_597_disgust.jpg,4
train_597_fear.jpg,5
train_597_happy.jpg,0
train_597_neutral.jpg,6
train_597_sad.jpg,2
train_597_surprise.jpg,1
train_598_angry.jpg,3
train_598_disgust.jpg,4
train_598_fear.jpg,5
train_598_happy.jpg,0
train_598_neutral.jpg,6
train_598_sad.jpg,2
train_598_surprise.jpg,1
train_599_angry.jpg,3
train_599_disgust.jpg,4
train_599_fear.jpg,5
train_599_happy.jpg,0
train_599_neutral.jpg,6
train_599_sad.jpg,2
train_599_surprise.jpg,1
train_59_angry.jpg,3
train_59_disgust.jpg,4
train_59_fear.jpg,5
train_59_happy.jpg,0
train_59_neutral.jpg,6
train_59_sad.jpg,2
train_59_surprise.jpg,1
train_5_angry.jpg,3
train_5_disgust.jpg,4
train_5_fear.jpg,5
train_5_happy.jpg,0
train_5_neutral.jpg,6
train_5_sad.jpg,2
train_5_surprise.jpg,1
train_600_angry.jpg,3
train_600_disgust.jpg,4
train_600_fear.jpg,5
train_600_happy.jpg,0
train_600_neutral.jpg,6
train_600_sad.jpg,2
train_600_surprise.jpg,1
train_601_angry.jpg,3
train_601_disgust.jpg,4
train_601_fear.jpg,5
train_601_happy.jpg,0
train_601_neutral.jpg,6
train_601_sad.jpg,2
train_601_surprise.jpg,1
train_602_angry.jpg,3
train_602_disgust.jpg,4
train_602_fear.jpg,5
train_602_happy.jpg,0
train_602_neutral.jpg,6
train_602_sad.jpg,2
train_602_surprise.jpg,1
train_603_angry.jpg,3
train_603_disgust.jpg,4
train_603_fear.jpg,5
train_603_happy.jpg,0
train_603_neutral.jpg,6
train_603_sad.jpg,2
train_603_surprise.jpg,1
train_604_angry.jpg,3
train_604_disgust.jpg,4
train_604_fear.jpg,5
train_604_happy.jpg,0
train_604_neutral.jpg,6
train_604_sad.jpg,2
train_604_surprise.jpg,1
train_605_angry.jpg,3
train_605_disgust.jpg,4
train_605_fear.jpg,5
train_605_happy.jpg,0
train_605_neutral.jpg,6
train_605_sad.jpg,2
train_605_surprise.jpg,1
train_606_angry.jpg,3
train_606_disgust.jpg,4
train_606_fear.jpg,5
train_606_happy.jpg,0
train_606_neutral.jpg,6
train_606_sad.jpg,2
train_606_surprise.jpg,1
train_607_angry.jpg,3
train_607_disgust.jpg,4
train_607_fear.jpg,5
train_607_happy.jpg,0
train_607_neutral.jpg,6
train_607_sad.jpg,2
train_607_surprise.jpg,1
train_608_angry.jpg,3
train_608_disgust.jpg,4
train_608_fear.jpg,5
train_608_happy.jpg,0
train_608_neutral.jpg,6
train_608_sad.jpg,2
train_608_surprise.jpg,1
train_609_angry.jpg,3
train_609_disgust.jpg,4
train_609_fear.jpg,5
train_609_happy.jpg,0
train_609_neutral.jpg,6
train_609_sad.jpg,2
train_609_surprise.jpg,1
train_60_angry.jpg,3
train_60_disgust.jpg,4
train_60_fear.jpg,5
train_60_happy.jpg,0
train_60_neutral.jpg,6
train_60_sad.jpg,2
train_60_surprise.jpg,1
train_610_angry.jpg,3
train_610_disgust.jpg,4
train_610_fear.jpg,5
train_610_happy.jpg,0
train_610_neutral.jpg,6
train_610_sad.jpg,2
train_610_surprise.jpg,1
train_611_angry.jpg,3
train_611_disgust.jpg,4
train_611_fear.jpg,5
train_611_happy.jpg,0
train_611_neutral.jpg,6
train_611_sad.jpg,2
train_611_surprise.jpg,1
train_612_angry.jpg,3
train_612_disgust.jpg,4
train_612_fear.jpg,5
train_612_happy.jpg,0
train_612_neutral.jpg,6
train_612_sad.jpg,2
train_612_surprise.jpg,1
train_613_angry.jpg,3
train_613_disgust.jpg,4
train_613_fear.jpg,5
train_613_happy.jpg,0
train_613_neutral.jpg,6
train_613_sad.jpg,2
train_613_surprise.jpg,1
train_614_angry.jpg,3
train_614_disgust.jpg,4
train_614_fear.jpg,5
train_614_happy.jpg,0
train_614_neutral.jpg,6
train_614_sad.jpg,2
train_614_surprise.jpg,1
train_615_angry.jpg,3
train_615_disgust.jpg,4
train_615_fear.jpg,5
train_615_happy.jpg,0
train_615_neutral.jpg,6
train_615_sad.jpg,2
train_615_surprise.jpg,1
train_616_angry.jpg,3
train_616_disgust.jpg,4
train_616_fear.jpg,5
train_616_happy.jpg,0
train_616_neutral.jpg,6
train_616_sad.jpg,2
train_616_surprise.jpg,1
train_617_angry.jpg,3
train_617_disgust.jpg,4
train_617_fear.jpg,5
train_617_happy.jpg,0
train_617_neutral.jpg,6
train_617_sad.jpg,2
train_617_surprise.jpg,1
train_618_angry.jpg,3
train_618_disgust.jpg,4
train_618_fear.jpg,5
train_618_happy.jpg,0
train_618_neutral.jpg,6
train_618_sad.jpg,2
train_618_surprise.jpg,1
train_619_angry.jpg,3
train_619_disgust.jpg,4
train_619_fear.jpg,5
train_619_happy.jpg,0
train_619_neutral.jpg,6
train_619_sad.jpg,2
train_619_surprise.jpg,1
train_61_angry.jpg,3
train_61_disgust.jpg,4
train_61_fear.jpg,5
train_61_happy.jpg,0
train_61_neutral.jpg,6
train_61_sad.jpg,2
train_61_surprise.jpg,1
train_620_angry.jpg,3
train_620_disgust.jpg,4
train_620_fear.jpg,5
train_620_happy.jpg,0
train_620_neutral.jpg,6
train_620_sad.jpg,2
train_620_surprise.jpg,1
train_621_angry.jpg,3
train_621_disgust.jpg,4
train_621_fear.jpg,5
train_621_happy.jpg,0
train_621_neutral.jpg,6
train_621_sad.jpg,2
train_621_surprise.jpg,1
train_622_angry.jpg,3
train_622_disgust.jpg,4
train_622_fear.jpg,5
train_622_happy.jpg,0
train_622_neutral.jpg,6
train_622_sad.jpg,2
train_622_surprise.jpg,1
train_623_angry.jpg,3
train_623_disgust.jpg,4
train_623_fear.jpg,5
train_623_happy.jpg,0
train_623_neutral.jpg,6
train_623_sad.jpg,2
train_623_surprise.jpg,1
train_624_angry.jpg,3
train_624_disgust.jpg,4
train_624_fear.jpg,5
train_624_happy.jpg,0
train_624_neutral.jpg,6
train_624_sad.jpg,2
train_624_surprise.jpg,1
train_625_angry.jpg,3
train_625_disgust.jpg,4
train_625_fear.jpg,5
train_625_happy.jpg,0
train_625_neutral.jpg,6
train_625_sad.jpg,2
train_625_surprise.jpg,1
train_626_angry.jpg,3
train_626_disgust.jpg,4
train_626_fear.jpg,5
train_626_happy.jpg,0
train_626_neutral.jpg,6
train_626_sad.jpg,2
train_626_surprise.jpg,1
train_627_angry.jpg,3
train_627_disgust.jpg,4
train_627_fear.jpg,5
train_627_happy.jpg,0
train_627_neutral.jpg,6
train_627_sad.jpg,2
train_627_surprise.jpg,1
train_628_angry.jpg,3
train_628_disgust.jpg,4
train_628_fear.jpg,5
train_628_happy.jpg,0
train_628_neutral.jpg,6
train_628_sad.jpg,2
train_628_surprise.jpg,1
train_629_angry.jpg,3
train_629_disgust.jpg,4
train_629_fear.jpg,5
train_629_happy.jpg,0
train_629_neutral.jpg,6
train_629_sad.jpg,2
train_629_surprise.jpg,1
train_62_angry.jpg,3
train_62_disgust.jpg,4
train_62_fear.jpg,5
train_62_happy.jpg,0
train_62_neutral.jpg,6
train_62_sad.jpg,2
train_62_surprise.jpg,1
train_630_angry.jpg,3
train_630_disgust.jpg,4
train_630_fear.jpg,5
train_630_happy.jpg,0
train_630_neutral.jpg,6
train_630_sad.jpg,2
train_630_surprise.jpg,1
train_631_angry.jpg,3
train_631_disgust.jpg,4
train_631_fear.jpg,5
train_631_happy.jpg,0
train_631_neutral.jpg,6
train_631_sad.jpg,2
train_631_surprise.jpg,1
train_632_angry.jpg,3
train_632_disgust.jpg,4
train_632_fear.jpg,5
train_632_happy.jpg,0
train_632_neutral.jpg,6
train_632_sad.jpg,2
train_632_surprise.jpg,1
train_633_angry.jpg,3
train_633_disgust.jpg,4
train_633_fear.jpg,5
train_633_happy.jpg,0
train_633_neutral.jpg,6
train_633_sad.jpg,2
train_633_surprise.jpg,1
train_634_angry.jpg,3
train_634_disgust.jpg,4
train_634_fear.jpg,5
train_634_happy.jpg,0
train_634_neutral.jpg,6
train_634_sad.jpg,2
train_634_surprise.jpg,1
train_635_angry.jpg,3
train_635_disgust.jpg,4
train_635_fear.jpg,5
train_635_happy.jpg,0
train_635_neutral.jpg,6
train_635_sad.jpg,2
train_635_surprise.jpg,1
train_636_angry.jpg,3
train_636_disgust.jpg,4
train_636_fear.jpg,5
train_636_happy.jpg,0
train_636_neutral.jpg,6
train_636_sad.jpg,2
train_636_surprise.jpg,1
train_637_angry.jpg,3
train_637_disgust.jpg,4
train_637_fear.jpg,5
train_637_happy.jpg,0
train_637_neutral.jpg,6
train_637_sad.jpg,2
train_637_surprise.jpg,1
train_638_angry.jpg,3
train_638_disgust.jpg,4
train_638_fear.jpg,5
train_638_happy.jpg,0
train_638_neutral.jpg,6
train_638_sad.jpg,2
train_638_surprise.jpg,1
train_639_angry.jpg,3
train_639_disgust.jpg,4
train_639_fear.jpg,5
train_639_happy.jpg,0
train_639_neutral.jpg,6
train_639_sad.jpg,2
train_639_surprise.jpg,1
train_63_angry.jpg,3
train_63_disgust.jpg,4
train_63_fear.jpg,5
train_63_happy.jpg,0
train_63_neutral.jpg,6
train_63_sad.jpg,2
train_63_surprise.jpg,1
train_640_angry.jpg,3
train_640_disgust.jpg,4
train_640_fear.jpg,5
train_640_happy.jpg,0
train_640_neutral.jpg,6
train_640_sad.jpg,2
train_640_surprise.jpg,1
train_641_angry.jpg,3
train_641_disgust.jpg,4
train_641_fear.jpg,5
train_641_happy.jpg,0
train_641_neutral.jpg,6
train_641_sad.jpg,2
train_641_surprise.jpg,1
train_642_angry.jpg,3
train_642_disgust.jpg,4
train_642_fear.jpg,5
train_642_happy.jpg,0
train_642_neutral.jpg,6
train_642_sad.jpg,2
train_642_surprise.jpg,1
train_643_angry.jpg,3
train_643_disgust.jpg,4
train_643_fear.jpg,5
train_643_happy.jpg,0
train_643_neutral.jpg,6
train_643_sad.jpg,2
train_643_surprise.jpg,1
train_644_angry.jpg,3
train_644_disgust.jpg,4
train_644_fear.jpg,5
train_644_happy.jpg,0
train_644_neutral.jpg,6
train_644_sad.jpg,2
train_644_surprise.jpg,1
train_645_angry.jpg,3
train_645_disgust.jpg,4
train_645_fear.jpg,5
train_645_happy.jpg,0
train_645_neutral.jpg,6
train_645_sad.jpg,2
train_645_surprise.jpg,1
train_646_angry.jpg,3
train_646_disgust.jpg,4
train_646_fear.jpg,5
train_646_happy.jpg,0
train_646_neutral.jpg,6
train_646_sad.jpg,2
train_646_surprise.jpg,1
train_647_angry.jpg,3
train_647_disgust.jpg,4
train_647_fear.jpg,5
train_647_happy.jpg,0
train_647_neutral.jpg,6
train_647_sad.jpg,2
train_647_surprise.jpg,1
train_648_angry.jpg,3
train_648_disgust.jpg,4
train_648_fear.jpg,5
train_648_happy.jpg,0
train_648_neutral.jpg,6
train_648_sad.jpg,2
train_648_surprise.jpg,1
train_649_angry.jpg,3
train_649_disgust.jpg,4
train_649_fear.jpg,5
train_649_happy.jpg,0
train_649_neutral.jpg,6
train_649_sad.jpg,2
train_649_surprise.jpg,1
train_64_angry.jpg,3
train_64_disgust.jpg,4
train_64_fear.jpg,5
train_64_happy.jpg,0
train_64_neutral.jpg,6
train_64_sad.jpg,2
train_64_surprise.jpg,1
train_650_angry.jpg,3
train_650_disgust.jpg,4
train_650_fear.jpg,5
train_650_happy.jpg,0
train_650_neutral.jpg,6
train_650_sad.jpg,2
train_650_surprise.jpg,1
train_651_angry.jpg,3
train_651_disgust.jpg,4
train_651_fear.jpg,5
train_651_happy.jpg,0
train_651_neutral.jpg,6
train_651_sad.jpg,2
train_651_surprise.jpg,1
train_652_angry.jpg,3
train_652_disgust.jpg,4
train_652_fear.jpg,5
train_652_happy.jpg,0
train_652_neutral.jpg,6
train_652_sad.jpg,2
train_652_surprise.jpg,1
train_653_angry.jpg,3
train_653_disgust.jpg,4
train_653_fear.jpg,5
train_653_happy.jpg,0
train_653_neutral.jpg,6
train_653_sad.jpg,2
train_653_surprise.jpg,1
train_654_angry.jpg,3
train_654_disgust.jpg,4
train_654_fear.jpg,5
train_654_happy.jpg,0
train_654_neutral.jpg,6
train_654_sad.jpg,2
train_654_surprise.jpg,1
train_655_angry.jpg,3
train_655_disgust.jpg,4
train_655_fear.jpg,5
train_655_happy.jpg,0
train_655_neutral.jpg,6
train_655_sad.jpg,2
train_655_surprise.jpg,1
train_656_angry.jpg,3
train_656_disgust.jpg,4
train_656_fear.jpg,5
train_656_happy.jpg,0
train_656_neutral.jpg,6
train_656_sad.jpg,2
train_656_surprise.jpg,1
train_657_angry.jpg,3
train_657_disgust.jpg,4
train_657_fear.jpg,5
train_657_happy.jpg,0
train_657_neutral.jpg,6
train_657_sad.jpg,2
train_657_surprise.jpg,1
train_658_angry.jpg,3
train_658_disgust.jpg,4
train_658_fear.jpg,5
train_658_happy.jpg,0
train_658_neutral.jpg,6
train_658_sad.jpg,2
train_658_surprise.jpg,1
train_659_angry.jpg,3
train_659_disgust.jpg,4
train_659_fear.jpg,5
train_659_happy.jpg,0
train_659_neutral.jpg,6
train_659_sad.jpg,2
train_659_surprise.jpg,1
train_65_angry.jpg,3
train_65_disgust.jpg,4
train_65_fear.jpg,5
train_65_happy.jpg,0
train_65_neutral.jpg,6
train_65_sad.jpg,2
train_65_surprise.jpg,1
train_660_angry.jpg,3
train_660_disgust.jpg,4
train_660_fear.jpg,5
train_660_happy.jpg,0
train_660_neutral.jpg,6
train_660_sad.jpg,2
train_660_surprise.jpg,1
train_661_angry.jpg,3
train_661_disgust.jpg,4
train_661_fear.jpg,5
train_661_happy.jpg,0
train_661_neutral.jpg,6
train_661_sad.jpg,2
train_661_surprise.jpg,1
train_662_angry.jpg,3
train_662_disgust.jpg,4
train_662_fear.jpg,5
train_662_happy.jpg,0
train_662_neutral.jpg,6
train_662_sad.jpg,2
train_662_surprise.jpg,1
train_663_angry.jpg,3
train_663_disgust.jpg,4
train_663_fear.jpg,5
train_663_happy.jpg,0
train_663_neutral.jpg,6
train_663_sad.jpg,2
train_663_surprise.jpg,1
train_664_angry.jpg,3
train_664_disgust.jpg,4
train_664_fear.jpg,5
train_664_happy.jpg,0
train_664_neutral.jpg,6
train_664_sad.jpg,2
train_664_surprise.jpg,1
train_665_angry.jpg,3
train_665_disgust.jpg,4
train_665_fear.jpg,5
train_665_happy.jpg,0
train_665_neutral.jpg,6
train_665_sad.jpg,2
train_665_surprise.jpg,1
train_666_angry.jpg,3
train_666_disgust.jpg,4
train_666_fear.jpg,5
train_666_happy.jpg,0
train_666_neutral.jpg,6
train_666_sad.jpg,2
train_666_surprise.jpg,1
train_667_angry.jpg,3
train_667_disgust.jpg,4
train_667_fear.jpg,5
train_667_happy.jpg,0
train_667_neutral.jpg,6
train_667_sad.jpg,2
train_667_surprise.jpg,1
train_668_angry.jpg,3
train_668_disgust.jpg,4
train_668_fear.jpg,5
train_668_happy.jpg,0
train_668_neutral.jpg,6
train_668_sad.jpg,2
train_668_surprise.jpg,1
train_669_angry.jpg,3
train_669_disgust.jpg,4
train_669_fear.jpg,5
train_669_happy.jpg,0
train_669_neutral.jpg,6
train_669_sad.jpg,2
train_669_surprise.jpg,1
train_66_angry.jpg,3
train_66_disgust.jpg,4
train_66_fear.jpg,5
train_66_happy.jpg,0
train_66_neutral.jpg,6
train_66_sad.jpg,2
train_66_surprise.jpg,1
train_670_angry.jpg,3
train_670_disgust.jpg,4
train_670_fear.jpg,5
train_670_happy.jpg,0
train_670_neutral.jpg,6
train_670_sad.jpg,2
train_670_surprise.jpg,1
train_671_angry.jpg,3
train_671_disgust.jpg,4
train_671_fear.jpg,5
train_671_happy.jpg,0
train_671_neutral.jpg,6
train_671_sad.jpg,2
train_671_surprise.jpg,1
train_672_angry.jpg,3
train_672_disgust.jpg,4
train_672_fear.jpg,5
train_672_happy.jpg,0
train_672_neutral.jpg,6
train_672_sad.jpg,2
train_672_surprise.jpg,1
train_673_angry.jpg,3
train_673_disgust.jpg,4
train_673_fear.jpg,5
train_673_happy.jpg,0
train_673_neutral.jpg,6
train_673_sad.jpg,2
train_673_surprise.jpg,1
train_674_angry.jpg,3
train_674_disgust.jpg,4
train_674_fear.jpg,5
train_674_happy.jpg,0
train_674_neutral.jpg,6
train_674_sad.jpg,2
train_674_surprise.jpg,1
train_675_angry.jpg,3
train_675_disgust.jpg,4
train_675_fear.jpg,5
train_675_happy.jpg,0
train_675_neutral.jpg,6
train_675_sad.jpg,2
train_675_surprise.jpg,1
train_676_angry.jpg,3
train_676_disgust.jpg,4
train_676_fear.jpg,5
train_676_happy.jpg,0
train_676_neutral.jpg,6
train_676_sad.jpg,2
train_676_surprise.jpg,1
train_677_angry.jpg,3
train_677_disgust.jpg,4
train_677_fear.jpg,5
train_677_happy.jpg,0
train_677_neutral.jpg,6
train_677_sad.jpg,2
train_677_surprise.jpg,1
train_678_angry.jpg,3
train_678_disgust.jpg,4
train_678_fear.jpg,5
train_678_happy.jpg,0
train_678_neutral.jpg,6
train_678_sad.jpg,2
train_678_surprise.jpg,1
train_679_angry.jpg,3
train_679_disgust.jpg,4
train_679_fear.jpg,5
train_679_happy.jpg,0
train_679_neutral.jpg,6
train_679_sad.jpg,2
train_679_surprise.jpg,1
train_67_angry.jpg,3
train_67_disgust.jpg,4
train_67_fear.jpg,5
train_67_happy.jpg,0
train_67_neutral.jpg,6
train_67_sad.jpg,2
train_67_surprise.jpg,1
train_680_angry.jpg,3
train_680_disgust.jpg,4
train_680_fear.jpg,5
train_680_happy.jpg,0
train_680_neutral.jpg,6
train_680_sad.jpg,2
train_680_surprise.jpg,1
train_681_angry.jpg,3
train_681_disgust.jpg,4
train_681_fear.jpg,5
train_681_happy.jpg,0
train_681_neutral.jpg,6
train_681_sad.jpg,2
train_681_surprise.jpg,1
train_682_angry.jpg,3
train_682_disgust.jpg,4
train_682_fear.jpg,5
train_682_happy.jpg,0
train_682_neutral.jpg,6
train_682_sad.jpg,2
train_682_surprise.jpg,1
train_683_angry.jpg,3
train_683_disgust.jpg,4
train_683_fear.jpg,5
train_683_happy.jpg,0
train_683_neutral.jpg,6
train_683_sad.jpg,2
train_683_surprise.jpg,1
train_684_angry.jpg,3
train_684_disgust.jpg,4
train_684_fear.jpg,5
train_684_happy.jpg,0
train_684_neutral.jpg,6
train_684_sad.jpg,2
train_684_surprise.jpg,1
train_685_angry.jpg,3
train_685_disgust.jpg,4
train_685_fear.jpg,5
train_685_happy.jpg,0
train_685_neutral.jpg,6
train_685_sad.jpg,2
train_685_surprise.jpg,1
train_686_angry.jpg,3
train_686_disgust.jpg,4
train_686_fear.jpg,5
train_686_happy.jpg,0
train_686_neutral.jpg,6
train_686_sad.jpg,2
train_686_surprise.jpg,1
train_687_angry.jpg,3
train_687_disgust.jpg,4
train_687_fear.jpg,5
train_687_happy.jpg,0
train_687_neutral.jpg,6
train_687_sad.jpg,2
train_687_surprise.jpg,1
train_688_angry.jpg,3
train_688_disgust.jpg,4
train_688_fear.jpg,5
train_688_happy.jpg,0
train_688_neutral.jpg,6
train_688_sad.jpg,2
train_688_surprise.jpg,1
train_689_angry.jpg,3
train_689_disgust.jpg,4
train_689_fear.jpg,5
train_689_happy.jpg,0
train_689_neutral.jpg,6
train_689_sad.jpg,2
train_689_surprise.jpg,1
train_68_angry.jpg,3
train_68_disgust.jpg,4
train_68_fear.jpg,5
train_68_happy.jpg,0
train_68_neutral.jpg,6
train_68_sad.jpg,2
train_68_surprise.jpg,1
train_690_angry.jpg,3
train_690_disgust.jpg,4
train_690_fear.jpg,5
train_690_happy.jpg,0
train_690_neutral.jpg,6
train_690_sad.jpg,2
train_690_surprise.jpg,1
train_691_angry.jpg,3
train_691_disgust.jpg,4
train_691_fear.jpg,5
train_691_happy.jpg,0
train_691_neutral.jpg,6
train_691_sad.jpg,2
train_691_surprise.jpg,1
train_692_angry.jpg,3
train_692_disgust.jpg,4
train_692_fear.jpg,5
train_692_happy.jpg,0
train_692_neutral.jpg,6
train_692_sad.jpg,2
train_692_surprise.jpg,1
train_693_angry.jpg,3
train_693_disgust.jpg,4
train_693_fear.jpg,5
train_693_happy.jpg,0
train_693_neutral.jpg,6
train_693_sad.jpg,2
train_693_surprise.jpg,1
train_694_angry.jpg,3
train_694_disgust.jpg,4
train_694_fear.jpg,5
train_694_happy.jpg,0
train_694_neutral.jpg,6
train_694_sad.jpg,2
train_694_surprise.jpg,1
train_695_angry.jpg,3
train_695_disgust.jpg,4
train_695_fear.jpg,5
train_695_happy.jpg,0
train_695_neutral.jpg,6
train_695_sad.jpg,2
train_695_surprise.jpg,1
train_696_angry.jpg,3
train_696_disgust.jpg,4
train_696_fear.jpg,5
train_696_happy.jpg,0
train_696_neutral.jpg,6
train_696_sad.jpg,2
train_696_surprise.jpg,1
train_697_angry.jpg,3
train_697_disgust.jpg,4
train_697_fear.jpg,5
train_697_happy.jpg,0
train_697_neutral.jpg,6
train_697_sad.jpg,2
train_697_surprise.jpg,1
train_698_angry.jpg,3
train_698_disgust.jpg,4
train_698_fear.jpg,5
train_698_happy.jpg,0
train_698_neutral.jpg,6
train_698_sad.jpg,2
train_698_surprise.jpg,1
train_699_angry.jpg,3
train_699_disgust.jpg,4
train_699_fear.jpg,5
train_699_happy.jpg,0
train_699_neutral.jpg,6
train_699_sad.jpg,2
train_699_surprise.jpg,1
train_69_angry.jpg,3
train_69_disgust.jpg,4
train_69_fear.jpg,5
train_69_happy.jpg,0
train_69_neutral.jpg,6
train_69_sad.jpg,2
train_69_surprise.jpg,1
train_6_angry.jpg,3
train_6_disgust.jpg,4
train_6_fear.jpg,5
train_6_happy.jpg,0
train_6_neutral.jpg,6
train_6_sad.jpg,2
train_6_surprise.jpg,1
train_700_angry.jpg,3
train_700_disgust.jpg,4
train_700_fear.jpg,5
train_700_happy.jpg,0
train_700_neutral.jpg,6
train_700_sad.jpg,2
train_700_surprise.jpg,1
train_701_angry.jpg,3
train_701_disgust.jpg,4
train_701_fear.jpg,5
train_701_happy.jpg,0
train_701_neutral.jpg,6
train_701_sad.jpg,2
train_701_surprise.jpg,1
train_702_angry.jpg,3
train_702_disgust.jpg,4
train_702_fear.jpg,5
train_702_happy.jpg,0
train_702_neutral.jpg,6
train_702_sad.jpg,2
train_702_surprise.jpg,1
train_703_angry.jpg,3
train_703_disgust.jpg,4
train_703_fear.jpg,5
train_703_happy.jpg,0
train_703_neutral.jpg,6
train_703_sad.jpg,2
train_703_surprise.jpg,1
train_704_angry.jpg,3
train_704_disgust.jpg,4
train_704_fear.jpg,5
train_704_happy.jpg,0
train_704_neutral.jpg,6
train_704_sad.jpg,2
train_704_surprise.jpg,1
train_705_angry.jpg,3
train_705_disgust.jpg,4
train_705_fear.jpg,5
train_705_happy.jpg,0
train_705_neutral.jpg,6
train_705_sad.jpg,2
train_705_surprise.jpg,1
train_706_angry.jpg,3
train_706_disgust.jpg,4
train_706_fear.jpg,5
train_706_happy.jpg,0
train_706_neutral.jpg,6
train_706_sad.jpg,2
train_706_surprise.jpg,1
train_707_angry.jpg,3
train_707_disgust.jpg,4
train_707_fear.jpg,5
train_707_happy.jpg,0
train_707_neutral.jpg,6
train_707_sad.jpg,2
train_707_surprise.jpg,1
train_708_angry.jpg,3
train_708_disgust.jpg,4
train_708_fear.jpg,5
train_708_happy.jpg,0
train_708_neutral.jpg,6
train_708_sad.jpg,2
train_708_surprise.jpg,1
train_709_angry.jpg,3
train_709_disgust.jpg,4
train_709_fear.jpg,5
train_709_happy.jpg,0
train_709_neutral.jpg,6
train_709_sad.jpg,2
train_709_surprise.jpg,1
train_70_angry.jpg,3
train_70_disgust.jpg,4
train_70_fear.jpg,5
train_70_happy.jpg,0
train_70_neutral.jpg,6
train_70_sad.jpg,2
train_70_surprise.jpg,1
train_710_angry.jpg,3
train_710_disgust.jpg,4
train_710_fear.jpg,5
train_710_happy.jpg,0
train_710_neutral.jpg,6
train_710_sad.jpg,2
train_710_surprise.jpg,1
train_711_angry.jpg,3
train_711_disgust.jpg,4
train_711_fear.jpg,5
train_711_happy.jpg,0
train_711_neutral.jpg,6
train_711_sad.jpg,2
train_711_surprise.jpg,1
train_712_angry.jpg,3
train_712_disgust.jpg,4
train_712_fear.jpg,5
train_712_happy.jpg,0
train_712_neutral.jpg,6
train_712_sad.jpg,2
train_712_surprise.jpg,1
train_713_angry.jpg,3
train_713_disgust.jpg,4
train_713_fear.jpg,5
train_713_happy.jpg,0
train_713_neutral.jpg,6
train_713_sad.jpg,2
train_713_surprise.jpg,1
train_714_angry.jpg,3
train_714_disgust.jpg,4
train_714_fear.jpg,5
train_714_happy.jpg,0
train_714_neutral.jpg,6
train_714_sad.jpg,2
train_714_surprise.jpg,1
train_715_angry.jpg,3
train_715_disgust.jpg,4
train_715_fear.jpg,5
train_715_happy.jpg,0
train_715_neutral.jpg,6
train_715_sad.jpg,2
train_715_surprise.jpg,1
train_716_angry.jpg,3
train_716_disgust.jpg,4
train_716_fear.jpg,5
train_716_happy.jpg,0
train_716_neutral.jpg,6
train_716_sad.jpg,2
train_716_surprise.jpg,1
train_717_angry.jpg,3
train_717_disgust.jpg,4
train_717_fear.jpg,5
train_717_happy.jpg,0
train_717_neutral.jpg,6
train_717_sad.jpg,2
train_717_surprise.jpg,1
train_718_angry.jpg,3
train_718_disgust.jpg,4
train_718_fear.jpg,5
train_718_happy.jpg,0
train_718_neutral.jpg,6
train_718_sad.jpg,2
train_718_surprise.jpg,1
train_719_angry.jpg,3
train_719_disgust.jpg,4
train_719_fear.jpg,5
train_719_happy.jpg,0
train_719_neutral.jpg,6
train_719_sad.jpg,2
train_719_surprise.jpg,1
train_71_angry.jpg,3
train_71_disgust.jpg,4
train_71_fear.jpg,5
train_71_happy.jpg,0
train_71_neutral.jpg,6
train_71_sad.jpg,2
train_71_surprise.jpg,1
train_720_angry.jpg,3
train_720_disgust.jpg,4
train_720_fear.jpg,5
train_720_happy.jpg,0
train_720_neutral.jpg,6
train_720_sad.jpg,2
train_720_surprise.jpg,1
train_721_angry.jpg,3
train_721_disgust.jpg,4
train_721_fear.jpg,5
train_721_happy.jpg,0
train_721_neutral.jpg,6
train_721_sad.jpg,2
train_721_surprise.jpg,1
train_722_angry.jpg,3
train_722_disgust.jpg,4
train_722_fear.jpg,5
train_722_happy.jpg,0
train_722_neutral.jpg,6
train_722_sad.jpg,2
train_722_surprise.jpg,1
train_723_angry.jpg,3
train_723_disgust.jpg,4
train_723_fear.jpg,5
train_723_happy.jpg,0
train_723_neutral.jpg,6
train_723_sad.jpg,2
train_723_surprise.jpg,1
train_724_angry.jpg,3
train_724_disgust.jpg,4
train_724_fear.jpg,5
train_724_happy.jpg,0
train_724_neutral.jpg,6
train_724_sad.jpg,2
train_724_surprise.jpg,1
train_725_angry.jpg,3
train_725_disgust.jpg,4
train_725_fear.jpg,5
train_725_happy.jpg,0
train_725_neutral.jpg,6
train_725_sad.jpg,2
train_725_surprise.jpg,1
train_726_angry.jpg,3
train_726_disgust.jpg,4
train_726_fear.jpg,5
train_726_happy.jpg,0
train_726_neutral.jpg,6
train_726_sad.jpg,2
train_726_surprise.jpg,1
train_727_angry.jpg,3
train_727_disgust.jpg,4
train_727_fear.jpg,5
train_727_happy.jpg,0
train_727_neutral.jpg,6
train_727_sad.jpg,2
train_727_surprise.jpg,1
train_728_angry.jpg,3
train_728_disgust.jpg,4
train_728_fear.jpg,5
train_728_happy.jpg,0
train_728_neutral.jpg,6
train_728_sad.jpg,2
train_728_surprise.jpg,1
train_729_angry.jpg,3
train_729_disgust.jpg,4
train_729_fear.jpg,5
train_729_happy.jpg,0
train_729_neutral.jpg,6
train_729_sad.jpg,2
train_729_surprise.jpg,1
train_72_angry.jpg,3
train_72_disgust.jpg,4
train_72_fear.jpg,5
train_72_happy.jpg,0
train_72_neutral.jpg,6
train_72_sad.jpg,2
train_72_surprise.jpg,1
train_730_angry.jpg,3
train_730_disgust.jpg,4
train_730_fear.jpg,5
train_730_happy.jpg,0
train_730_neutral.jpg,6
train_730_sad.jpg,2
train_730_surprise.jpg,1
train_731_angry.jpg,3
train_731_disgust.jpg,4
train_731_fear.jpg,5
train_731_happy.jpg,0
train_731_neutral.jpg,6
train_731_sad.jpg,2
train_731_surprise.jpg,1
train_732_angry.jpg,3
train_732_disgust.jpg,4
train_732_fear.jpg,5
train_732_happy.jpg,0
train_732_neutral.jpg,6
train_732_sad.jpg,2
train_732_surprise.jpg,1
train_733_angry.jpg,3
train_733_disgust.jpg,4
train_733_fear.jpg,5
train_733_happy.jpg,0
train_733_neutral.jpg,6
train_733_sad.jpg,2
train_733_surprise.jpg,1
train_734_angry.jpg,3
train_734_disgust.jpg,4
train_734_fear.jpg,5
train_734_happy.jpg,0
train_734_neutral.jpg,6
train_734_sad.jpg,2
train_734_surprise.jpg,1
train_735_angry.jpg,3
train_735_disgust.jpg,4
train_735_fear.jpg,5
train_735_happy.jpg,0
train_735_neutral.jpg,6
train_735_sad.jpg,2
train_735_surprise.jpg,1
train_736_angry.jpg,3
train_736_disgust.jpg,4
train_736_fear.jpg,5
train_736_happy.jpg,0
train_736_neutral.jpg,6
train_736_sad.jpg,2
train_736_surprise.jpg,1
train_737_angry.jpg,3
train_737_disgust.jpg,4
train_737_fear.jpg,5
train_737_happy.jpg,0
train_737_neutral.jpg,6
train_737_sad.jpg,2
train_737_surprise.jpg,1
train_738_angry.jpg,3
train_738_disgust.jpg,4
train_738_fear.jpg,5
train_738_happy.jpg,0
train_738_neutral.jpg,6
train_738_sad.jpg,2
train_738_surprise.jpg,1
train_739_angry.jpg,3
train_739_disgust.jpg,4
train_739_fear.jpg,5
train_739_happy.jpg,0
train_739_neutral.jpg,6
train_739_sad.jpg,2
train_739_surprise.jpg,1
train_73_angry.jpg,3
train_73_disgust.jpg,4
train_73_fear.jpg,5
train_73_happy.jpg,0
train_73_neutral.jpg,6
train_73_sad.jpg,2
train_73_surprise.jpg,1
train_740_angry.jpg,3
train_740_disgust.jpg,4
train_740_fear.jpg,5
train_740_happy.jpg,0
train_740_neutral.jpg,6
train_740_sad.jpg,2
train_740_surprise.jpg,1
train_741_angry.jpg,3
train_741_disgust.jpg,4
train_741_fear.jpg,5
train_741_happy.jpg,0
train_741_neutral.jpg,6
train_741_sad.jpg,2
train_741_surprise.jpg,1
train_742_angry.jpg,3
train_742_disgust.jpg,4
train_742_fear.jpg,5
train_742_happy.jpg,0
train_742_neutral.jpg,6
train_742_sad.jpg,2
train_742_surprise.jpg,1
train_743_angry.jpg,3
train_743_disgust.jpg,4
train_743_fear.jpg,5
train_743_happy.jpg,0
train_743_neutral.jpg,6
train_743_sad.jpg,2
train_743_surprise.jpg,1
train_744_angry.jpg,3
train_744_disgust.jpg,4
train_744_fear.jpg,5
train_744_happy.jpg,0
train_744_neutral.jpg,6
train_744_sad.jpg,2
train_744_surprise.jpg,1
train_745_angry.jpg,3
train_745_disgust.jpg,4
train_745_fear.jpg,5
train_745_happy.jpg,0
train_745_neutral.jpg,6
train_745_sad.jpg,2
train_745_surprise.jpg,1
train_746_angry.jpg,3
train_746_disgust.jpg,4
train_746_fear.jpg,5
train_746_happy.jpg,0
train_746_neutral.jpg,6
train_746_sad.jpg,2
train_746_surprise.jpg,1
train_747_angry.jpg,3
train_747_disgust.jpg,4
train_747_fear.jpg,5
train_747_happy.jpg,0
train_747_neutral.jpg,6
train_747_sad.jpg,2
train_747_surprise.jpg,1
train_748_angry.jpg,3
train_748_disgust.jpg,4
train_748_fear.jpg,5
train_748_happy.jpg,0
train_748_neutral.jpg,6
train_748_sad.jpg,2
train_748_surprise.jpg,1
train_749_angry.jpg,3
train_749_disgust.jpg,4
train_749_fear.jpg,5
train_749_happy.jpg,0
train_749_neutral.jpg,6
train_749_sad.jpg,2
train_749_surprise.jpg,1
train_74_angry.jpg,3
train_74_disgust.jpg,4
train_74_fear.jpg,5
train_74_happy.jpg,0
train_74_neutral.jpg,6
train_74_sad.jpg,2
train_74_surprise.jpg,1
train_750_angry.jpg,3
train_750_disgust.jpg,4
train_750_fear.jpg,5
train_750_happy.jpg,0
train_750_neutral.jpg,6
train_750_sad.jpg,2
train_750_surprise.jpg,1
train_751_angry.jpg,3
train_751_disgust.jpg,4
train_751_fear.jpg,5
train_751_happy.jpg,0
train_751_neutral.jpg,6
train_751_sad.jpg,2
train_751_surprise.jpg,1
train_752_angry.jpg,3
train_752_disgust.jpg,4
train_752_fear.jpg,5
train_752_happy.jpg,0
train_752_neutral.jpg,6
train_752_sad.jpg,2
train_752_surprise.jpg,1
train_753_angry.jpg,3
train_753_disgust.jpg,4
train_753_fear.jpg,5
train_753_happy.jpg,0
train_753_neutral.jpg,6
train_753_sad.jpg,2
train_753_surprise.jpg,1
train_754_angry.jpg,3
train_754_disgust.jpg,4
train_754_fear.jpg,5
train_754_happy.jpg,0
train_754_neutral.jpg,6
train_754_sad.jpg,2
train_754_surprise.jpg,1
train_755_angry.jpg,3
train_755_disgust.jpg,4
train_755_fear.jpg,5
train_755_happy.jpg,0
train_755_neutral.jpg,6
train_755_sad.jpg,2
train_755_surprise.jpg,1
train_756_angry.jpg,3
train_756_disgust.jpg,4
train_756_fear.jpg,5
train_756_happy.jpg,0
train_756_neutral.jpg,6
train_756_sad.jpg,2
train_756_surprise.jpg,1
train_757_angry.jpg,3
train_757_disgust.jpg,4
train_757_fear.jpg,5
train_757_happy.jpg,0
train_757_neutral.jpg,6
train_757_sad.jpg,2
train_757_surprise.jpg,1
train_758_angry.jpg,3
train_758_disgust.jpg,4
train_758_fear.jpg,5
train_758_happy.jpg,0
train_758_neutral.jpg,6
train_758_sad.jpg,2
train_758_surprise.jpg,1
train_759_angry.jpg,3
train_759_disgust.jpg,4
train_759_fear.jpg,5
train_759_happy.jpg,0
train_759_neutral.jpg,6
train_759_sad.jpg,2
train_759_surprise.jpg,1
train_75_angry.jpg,3
train_75_disgust.jpg,4
train_75_fear.jpg,5
train_75_happy.jpg,0
train_75_neutral.jpg,6
train_75_sad.jpg,2
train_75_surprise.jpg,1
train_760_angry.jpg,3
train_760_disgust.jpg,4
train_760_fear.jpg,5
train_760_happy.jpg,0
train_760_neutral.jpg,6
train_760_sad.jpg,2
train_760_surprise.jpg,1
train_761_angry.jpg,3
train_761_disgust.jpg,4
train_761_fear.jpg,5
train_761_happy.jpg,0
train_761_neutral.jpg,6
train_761_sad.jpg,2
train_761_surprise.jpg,1
train_762_angry.jpg,3
train_762_disgust.jpg,4
train_762_fear.jpg,5
train_762_happy.jpg,0
train_762_neutral.jpg,6
train_762_sad.jpg,2
train_762_surprise.jpg,1
train_763_angry.jpg,3
train_763_disgust.jpg,4
train_763_fear.jpg,5
train_763_happy.jpg,0
train_763_neutral.jpg,6
train_763_sad.jpg,2
train_763_surprise.jpg,1
train_764_angry.jpg,3
train_764_disgust.jpg,4
train_764_fear.jpg,5
train_764_happy.jpg,0
train_764_neutral.jpg,6
train_764_sad.jpg,2
train_764_surprise.jpg,1
train_765_angry.jpg,3
train_765_disgust.jpg,4
train_765_fear.jpg,5
train_765_happy.jpg,0
train_765_neutral.jpg,6
train_765_sad.jpg,2
train_765_surprise.jpg,1
train_766_angry.jpg,3
train_766_disgust.jpg,4
train_766_fear.jpg,5
train_766_happy.jpg,0
train_766_neutral.jpg,6
train_766_sad.jpg,2
train_766_surprise.jpg,1
train_767_angry.jpg,3
train_767_disgust.jpg,4
train_767_fear.jpg,5
train_767_happy.jpg,0
train_767_neutral.jpg,6
train_767_sad.jpg,2
train_767_surprise.jpg,1
train_768_angry.jpg,3
train_768_disgust.jpg,4
train_768_fear.jpg,5
train_768_happy.jpg,0
train_768_neutral.jpg,6
train_768_sad.jpg,2
train_768_surprise.jpg,1
train_769_angry.jpg,3
train_769_disgust.jpg,4
train_769_fear.jpg,5
train_769_happy.jpg,0
train_769_neutral.jpg,6
train_769_sad.jpg,2
train_769_surprise.jpg,1
train_76_angry.jpg,3
train_76_disgust.jpg,4
train_76_fear.jpg,5
train_76_happy.jpg,0
train_76_neutral.jpg,6
train_76_sad.jpg,2
train_76_surprise.jpg,1
train_770_angry.jpg,3
train_770_disgust.jpg,4
train_770_fear.jpg,5
train_770_happy.jpg,0
train_770_neutral.jpg,6
train_770_sad.jpg,2
train_770_surprise.jpg,1
train_771_angry.jpg,3
train_771_disgust.jpg,4
train_771_fear.jpg,5
train_771_happy.jpg,0
train_771_neutral.jpg,6
train_771_sad.jpg,2
train_771_surprise.jpg,1
train_772_angry.jpg,3
train_772_disgust.jpg,4
train_772_fear.jpg,5
train_772_happy.jpg,0
train_772_neutral.jpg,6
train_772_sad.jpg,2
train_772_surprise.jpg,1
train_773_angry.jpg,3
train_773_disgust.jpg,4
train_773_fear.jpg,5
train_773_happy.jpg,0
train_773_neutral.jpg,6
train_773_sad.jpg,2
train_773_surprise.jpg,1
train_774_angry.jpg,3
train_774_disgust.jpg,4
train_774_fear.jpg,5
train_774_happy.jpg,0
train_774_neutral.jpg,6
train_774_sad.jpg,2
train_774_surprise.jpg,1
train_775_angry.jpg,3
train_775_disgust.jpg,4
train_775_fear.jpg,5
train_775_happy.jpg,0
train_775_neutral.jpg,6
train_775_sad.jpg,2
train_775_surprise.jpg,1
train_776_angry.jpg,3
train_776_disgust.jpg,4
train_776_fear.jpg,5
train_776_happy.jpg,0
train_776_neutral.jpg,6
train_776_sad.jpg,2
train_776_surprise.jpg,1
train_777_angry.jpg,3
train_777_disgust.jpg,4
train_777_fear.jpg,5
train_777_happy.jpg,0
train_777_neutral.jpg,6
train_777_sad.jpg,2
train_777_surprise.jpg,1
train_778_angry.jpg,3
train_778_disgust.jpg,4
train_778_fear.jpg,5
train_778_happy.jpg,0
train_778_neutral.jpg,6
train_778_sad.jpg,2
train_778_surprise.jpg,1
train_779_angry.jpg,3
train_779_disgust.jpg,4
train_779_fear.jpg,5
train_779_happy.jpg,0
train_779_neutral.jpg,6
train_779_sad.jpg,2
train_779_surprise.jpg,1
train_77_angry.jpg,3
train_77_disgust.jpg,4
train_77_fear.jpg,5
train_77_happy.jpg,0
train_77_neutral.jpg,6
train_77_sad.jpg,2
train_77_surprise.jpg,1
train_780_angry.jpg,3
train_780_disgust.jpg,4
train_780_fear.jpg,5
train_780_happy.jpg,0
train_780_neutral.jpg,6
train_780_sad.jpg,2
train_780_surprise.jpg,1
train_781_angry.jpg,3
train_781_disgust.jpg,4
train_781_fear.jpg,5
train_781_happy.jpg,0
train_781_neutral.jpg,6
train_781_sad.jpg,2
train_781_surprise.jpg,1
train_782_angry.jpg,3
train_782_disgust.jpg,4
train_782_fear.jpg,5
train_782_happy.jpg,0
train_782_neutral.jpg,6
train_782_sad.jpg,2
train_782_surprise.jpg,1
train_783_angry.jpg,3
train_783_disgust.jpg,4
train_783_fear.jpg,5
train_783_happy.jpg,0
train_783_neutral.jpg,6
train_783_sad.jpg,2
train_783_surprise.jpg,1
train_784_angry.jpg,3
train_784_disgust.jpg,4
train_784_fear.jpg,5
train_784_happy.jpg,0
train_784_neutral.jpg,6
train_784_sad.jpg,2
train_784_surprise.jpg,1
train_785_angry.jpg,3
train_785_disgust.jpg,4
train_785_fear.jpg,5
train_785_happy.jpg,0
train_785_neutral.jpg,6
train_785_sad.jpg,2
train_785_surprise.jpg,1
train_786_angry.jpg,3
train_786_disgust.jpg,4
train_786_fear.jpg,5
train_786_happy.jpg,0
train_786_neutral.jpg,6
train_786_sad.jpg,2
train_786_surprise.jpg,1
train_787_angry.jpg,3
train_787_disgust.jpg,4
train_787_fear.jpg,5
train_787_happy.jpg,0
train_787_neutral.jpg,6
train_787_sad.jpg,2
train_787_surprise.jpg,1
train_788_angry.jpg,3
train_788_disgust.jpg,4
train_788_fear.jpg,5
train_788_happy.jpg,0
train_788_neutral.jpg,6
train_788_sad.jpg,2
train_788_surprise.jpg,1
train_789_angry.jpg,3
train_789_disgust.jpg,4
train_789_fear.jpg,5
train_789_happy.jpg,0
train_789_neutral.jpg,6
train_789_sad.jpg,2
train_789_surprise.jpg,1
train_78_angry.jpg,3
train_78_disgust.jpg,4
train_78_fear.jpg,5
train_78_happy.jpg,0
train_78_neutral.jpg,6
train_78_sad.jpg,2
train_78_surprise.jpg,1
train_790_angry.jpg,3
train_790_disgust.jpg,4
train_790_fear.jpg,5
train_790_happy.jpg,0
train_790_neutral.jpg,6
train_790_sad.jpg,2
train_790_surprise.jpg,1
train_791_angry.jpg,3
train_791_disgust.jpg,4
train_791_fear.jpg,5
train_791_happy.jpg,0
train_791_neutral.jpg,6
train_791_sad.jpg,2
train_791_surprise.jpg,1
train_792_angry.jpg,3
train_792_disgust.jpg,4
train_792_fear.jpg,5
train_792_happy.jpg,0
train_792_neutral.jpg,6
train_792_sad.jpg,2
train_792_surprise.jpg,1
train_793_angry.jpg,3
train_793_disgust.jpg,4
train_793_fear.jpg,5
train_793_happy.jpg,0
train_793_neutral.jpg,6
train_793_sad.jpg,2
train_793_surprise.jpg,1
train_794_angry.jpg,3
train_794_disgust.jpg,4
train_794_fear.jpg,5
train_794_happy.jpg,0
train_794_neutral.jpg,6
train_794_sad.jpg,2
train_794_surprise.jpg,1
train_795_angry.jpg,3
train_795_disgust.jpg,4
train_795_fear.jpg,5
train_795_happy.jpg,0
train_795_neutral.jpg,6
train_795_sad.jpg,2
train_795_surprise.jpg,1
train_796_angry.jpg,3
train_796_disgust.jpg,4
train_796_fear.jpg,5
train_796_happy.jpg,0
train_796_neutral.jpg,6
train_796_sad.jpg,2
train_796_surprise.jpg,1
train_797_angry.jpg,3
train_797_disgust.jpg,4
train_797_fear.jpg,5
train_797_happy.jpg,0
train_797_neutral.jpg,6
train_797_sad.jpg,2
train_797_surprise.jpg,1
train_798_angry.jpg,3
train_798_disgust.jpg,4
train_798_fear.jpg,5
train_798_happy.jpg,0
train_798_neutral.jpg,6
train_798_sad.jpg,2
train_798_surprise.jpg,1
train_799_angry.jpg,3
train_799_disgust.jpg,4
train_799_fear.jpg,5
train_799_happy.jpg,0
train_799_neutral.jpg,6
train_799_sad.jpg,2
train_799_surprise.jpg,1
train_79_angry.jpg,3
train_79_disgust.jpg,4
train_79_fear.jpg,5
train_79_happy.jpg,0
train_79_neutral.jpg,6
train_79_sad.jpg,2
train_79_surprise.jpg,1
train_7_angry.jpg,3
train_7_disgust.jpg,4
train_7_fear.jpg,5
train_7_happy.jpg,0
train_7_neutral.jpg,6
train_7_sad.jpg,2
train_7_surprise.jpg,1
train_800_angry.jpg,3
train_800_disgust.jpg,4
train_800_fear.jpg,5
train_800_happy.jpg,0
train_800_neutral.jpg,6
train_800_sad.jpg,2
train_800_surprise.jpg,1
train_801_angry.jpg,3
train_801_disgust.jpg,4
train_801_fear.jpg,5
train_801_happy.jpg,0
train_801_neutral.jpg,6
train_801_sad.jpg,2
train_801_surprise.jpg,1
train_802_angry.jpg,3
train_802_disgust.jpg,4
train_802_fear.jpg,5
train_802_happy.jpg,0
train_802_neutral.jpg,6
train_802_sad.jpg,2
train_802_surprise.jpg,1
train_803_angry.jpg,3
train_803_disgust.jpg,4
train_803_fear.jpg,5
train_803_happy.jpg,0
train_803_neutral.jpg,6
train_803_sad.jpg,2
train_803_surprise.jpg,1
train_804_angry.jpg,3
train_804_disgust.jpg,4
train_804_fear.jpg,5
train_804_happy.jpg,0
train_804_neutral.jpg,6
train_804_sad.jpg,2
train_804_surprise.jpg,1
train_805_angry.jpg,3
train_805_disgust.jpg,4
train_805_fear.jpg,5
train_805_happy.jpg,0
train_805_neutral.jpg,6
train_805_sad.jpg,2
train_805_surprise.jpg,1
train_806_angry.jpg,3
train_806_disgust.jpg,4
train_806_fear.jpg,5
train_806_happy.jpg,0
train_806_neutral.jpg,6
train_806_sad.jpg,2
train_806_surprise.jpg,1
train_807_angry.jpg,3
train_807_disgust.jpg,4
train_807_fear.jpg,5
train_807_happy.jpg,0
train_807_neutral.jpg,6
train_807_sad.jpg,2
train_807_surprise.jpg,1
train_808_angry.jpg,3
train_808_disgust.jpg,4
train_808_fear.jpg,5
train_808_happy.jpg,0
train_808_neutral.jpg,6
train_808_sad.jpg,2
train_808_surprise.jpg,1
train_809_angry.jpg,3
train_809_disgust.jpg,4
train_809_fear.jpg,5
train_809_happy.jpg,0
train_809_neutral.jpg,6
train_809_sad.jpg,2
train_809_surprise.jpg,1
train_80_angry.jpg,3
train_80_disgust.jpg,4
train_80_fear.jpg,5
train_80_happy.jpg,0
train_80_neutral.jpg,6
train_80_sad.jpg,2
train_80_surprise.jpg,1
train_810_angry.jpg,3
train_810_disgust.jpg,4
train_810_fear.jpg,5
train_810_happy.jpg,0
train_810_neutral.jpg,6
train_810_sad.jpg,2
train_810_surprise.jpg,1
train_811_angry.jpg,3
train_811_disgust.jpg,4
train_811_fear.jpg,5
train_811_happy.jpg,0
train_811_neutral.jpg,6
train_811_sad.jpg,2
train_811_surprise.jpg,1
train_812_angry.jpg,3
train_812_disgust.jpg,4
train_812_fear.jpg,5
train_812_happy.jpg,0
train_812_neutral.jpg,6
train_812_sad.jpg,2
train_812_surprise.jpg,1
train_813_angry.jpg,3
train_813_disgust.jpg,4
train_813_fear.jpg,5
train_813_happy.jpg,0
train_813_neutral.jpg,6
train_813_sad.jpg,2
train_813_surprise.jpg,1
train_814_angry.jpg,3
train_814_disgust.jpg,4
train_814_fear.jpg,5
train_814_happy.jpg,0
train_814_neutral.jpg,6
train_814_sad.jpg,2
train_814_surprise.jpg,1
train_815_angry.jpg,3
train_815_disgust.jpg,4
train_815_fear.jpg,5
train_815_happy.jpg,0
train_815_neutral.jpg,6
train_815_sad.jpg,2
train_815_surprise.jpg,1
train_816_angry.jpg,3
train_816_disgust.jpg,4
train_816_fear.jpg,5
train_816_happy.jpg,0
train_816_neutral.jpg,6
train_816_sad.jpg,2
train_816_surprise.jpg,1
train_817_angry.jpg,3
train_817_disgust.jpg,4
train_817_fear.jpg,5
train_817_happy.jpg,0
train_817_neutral.jpg,6
train_817_sad.jpg,2
train_817_surprise.jpg,1
train_818_angry.jpg,3
train_818_disgust.jpg,4
train_818_fear.jpg,5
train_818_happy.jpg,0
train_818_neutral.jpg,6
train_818_sad.jpg,2
train_818_surprise.jpg,1
train_819_angry.jpg,3
train_819_disgust.jpg,4
train_819_fear.jpg,5
train_819_happy.jpg,0
train_819_neutral.jpg,6
train_819_sad.jpg,2
train_819_surprise.jpg,1
train_81_angry.jpg,3
train_81_disgust.jpg,4
train_81_fear.jpg,5
train_81_happy.jpg,0
train_81_neutral.jpg,6
train_81_sad.jpg,2
train_81_surprise.jpg,1
train_820_angry.jpg,3
train_820_disgust.jpg,4
train_820_fear.jpg,5
train_820_happy.jpg,0
train_820_neutral.jpg,6
train_820_sad.jpg,2
train_820_surprise.jpg,1
train_821_angry.jpg,3
train_821_disgust.jpg,4
train_821_fear.jpg,5
train_821_happy.jpg,0
train_821_neutral.jpg,6
train_821_sad.jpg,2
train_821_surprise.jpg,1
train_822_angry.jpg,3
train_822_disgust.jpg,4
train_822_fear.jpg,5
train_822_happy.jpg,0
train_822_neutral.jpg,6
train_822_sad.jpg,2
train_822_surprise.jpg,1
train_823_angry.jpg,3
train_823_disgust.jpg,4
train_823_fear.jpg,5
train_823_happy.jpg,0
train_823_neutral.jpg,6
train_823_sad.jpg,2
train_823_surprise.jpg,1
train_824_angry.jpg,3
train_824_disgust.jpg,4
train_824_fear.jpg,5
train_824_happy.jpg,0
train_824_neutral.jpg,6
train_824_sad.jpg,2
train_824_surprise.jpg,1
train_825_angry.jpg,3
train_825_disgust.jpg,4
train_825_fear.jpg,5
train_825_happy.jpg,0
train_825_neutral.jpg,6
train_825_sad.jpg,2
train_825_surprise.jpg,1
train_826_angry.jpg,3
train_826_disgust.jpg,4
train_826_fear.jpg,5
train_826_happy.jpg,0
train_826_neutral.jpg,6
train_826_sad.jpg,2
train_826_surprise.jpg,1
train_827_angry.jpg,3
train_827_disgust.jpg,4
train_827_fear.jpg,5
train_827_happy.jpg,0
train_827_neutral.jpg,6
train_827_sad.jpg,2
train_827_surprise.jpg,1
train_828_angry.jpg,3
train_828_disgust.jpg,4
train_828_fear.jpg,5
train_828_happy.jpg,0
train_828_neutral.jpg,6
train_828_sad.jpg,2
train_828_surprise.jpg,1
train_829_angry.jpg,3
train_829_disgust.jpg,4
train_829_fear.jpg,5
train_829_happy.jpg,0
train_829_neutral.jpg,6
train_829_sad.jpg,2
train_829_surprise.jpg,1
train_82_angry.jpg,3
train_82_disgust.jpg,4
train_82_fear.jpg,5
train_82_happy.jpg,0
train_82_neutral.jpg,6
train_82_sad.jpg,2
train_82_surprise.jpg,1
train_830_angry.jpg,3
train_830_disgust.jpg,4
train_830_fear.jpg,5
train_830_happy.jpg,0
train_830_neutral.jpg,6
train_830_sad.jpg,2
train_830_surprise.jpg,1
train_831_angry.jpg,3
train_831_disgust.jpg,4
train_831_fear.jpg,5
train_831_happy.jpg,0
train_831_neutral.jpg,6
train_831_sad.jpg,2
train_831_surprise.jpg,1
train_832_angry.jpg,3
train_832_disgust.jpg,4
train_832_fear.jpg,5
train_832_happy.jpg,0
train_832_neutral.jpg,6
train_832_sad.jpg,2
train_832_surprise.jpg,1
train_833_angry.jpg,3
train_833_disgust.jpg,4
train_833_fear.jpg,5
train_833_happy.jpg,0
train_833_neutral.jpg,6
train_833_sad.jpg,2
train_833_surprise.jpg,1
train_834_angry.jpg,3
train_834_disgust.jpg,4
train_834_fear.jpg,5
train_834_happy.jpg,0
train_834_neutral.jpg,6
train_834_sad.jpg,2
train_834_surprise.jpg,1
train_835_angry.jpg,3
train_835_disgust.jpg,4
train_835_fear.jpg,5
train_835_happy.jpg,0
train_835_neutral.jpg,6
train_835_sad.jpg,2
train_835_surprise.jpg,1
train_836_angry.jpg,3
train_836_disgust.jpg,4
train_836_fear.jpg,5
train_836_happy.jpg,0
train_836_neutral.jpg,6
train_836_sad.jpg,2
train_836_surprise.jpg,1
train_837_angry.jpg,3
train_837_disgust.jpg,4
train_837_fear.jpg,5
train_837_happy.jpg,0
train_837_neutral.jpg,6
train_837_sad.jpg,2
train_837_surprise.jpg,1
train_838_angry.jpg,3
train_838_disgust.jpg,4
train_838_fear.jpg,5
train_838_happy.jpg,0
train_838_neutral.jpg,6
train_838_sad.jpg,2
train_838_surprise.jpg,1
train_839_angry.jpg,3
train_839_disgust.jpg,4
train_839_fear.jpg,5
train_839_happy.jpg,0
train_839_neutral.jpg,6
train_839_sad.jpg,2
train_839_surprise.jpg,1
train_83_angry.jpg,3
train_83_disgust.jpg,4
train_83_fear.jpg,5
train_83_happy.jpg,0
train_83_neutral.jpg,6
train_83_sad.jpg,2
train_83_surprise.jpg,1
train_840_angry.jpg,3
train_840_disgust.jpg,4
train_840_fear.jpg,5
train_840_happy.jpg,0
train_840_neutral.jpg,6
train_840_sad.jpg,2
train_840_surprise.jpg,1
train_841_angry.jpg,3
train_841_disgust.jpg,4
train_841_fear.jpg,5
train_841_happy.jpg,0
train_841_neutral.jpg,6
train_841_sad.jpg,2
train_841_surprise.jpg,1
train_842_angry.jpg,3
train_842_disgust.jpg,4
train_842_fear.jpg,5
train_842_happy.jpg,0
train_842_neutral.jpg,6
train_842_sad.jpg,2
train_842_surprise.jpg,1
train_843_angry.jpg,3
train_843_disgust.jpg,4
train_843_fear.jpg,5
train_843_happy.jpg,0
train_843_neutral.jpg,6
train_843_sad.jpg,2
train_843_surprise.jpg,1
train_844_angry.jpg,3
train_844_disgust.jpg,4
train_844_fear.jpg,5
train_844_happy.jpg,0
train_844_neutral.jpg,6
train_844_sad.jpg,2
train_844_surprise.jpg,1
train_845_angry.jpg,3
train_845_disgust.jpg,4
train_845_fear.jpg,5
train_845_happy.jpg,0
train_845_neutral.jpg,6
train_845_sad.jpg,2
train_845_surprise.jpg,1
train_846_angry.jpg,3
train_846_disgust.jpg,4
train_846_fear.jpg,5
train_846_happy.jpg,0
train_846_neutral.jpg,6
train_846_sad.jpg,2
train_846_surprise.jpg,1
train_847_angry.jpg,3
train_847_disgust.jpg,4
train_847_fear.jpg,5
train_847_happy.jpg,0
train_847_neutral.jpg,6
train_847_sad.jpg,2
train_847_surprise.jpg,1
train_848_angry.jpg,3
train_848_disgust.jpg,4
train_848_fear.jpg,5
train_848_happy.jpg,0
train_848_neutral.jpg,6
train_848_sad.jpg,2
train_848_surprise.jpg,1
train_849_angry.jpg,3
train_849_disgust.jpg,4
train_849_fear.jpg,5
train_849_happy.jpg,0
train_849_neutral.jpg,6
train_849_sad.jpg,2
train_849_surprise.jpg,1
train_84_angry.jpg,3
train_84_disgust.jpg,4
train_84_fear.jpg,5
train_84_happy.jpg,0
train_84_neutral.jpg,6
train_84_sad.jpg,2
train_84_surprise.jpg,1
train_850_angry.jpg,3
train_850_disgust.jpg,4
train_850_fear.jpg,5
train_850_happy.jpg,0
train_850_neutral.jpg,6
train_850_sad.jpg,2
train_850_surprise.jpg,1
train_851_angry.jpg,3
train_851_disgust.jpg,4
train_851_fear.jpg,5
train_851_happy.jpg,0
train_851_neutral.jpg,6
train_851_sad.jpg,2
train_851_surprise.jpg,1
train_852_angry.jpg,3
train_852_disgust.jpg,4
train_852_fear.jpg,5
train_852_happy.jpg,0
train_852_neutral.jpg,6
train_852_sad.jpg,2
train_852_surprise.jpg,1
train_853_angry.jpg,3
train_853_disgust.jpg,4
train_853_fear.jpg,5
train_853_happy.jpg,0
train_853_neutral.jpg,6
train_853_sad.jpg,2
train_853_surprise.jpg,1
train_854_angry.jpg,3
train_854_disgust.jpg,4
train_854_fear.jpg,5
train_854_happy.jpg,0
train_854_neutral.jpg,6
train_854_sad.jpg,2
train_854_surprise.jpg,1
train_855_angry.jpg,3
train_855_disgust.jpg,4
train_855_fear.jpg,5
train_855_happy.jpg,0
train_855_neutral.jpg,6
train_855_sad.jpg,2
train_855_surprise.jpg,1
train_856_angry.jpg,3
train_856_disgust.jpg,4
train_856_fear.jpg,5
train_856_happy.jpg,0
train_856_neutral.jpg,6
train_856_sad.jpg,2
train_856_surprise.jpg,1
train_857_angry.jpg,3
train_857_disgust.jpg,4
train_857_fear.jpg,5
train_857_happy.jpg,0
train_857_neutral.jpg,6
train_857_sad.jpg,2
train_857_surprise.jpg,1
train_858_angry.jpg,3
train_858_disgust.jpg,4
train_858_fear.jpg,5
train_858_happy.jpg,0
train_858_neutral.jpg,6
train_858_sad.jpg,2
train_858_surprise.jpg,1
train_859_angry.jpg,3
train_859_disgust.jpg,4
train_859_fear.jpg,5
train_859_happy.jpg,0
train_859_neutral.jpg,6
train_859_sad.jpg,2
train_859_surprise.jpg,1
train_85_angry.jpg,3
train_85_disgust.jpg,4
train_85_fear.jpg,5
train_85_happy.jpg,0
train_85_neutral.jpg,6
train_85_sad.jpg,2
train_85_surprise.jpg,1
train_860_angry.jpg,3
train_860_disgust.jpg,4
train_860_fear.jpg,5
train_860_happy.jpg,0
train_860_neutral.jpg,6
train_860_sad.jpg,2
train_860_surprise.jpg,1
train_861_angry.jpg,3
train_861_disgust.jpg,4
train_861_fear.jpg,5
train_861_happy.jpg,0
train_861_neutral.jpg,6
train_861_sad.jpg,2
train_861_surprise.jpg,1
train_862_angry.jpg,3
train_862_disgust.jpg,4
train_862_fear.jpg,5
train_862_happy.jpg,0
train_862_neutral.jpg,6
train_862_sad.jpg,2
train_862_surprise.jpg,1
train_863_angry.jpg,3
train_863_disgust.jpg,4
train_863_fear.jpg,5
train_863_happy.jpg,0
train_863_neutral.jpg,6
train_863_sad.jpg,2
train_863_surprise.jpg,1
train_864_angry.jpg,3
train_864_disgust.jpg,4
train_864_fear.jpg,5
train_864_happy.jpg,0
train_864_neutral.jpg,6
train_864_sad.jpg,2
train_864_surprise.jpg,1
train_865_angry.jpg,3
train_865_disgust.jpg,4
train_865_fear.jpg,5
train_865_happy.jpg,0
train_865_neutral.jpg,6
train_865_sad.jpg,2
train_865_surprise.jpg,1
train_866_angry.jpg,3
train_866_disgust.jpg,4
train_866_fear.jpg,5
train_866_happy.jpg,0
train_866_neutral.jpg,6
train_866_sad.jpg,2
train_866_surprise.jpg,1
train_867_angry.jpg,3
train_867_disgust.jpg,4
train_867_fear.jpg,5
train_867_happy.jpg,0
train_867_neutral.jpg,6
train_867_sad.jpg,2
train_867_surprise.jpg,1
train_868_angry.jpg,3
train_868_disgust.jpg,4
train_868_fear.jpg,5
train_868_happy.jpg,0
train_868_neutral.jpg,6
train_868_sad.jpg,2
train_868_surprise.jpg,1
train_869_angry.jpg,3
train_869_disgust.jpg,4
train_869_fear.jpg,5
train_869_happy.jpg,0
train_869_neutral.jpg,6
train_869_sad.jpg,2
train_869_surprise.jpg,1
train_86_angry.jpg,3
train_86_disgust.jpg,4
train_86_fear.jpg,5
train_86_happy.jpg,0
train_86_neutral.jpg,6
train_86_sad.jpg,2
train_86_surprise.jpg,1
train_870_angry.jpg,3
train_870_disgust.jpg,4
train_870_fear.jpg,5
train_870_happy.jpg,0
train_870_neutral.jpg,6
train_870_sad.jpg,2
train_870_surprise.jpg,1
train_871_angry.jpg,3
train_871_disgust.jpg,4
train_871_fear.jpg,5
train_871_happy.jpg,0
train_871_neutral.jpg,6
train_871_sad.jpg,2
train_871_surprise.jpg,1
train_872_angry.jpg,3
train_872_disgust.jpg,4
train_872_fear.jpg,5
train_872_happy.jpg,0
train_872_neutral.jpg,6
train_872_sad.jpg,2
train_872_surprise.jpg,1
train_873_angry.jpg,3
train_873_disgust.jpg,4
train_873_fear.jpg,5
train_873_happy.jpg,0
train_873_neutral.jpg,6
train_873_sad.jpg,2
train_873_surprise.jpg,1
train_874_angry.jpg,3
train_874_disgust.jpg,4
train_874_fear.jpg,5
train_874_happy.jpg,0
train_874_neutral.jpg,6
train_874_sad.jpg,2
train_874_surprise.jpg,1
train_875_angry.jpg,3
train_875_disgust.jpg,4
train_875_fear.jpg,5
train_875_happy.jpg,0
train_875_neutral.jpg,6
train_875_sad.jpg,2
train_875_surprise.jpg,1
train_876_angry.jpg,3
train_876_disgust.jpg,4
train_876_fear.jpg,5
train_876_happy.jpg,0
train_876_neutral.jpg,6
train_876_sad.jpg,2
train_876_surprise.jpg,1
train_877_angry.jpg,3
train_877_disgust.jpg,4
train_877_fear.jpg,5
train_877_happy.jpg,0
train_877_neutral.jpg,6
train_877_sad.jpg,2
train_877_surprise.jpg,1
train_878_angry.jpg,3
train_878_disgust.jpg,4
train_878_fear.jpg,5
train_878_happy.jpg,0
train_878_neutral.jpg,6
train_878_sad.jpg,2
train_878_surprise.jpg,1
train_879_angry.jpg,3
train_879_disgust.jpg,4
train_879_fear.jpg,5
train_879_happy.jpg,0
train_879_neutral.jpg,6
train_879_sad.jpg,2
train_879_surprise.jpg,1
train_87_angry.jpg,3
train_87_disgust.jpg,4
train_87_fear.jpg,5
train_87_happy.jpg,0
train_87_neutral.jpg,6
train_87_sad.jpg,2
train_87_surprise.jpg,1
train_880_angry.jpg,3
train_880_disgust.jpg,4
train_880_fear.jpg,5
train_880_happy.jpg,0
train_880_neutral.jpg,6
train_880_sad.jpg,2
train_880_surprise.jpg,1
train_881_angry.jpg,3
train_881_disgust.jpg,4
train_881_fear.jpg,5
train_881_happy.jpg,0
train_881_neutral.jpg,6
train_881_sad.jpg,2
train_881_surprise.jpg,1
train_882_angry.jpg,3
train_882_disgust.jpg,4
train_882_fear.jpg,5
train_882_happy.jpg,0
train_882_neutral.jpg,6
train_882_sad.jpg,2
train_882_surprise.jpg,1
train_883_angry.jpg,3
train_883_disgust.jpg,4
train_883_fear.jpg,5
train_883_happy.jpg,0
train_883_neutral.jpg,6
train_883_sad.jpg,2
train_883_surprise.jpg,1
train_884_angry.jpg,3
train_884_disgust.jpg,4
train_884_fear.jpg,5
train_884_happy.jpg,0
train_884_neutral.jpg,6
train_884_sad.jpg,2
train_884_surprise.jpg,1
train_885_angry.jpg,3
train_885_disgust.jpg,4
train_885_fear.jpg,5
train_885_happy.jpg,0
train_885_neutral.jpg,6
train_885_sad.jpg,2
train_885_surprise.jpg,1
train_886_angry.jpg,3
train_886_disgust.jpg,4
train_886_fear.jpg,5
train_886_happy.jpg,0
train_886_neutral.jpg,6
train_886_sad.jpg,2
train_886_surprise.jpg,1
train_887_angry.jpg,3
train_887_disgust.jpg,4
train_887_fear.jpg,5
train_887_happy.jpg,0
train_887_neutral.jpg,6
train_887_sad.jpg,2
train_887_surprise.jpg,1
train_888_angry.jpg,3
train_888_disgust.jpg,4
train_888_fear.jpg,5
train_888_happy.jpg,0
train_888_neutral.jpg,6
train_888_sad.jpg,2
train_888_surprise.jpg,1
train_889_angry.jpg,3
train_889_disgust.jpg,4
train_889_fear.jpg,5
train_889_happy.jpg,0
train_889_neutral.jpg,6
train_889_sad.jpg,2
train_889_surprise.jpg,1
train_88_angry.jpg,3
train_88_disgust.jpg,4
train_88_fear.jpg,5
train_88_happy.jpg,0
train_88_neutral.jpg,6
train_88_sad.jpg,2
train_88_surprise.jpg,1
train_890_angry.jpg,3
train_890_disgust.jpg,4
train_890_fear.jpg,5
train_890_happy.jpg,0
train_890_neutral.jpg,6
train_890_sad.jpg,2
train_890_surprise.jpg,1
train_891_angry.jpg,3
train_891_disgust.jpg,4
train_891_fear.jpg,5
train_891_happy.jpg,0
train_891_neutral.jpg,6
train_891_sad.jpg,2
train_891_surprise.jpg,1
train_892_angry.jpg,3
train_892_disgust.jpg,4
train_892_fear.jpg,5
train_892_happy.jpg,0
train_892_neutral.jpg,6
train_892_sad.jpg,2
train_892_surprise.jpg,1
train_893_angry.jpg,3
train_893_disgust.jpg,4
train_893_fear.jpg,5
train_893_happy.jpg,0
train_893_neutral.jpg,6
train_893_sad.jpg,2
train_893_surprise.jpg,1
train_894_angry.jpg,3
train_894_disgust.jpg,4
train_894_fear.jpg,5
train_894_happy.jpg,0
train_894_neutral.jpg,6
train_894_sad.jpg,2
train_894_surprise.jpg,1
train_895_angry.jpg,3
train_895_disgust.jpg,4
train_895_fear.jpg,5
train_895_happy.jpg,0
train_895_neutral.jpg,6
train_895_sad.jpg,2
train_895_surprise.jpg,1
train_896_angry.jpg,3
train_896_disgust.jpg,4
train_896_fear.jpg,5
train_896_happy.jpg,0
train_896_neutral.jpg,6
train_896_sad.jpg,2
train_896_surprise.jpg,1
train_897_angry.jpg,3
train_897_disgust.jpg,4
train_897_fear.jpg,5
train_897_happy.jpg,0
train_897_neutral.jpg,6
train_897_sad.jpg,2
train_897_surprise.jpg,1
train_898_angry.jpg,3
train_898_disgust.jpg,4
train_898_fear.jpg,5
train_898_happy.jpg,0
train_898_neutral.jpg,6
train_898_sad.jpg,2
train_898_surprise.jpg,1
train_899_angry.jpg,3
train_899_disgust.jpg,4
train_899_fear.jpg,5
train_899_happy.jpg,0
train_899_neutral.jpg,6
train_899_sad.jpg,2
train_899_surprise.jpg,1
train_89_angry.jpg,3
train_89_disgust.jpg,4
train_89_fear.jpg,5
train_89_happy.jpg,0
train_89_neutral.jpg,6
train_89_sad.jpg,2
train_89_surprise.jpg,1
train_8_angry.jpg,3
train_8_disgust.jpg,4
train_8_fear.jpg,5
train_8_happy.jpg,0
train_8_neutral.jpg,6
train_8_sad.jpg,2
train_8_surprise.jpg,1
train_900_angry.jpg,3
train_900_disgust.jpg,4
train_900_fear.jpg,5
train_900_happy.jpg,0
train_900_neutral.jpg,6
train_900_sad.jpg,2
train_900_surprise.jpg,1
train_901_angry.jpg,3
train_901_disgust.jpg,4
train_901_fear.jpg,5
train_901_happy.jpg,0
train_901_neutral.jpg,6
train_901_sad.jpg,2
train_901_surprise.jpg,1
train_902_angry.jpg,3
train_902_disgust.jpg,4
train_902_fear.jpg,5
train_902_happy.jpg,0
train_902_neutral.jpg,6
train_902_sad.jpg,2
train_902_surprise.jpg,1
train_903_angry.jpg,3
train_903_disgust.jpg,4
train_903_fear.jpg,5
train_903_happy.jpg,0
train_903_neutral.jpg,6
train_903_sad.jpg,2
train_903_surprise.jpg,1
train_904_angry.jpg,3
train_904_disgust.jpg,4
train_904_fear.jpg,5
train_904_happy.jpg,0
train_904_neutral.jpg,6
train_904_sad.jpg,2
train_904_surprise.jpg,1
train_905_angry.jpg,3
train_905_disgust.jpg,4
train_905_fear.jpg,5
train_905_happy.jpg,0
train_905_neutral.jpg,6
train_905_sad.jpg,2
train_905_surprise.jpg,1
train_906_angry.jpg,3
train_906_disgust.jpg,4
train_906_fear.jpg,5
train_906_happy.jpg,0
train_906_neutral.jpg,6
train_906_sad.jpg,2
train_906_surprise.jpg,1
train_907_angry.jpg,3
train_907_disgust.jpg,4
train_907_fear.jpg,5
train_907_happy.jpg,0
train_907_neutral.jpg,6
train_907_sad.jpg,2
train_907_surprise.jpg,1
train_908_angry.jpg,3
train_908_disgust.jpg,4
train_908_fear.jpg,5
train_908_happy.jpg,0
train_908_neutral.jpg,6
train_908_sad.jpg,2
train_908_surprise.jpg,1
train_909_angry.jpg,3
train_909_disgust.jpg,4
train_909_fear.jpg,5
train_909_happy.jpg,0
train_909_neutral.jpg,6
train_909_sad.jpg,2
train_909_surprise.jpg,1
train_90_angry.jpg,3
train_90_disgust.jpg,4
train_90_fear.jpg,5
train_90_happy.jpg,0
train_90_neutral.jpg,6
train_90_sad.jpg,2
train_90_surprise.jpg,1
train_910_angry.jpg,3
train_910_disgust.jpg,4
train_910_fear.jpg,5
train_910_happy.jpg,0
train_910_neutral.jpg,6
train_910_sad.jpg,2
train_910_surprise.jpg,1
train_911_angry.jpg,3
train_911_disgust.jpg,4
train_911_fear.jpg,5
train_911_happy.jpg,0
train_911_neutral.jpg,6
train_911_sad.jpg,2
train_911_surprise.jpg,1
train_912_angry.jpg,3
train_912_disgust.jpg,4
train_912_fear.jpg,5
train_912_happy.jpg,0
train_912_neutral.jpg,6
train_912_sad.jpg,2
train_912_surprise.jpg,1
train_913_angry.jpg,3
train_913_disgust.jpg,4
train_913_fear.jpg,5
train_913_happy.jpg,0
train_913_neutral.jpg,6
train_913_sad.jpg,2
train_913_surprise.jpg,1
train_914_angry.jpg,3
train_914_disgust.jpg,4
train_914_fear.jpg,5
train_914_happy.jpg,0
train_914_neutral.jpg,6
train_914_sad.jpg,2
train_914_surprise.jpg,1
train_915_angry.jpg,3
train_915_disgust.jpg,4
train_915_fear.jpg,5
train_915_happy.jpg,0
train_915_neutral.jpg,6
train_915_sad.jpg,2
train_915_surprise.jpg,1
train_916_angry.jpg,3
train_916_disgust.jpg,4
train_916_fear.jpg,5
train_916_happy.jpg,0
train_916_neutral.jpg,6
train_916_sad.jpg,2
train_916_surprise.jpg,1
train_917_angry.jpg,3
train_917_disgust.jpg,4
train_917_fear.jpg,5
train_917_happy.jpg,0
train_917_neutral.jpg,6
train_917_sad.jpg,2
train_917_surprise.jpg,1
train_918_angry.jpg,3
train_918_disgust.jpg,4
train_918_fear.jpg,5
train_918_happy.jpg,0
train_918_neutral.jpg,6
train_918_sad.jpg,2
train_918_surprise.jpg,1
train_919_angry.jpg,3
train_919_disgust.jpg,4
train_919_fear.jpg,5
train_919_happy.jpg,0
train_919_neutral.jpg,6
train_919_sad.jpg,2
train_919_surprise.jpg,1
train_91_angry.jpg,3
train_91_disgust.jpg,4
train_91_fear.jpg,5
train_91_happy.jpg,0
train_91_neutral.jpg,6
train_91_sad.jpg,2
train_91_surprise.jpg,1
train_920_angry.jpg,3
train_920_disgust.jpg,4
train_920_fear.jpg,5
train_920_happy.jpg,0
train_920_neutral.jpg,6
train_920_sad.jpg,2
train_920_surprise.jpg,1
train_921_angry.jpg,3
train_921_disgust.jpg,4
train_921_fear.jpg,5
train_921_happy.jpg,0
train_921_neutral.jpg,6
train_921_sad.jpg,2
train_921_surprise.jpg,1
train_922_angry.jpg,3
train_922_disgust.jpg,4
train_922_fear.jpg,5
train_922_happy.jpg,0
train_922_neutral.jpg,6
train_922_sad.jpg,2
train_922_surprise.jpg,1
train_923_angry.jpg,3
train_923_disgust.jpg,4
train_923_fear.jpg,5
train_923_happy.jpg,0
train_923_neutral.jpg,6
train_923_sad.jpg,2
train_923_surprise.jpg,1
train_924_angry.jpg,3
train_924_disgust.jpg,4
train_924_fear.jpg,5
train_924_happy.jpg,0
train_924_neutral.jpg,6
train_924_sad.jpg,2
train_924_surprise.jpg,1
train_925_angry.jpg,3
train_925_disgust.jpg,4
train_925_fear.jpg,5
train_925_happy.jpg,0
train_925_neutral.jpg,6
train_925_sad.jpg,2
train_925_surprise.jpg,1
train_926_angry.jpg,3
train_926_disgust.jpg,4
train_926_fear.jpg,5
train_926_happy.jpg,0
train_926_neutral.jpg,6
train_926_sad.jpg,2
train_926_surprise.jpg,1
train_927_angry.jpg,3
train_927_disgust.jpg,4
train_927_fear.jpg,5
train_927_happy.jpg,0
train_927_neutral.jpg,6
train_927_sad.jpg,2
train_927_surprise.jpg,1
train_928_angry.jpg,3
train_928_disgust.jpg,4
train_928_fear.jpg,5
train_928_happy.jpg,0
train_928_neutral.jpg,6
train_928_sad.jpg,2
train_928_surprise.jpg,1
train_929_angry.jpg,3
train_929_disgust.jpg,4
train_929_fear.jpg,5
train_929_happy.jpg,0
train_929_neutral.jpg,6
train_929_sad.jpg,2
train_929_surprise.jpg,1
train_92_angry.jpg,3
train_92_disgust.jpg,4
train_92_fear.jpg,5
train_92_happy.jpg,0
train_92_neutral.jpg,6
train_92_sad.jpg,2
train_92_surprise.jpg,1
train_930_angry.jpg,3
train_930_disgust.jpg,4
train_930_fear.jpg,5
train_930_happy.jpg,0
train_930_neutral.jpg,6
train_930_sad.jpg,2
train_930_surprise.jpg,1
train_931_angry.jpg,3
train_931_disgust.jpg,4
train_931_fear.jpg,5
train_931_happy.jpg,0
train_931_neutral.jpg,6
train_931_sad.jpg,2
train_931_surprise.jpg,1
train_932_angry.jpg,3
train_932_disgust.jpg,4
train_932_fear.jpg,5
train_932_happy.jpg,0
train_932_neutral.jpg,6
train_932_sad.jpg,2
train_932_surprise.jpg,1
train_933_angry.jpg,3
train_933_disgust.jpg,4
train_933_fear.jpg,5
train_933_happy.jpg,0
train_933_neutral.jpg,6
train_933_sad.jpg,2
train_933_surprise.jpg,1
train_934_angry.jpg,3
train_934_disgust.jpg,4
train_934_fear.jpg,5
train_934_happy.jpg,0
train_934_neutral.jpg,6
train_934_sad.jpg,2
train_934_surprise.jpg,1
train_935_angry.jpg,3
train_935_disgust.jpg,4
train_935_fear.jpg,5
train_935_happy.jpg,0
train_935_neutral.jpg,6
train_935_sad.jpg,2
train_935_surprise.jpg,1
train_936_angry.jpg,3
train_936_disgust.jpg,4
train_936_fear.jpg,5
train_936_happy.jpg,0
train_936_neutral.jpg,6
train_936_sad.jpg,2
train_936_surprise.jpg,1
train_937_angry.jpg,3
train_937_disgust.jpg,4
train_937_fear.jpg,5
train_937_happy.jpg,0
train_937_neutral.jpg,6
train_937_sad.jpg,2
train_937_surprise.jpg,1
train_938_angry.jpg,3
train_938_disgust.jpg,4
train_938_fear.jpg,5
train_938_happy.jpg,0
train_938_neutral.jpg,6
train_938_sad.jpg,2
train_938_surprise.jpg,1
train_939_angry.jpg,3
train_939_disgust.jpg,4
train_939_fear.jpg,5
train_939_happy.jpg,0
train_939_neutral.jpg,6
train_939_sad.jpg,2
train_939_surprise.jpg,1
train_93_angry.jpg,3
train_93_disgust.jpg,4
train_93_fear.jpg,5
train_93_happy.jpg,0
train_93_neutral.jpg,6
train_93_sad.jpg,2
train_93_surprise.jpg,1
train_940_angry.jpg,3
train_940_disgust.jpg,4
train_940_fear.jpg,5
train_940_happy.jpg,0
train_940_neutral.jpg,6
train_940_sad.jpg,2
train_940_surprise.jpg,1
train_941_angry.jpg,3
train_941_disgust.jpg,4
train_941_fear.jpg,5
train_941_happy.jpg,0
train_941_neutral.jpg,6
train_941_sad.jpg,2
train_941_surprise.jpg,1
train_942_angry.jpg,3
train_942_disgust.jpg,4
train_942_fear.jpg,5
train_942_happy.jpg,0
train_942_neutral.jpg,6
train_942_sad.jpg,2
train_942_surprise.jpg,1
train_943_angry.jpg,3
train_943_disgust.jpg,4
train_943_fear.jpg,5
train_943_happy.jpg,0
train_943_neutral.jpg,6
train_943_sad.jpg,2
train_943_surprise.jpg,1
train_944_angry.jpg,3
train_944_disgust.jpg,4
train_944_fear.jpg,5
train_944_happy.jpg,0
train_944_neutral.jpg,6
train_944_sad.jpg,2
train_944_surprise.jpg,1
train_945_angry.jpg,3
train_945_disgust.jpg,4
train_945_fear.jpg,5
train_945_happy.jpg,0
train_945_neutral.jpg,6
train_945_sad.jpg,2
train_945_surprise.jpg,1
train_946_angry.jpg,3
train_946_disgust.jpg,4
train_946_fear.jpg,5
train_946_happy.jpg,0
train_946_neutral.jpg,6
train_946_sad.jpg,2
train_946_surprise.jpg,1
train_947_angry.jpg,3
train_947_disgust.jpg,4
train_947_fear.jpg,5
train_947_happy.jpg,0
train_947_neutral.jpg,6
train_947_sad.jpg,2
train_947_surprise.jpg,1
train_948_angry.jpg,3
train_948_disgust.jpg,4
train_948_fear.jpg,5
train_948_happy.jpg,0
train_948_neutral.jpg,6
train_948_sad.jpg,2
train_948_surprise.jpg,1
train_949_angry.jpg,3
train_949_disgust.jpg,4
train_949_fear.jpg,5
train_949_happy.jpg,0
train_949_neutral.jpg,6
train_949_sad.jpg,2
train_949_surprise.jpg,1
train_94_angry.jpg,3
train_94_disgust.jpg,4
train_94_fear.jpg,5
train_94_happy.jpg,0
train_94_neutral.jpg,6
train_94_sad.jpg,2
train_94_surprise.jpg,1
train_950_angry.jpg,3
train_950_disgust.jpg,4
train_950_fear.jpg,5
train_950_happy.jpg,0
train_950_neutral.jpg,6
train_950_sad.jpg,2
train_950_surprise.jpg,1
train_951_angry.jpg,3
train_951_disgust.jpg,4
train_951_fear.jpg,5
train_951_happy.jpg,0
train_951_neutral.jpg,6
train_951_sad.jpg,2
train_951_surprise.jpg,1
train_952_angry.jpg,3
train_952_disgust.jpg,4
train_952_fear.jpg,5
train_952_happy.jpg,0
train_952_neutral.jpg,6
train_952_sad.jpg,2
train_952_surprise.jpg,1
train_953_angry.jpg,3
train_953_disgust.jpg,4
train_953_fear.jpg,5
train_953_happy.jpg,0
train_953_neutral.jpg,6
train_953_sad.jpg,2
train_953_surprise.jpg,1
train_954_angry.jpg,3
train_954_disgust.jpg,4
train_954_fear.jpg,5
train_954_happy.jpg,0
train_954_neutral.jpg,6
train_954_sad.jpg,2
train_954_surprise.jpg,1
train_955_angry.jpg,3
train_955_disgust.jpg,4
train_955_fear.jpg,5
train_955_happy.jpg,0
train_955_neutral.jpg,6
train_955_sad.jpg,2
train_955_surprise.jpg,1
train_956_angry.jpg,3
train_956_disgust.jpg,4
train_956_fear.jpg,5
train_956_happy.jpg,0
train_956_neutral.jpg,6
train_956_sad.jpg,2
train_956_surprise.jpg,1
train_957_angry.jpg,3
train_957_disgust.jpg,4
train_957_fear.jpg,5
train_957_happy.jpg,0
train_957_neutral.jpg,6
train_957_sad.jpg,2
train_957_surprise.jpg,1
train_958_angry.jpg,3
train_958_disgust.jpg,4
train_958_fear.jpg,5
train_958_happy.jpg,0
train_958_neutral.jpg,6
train_958_sad.jpg,2
train_958_surprise.jpg,1
train_959_angry.jpg,3
train_959_disgust.jpg,4
train_959_fear.jpg,5
train_959_happy.jpg,0
train_959_neutral.jpg,6
train_959_sad.jpg,2
train_959_surprise.jpg,1
train_95_angry.jpg,3
train_95_disgust.jpg,4
train_95_fear.jpg,5
train_95_happy.jpg,0
train_95_neutral.jpg,6
train_95_sad.jpg,2
train_95_surprise.jpg,1
train_960_angry.jpg,3
train_960_disgust.jpg,4
train_960_fear.jpg,5
train_960_happy.jpg,0
train_960_neutral.jpg,6
train_960_sad.jpg,2
train_960_surprise.jpg,1
train_961_angry.jpg,3
train_961_disgust.jpg,4
train_961_fear.jpg,5
train_961_happy.jpg,0
train_961_neutral.jpg,6
train_961_sad.jpg,2
train_961_surprise.jpg,1
train_962_angry.jpg,3
train_962_disgust.jpg,4
train_962_fear.jpg,5
train_962_happy.jpg,0
train_962_neutral.jpg,6
train_962_sad.jpg,2
train_962_surprise.jpg,1
train_963_angry.jpg,3
train_963_disgust.jpg,4
train_963_fear.jpg,5
train_963_happy.jpg,0
train_963_neutral.jpg,6
train_963_sad.jpg,2
train_963_surprise.jpg,1
train_964_angry.jpg,3
train_964_disgust.jpg,4
train_964_fear.jpg,5
train_964_happy.jpg,0
train_964_neutral.jpg,6
train_964_sad.jpg,2
train_964_surprise.jpg,1
train_965_angry.jpg,3
train_965_disgust.jpg,4
train_965_fear.jpg,5
train_965_happy.jpg,0
train_965_neutral.jpg,6
train_965_sad.jpg,2
train_965_surprise.jpg,1
train_966_angry.jpg,3
train_966_disgust.jpg,4
train_966_fear.jpg,5
train_966_happy.jpg,0
train_966_neutral.jpg,6
train_966_sad.jpg,2
train_966_surprise.jpg,1
train_967_angry.jpg,3
train_967_disgust.jpg,4
train_967_fear.jpg,5
train_967_happy.jpg,0
train_967_neutral.jpg,6
train_967_sad.jpg,2
train_967_surprise.jpg,1
train_968_angry.jpg,3
train_968_disgust.jpg,4
train_968_fear.jpg,5
train_968_happy.jpg,0
train_968_neutral.jpg,6
train_968_sad.jpg,2
train_968_surprise.jpg,1
train_969_angry.jpg,3
train_969_disgust.jpg,4
train_969_fear.jpg,5
train_969_happy.jpg,0
train_969_neutral.jpg,6
train_969_sad.jpg,2
train_969_surprise.jpg,1
train_96_angry.jpg,3
train_96_disgust.jpg,4
train_96_fear.jpg,5
train_96_happy.jpg,0
train_96_neutral.jpg,6
train_96_sad.jpg,2
train_96_surprise.jpg,1
train_970_angry.jpg,3
train_970_disgust.jpg,4
train_970_fear.jpg,5
train_970_happy.jpg,0
train_970_neutral.jpg,6
train_970_sad.jpg,2
train_970_surprise.jpg,1
train_971_angry.jpg,3
train_971_disgust.jpg,4
train_971_fear.jpg,5
train_971_happy.jpg,0
train_971_neutral.jpg,6
train_971_sad.jpg,2
train_971_surprise.jpg,1
train_972_angry.jpg,3
train_972_disgust.jpg,4
train_972_fear.jpg,5
train_972_happy.jpg,0
train_972_neutral.jpg,6
train_972_sad.jpg,2
train_972_surprise.jpg,1
train_973_angry.jpg,3
train_973_disgust.jpg,4
train_973_fear.jpg,5
train_973_happy.jpg,0
train_973_neutral.jpg,6
train_973_sad.jpg,2
train_973_surprise.jpg,1
train_974_angry.jpg,3
train_974_disgust.jpg,4
train_974_fear.jpg,5
train_974_happy.jpg,0
train_974_neutral.jpg,6
train_974_sad.jpg,2
train_974_surprise.jpg,1
train_975_angry.jpg,3
train_975_disgust.jpg,4
train_975_fear.jpg,5
train_975_happy.jpg,0
train_975_neutral.jpg,6
train_975_sad.jpg,2
train_975_surprise.jpg,1
train_976_angry.jpg,3
train_976_disgust.jpg,4
train_976_fear.jpg,5
train_976_happy.jpg,0
train_976_neutral.jpg,6
train_976_sad.jpg,2
train_976_surprise.jpg,1
train_977_angry.jpg,3
train_977_disgust.jpg,4
train_977_fear.jpg,5
train_977_happy.jpg,0
train_977_neutral.jpg,6
train_977_sad.jpg,2
train_977_surprise.jpg,1
train_978_angry.jpg,3
train_978_disgust.jpg,4
train_978_fear.jpg,5
train_978_happy.jpg,0
train_978_neutral.jpg,6
train_978_sad.jpg,2
train_978_surprise.jpg,1
train_979_angry.jpg,3
train_979_disgust.jpg,4
train_979_fear.jpg,5
train_979_happy.jpg,0
train_979_neutral.jpg,6
train_979_sad.jpg,2
train_979_surprise.jpg,1
train_97_angry.jpg,3
train_97_disgust.jpg,4
train_97_fear.jpg,5
train_97_happy.jpg,0
train_97_neutral.jpg,6
train_97_sad.jpg,2
train_97_surprise.jpg,1
train_980_angry.jpg,3
train_980_disgust.jpg,4
train_980_fear.jpg,5
train_980_happy.jpg,0
train_980_neutral.jpg,6
train_980_sad.jpg,2
train_980_surprise.jpg,1
train_981_angry.jpg,3
train_981_disgust.jpg,4
train_981_fear.jpg,5
train_981_happy.jpg,0
train_981_neutral.jpg,6
train_981_sad.jpg,2
train_981_surprise.jpg,1
train_982_angry.jpg,3
train_982_disgust.jpg,4
train_982_fear.jpg,5
train_982_happy.jpg,0
train_982_neutral.jpg,6
train_982_sad.jpg,2
train_982_surprise.jpg,1
train_983_angry.jpg,3
train_983_disgust.jpg,4
train_983_fear.jpg,5
train_983_happy.jpg,0
train_983_neutral.jpg,6
train_983_sad.jpg,2
train_983_surprise.jpg,1
train_984_angry.jpg,3
train_984_disgust.jpg,4
train_984_fear.jpg,5
train_984_happy.jpg,0
train_984_neutral.jpg,6
train_984_sad.jpg,2
train_984_surprise.jpg,1
train_985_angry.jpg,3
train_985_disgust.jpg,4
train_985_fear.jpg,5
train_985_happy.jpg,0
train_985_neutral.jpg,6
train_985_sad.jpg,2
train_985_surprise.jpg,1
train_986_angry.jpg,3
train_986_disgust.jpg,4
train_986_fear.jpg,5
train_986_happy.jpg,0
train_986_neutral.jpg,6
train_986_sad.jpg,2
train_986_surprise.jpg,1
train_987_angry.jpg,3
train_987_disgust.jpg,4
train_987_fear.jpg,5
train_987_happy.jpg,0
train_987_neutral.jpg,6
train_987_sad.jpg,2
train_987_surprise.jpg,1
train_988_angry.jpg,3
train_988_disgust.jpg,4
train_988_fear.jpg,5
train_988_happy.jpg,0
train_988_neutral.jpg,6
train_988_sad.jpg,2
train_988_surprise.jpg,1
train_989_angry.jpg,3
train_989_disgust.jpg,4
train_989_fear.jpg,5
train_989_happy.jpg,0
train_989_neutral.jpg,6
train_989_sad.jpg,2
train_989_surprise.jpg,1
train_98_angry.jpg,3
train_98_disgust.jpg,4
train_98_fear.jpg,5
train_98_happy.jpg,0
train_98_neutral.jpg,6
train_98_sad.jpg,2
train_98_surprise.jpg,1
train_990_angry.jpg,3
train_990_disgust.jpg,4
train_990_fear.jpg,5
train_990_happy.jpg,0
train_990_neutral.jpg,6
train_990_sad.jpg,2
train_990_surprise.jpg,1
train_991_angry.jpg,3
train_991_disgust.jpg,4
train_991_fear.jpg,5
train_991_happy.jpg,0
train_991_neutral.jpg,6
train_991_sad.jpg,2
train_991_surprise.jpg,1
train_992_angry.jpg,3
train_992_disgust.jpg,4
train_992_fear.jpg,5
train_992_happy.jpg,0
train_992_neutral.jpg,6
train_992_sad.jpg,2
train_992_surprise.jpg,1
train_993_angry.jpg,3
train_993_disgust.jpg,4
train_993_fear.jpg,5
train_993_happy.jpg,0
train_993_neutral.jpg,6
train_993_sad.jpg,2
train_993_surprise.jpg,1
train_994_angry.jpg,3
train_994_disgust.jpg,4
train_994_fear.jpg,5
train_994_happy.jpg,0
train_994_neutral.jpg,6
train_994_sad.jpg,2
train_994_surprise.jpg,1
train_995_angry.jpg,3
train_995_disgust.jpg,4
train_995_fear.jpg,5
train_995_happy.jpg,0
train_995_neutral.jpg,6
train_995_sad.jpg,2
train_995_surprise.jpg,1
train_996_angry.jpg,3
train_996_disgust.jpg,4
train_996_fear.jpg,5
train_996_happy.jpg,0
train_996_neutral.jpg,6
train_996_sad.jpg,2
train_996_surprise.jpg,1
train_997_angry.jpg,3
train_997_disgust.jpg,4
train_997_fear.jpg,5
train_997_happy.jpg,0
train_997_neutral.jpg,6
train_997_sad.jpg,2
train_997_surprise.jpg,1
train_998_angry.jpg,3
train_998_disgust.jpg,4
train_998_fear.jpg,5
train_998_happy.jpg,0
train_998_neutral.jpg,6
train_998_sad.jpg,2
train_998_surprise.jpg,1
train_999_angry.jpg,3
train_999_disgust.jpg,4
train_999_fear.jpg,5
train_999_happy.jpg,0
train_999_neutral.jpg,6
train_999_sad.jpg,2
train_999_surprise.jpg,1
train_99_angry.jpg,3
train_99_disgust.jpg,4
train_99_fear.jpg,5
train_99_happy.jpg,0
train_99_neutral.jpg,6
train_99_sad.jpg,2
train_99_surprise.jpg,1
train_9_angry.jpg,3
train_9_disgust.jpg,4
train_9_fear.jpg,5
train_9_happy.jpg,0
train_9_neutral.jpg,6
train_9_sad.jpg,2
train_9_surprise.jpg,1
