train_0_angry.jpg,3
train_0_disgust.jpg,4
train_0_fear.jpg,5
train_0_happy.png,0
train_0_neutral.png,6
train_0_sad.jpg,2
train_0_surprise.jpg,1
train_1000_angry.jpg,3
train_1000_disgust.jpg,4
train_1000_fear.jpg,5
train_1000_happy.jpg,0
train_1000_neutral.jpg,6
train_1000_sad.jpg,2
train_1000_surprise.jpg,1
train_1001_angry.jpg,3
train_1001_disgust.jpg,4
train_1001_fear.jpg,5
train_1001_happy.jpg,0
train_1001_neutral.jpg,6
train_1001_sad.jpg,2
train_1001_surprise.jpg,1
train_1002_angry.jpg,3
train_1002_disgust.jpg,4
train_1002_fear.jpg,5
train_1002_happy.jpg,0
train_1002_neutral.jpg,6
train_1002_sad.jpg,2
train_1002_surprise.jpg,1
train_1003_angry.jpg,3
train_1003_disgust.jpg,4
train_1003_fear.jpg,5
train_1003_happy.jpg,0
train_1003_neutral.jpg,6
train_1003_sad.jpg,2
train_1003_surprise.jpg,1
train_1004_angry.jpg,3
train_1004_disgust.jpg,4
train_1004_fear.jpg,5
train_1004_happy.jpg,0
train_1004_neutral.jpg,6
train_1004_sad.jpg,2
train_1004_surprise.jpg,1
train_1005_angry.jpg,3
train_1005_disgust.jpg,4
train_1005_fear.jpg,5
train_1005_happy.jpg,0
train_1005_neutral.jpg,6
train_1005_sad.jpg,2
train_1005_surprise.jpg,1
train_1006_angry.jpg,3
train_1006_disgust.jpg,4
train_1006_fear.jpg,5
train_1006_happy.jpg,0
train_1006_neutral.jpg,6
train_1006_sad.jpg,2
train_1006_surprise.jpg,1
train_1007_angry.jpg,3
train_1007_disgust.jpg,4
train_1007_fear.jpg,5
train_1007_happy.jpg,0
train_1007_neutral.jpg,6
train_1007_sad.jpg,2
train_1007_surprise.jpg,1
train_1008_angry.jpg,3
train_1008_disgust.jpg,4
train_1008_fear.jpg,5
train_1008_happy.jpg,0
train_1008_neutral.jpg,6
train_1008_sad.jpg,2
train_1008_surprise.jpg,1
train_1009_angry.jpg,3
train_1009_disgust.jpg,4
train_1009_fear.jpg,5
train_1009_happy.jpg,0
train_1009_neutral.jpg,6
train_1009_sad.jpg,2
train_1009_surprise.jpg,1
train_100_angry.jpg,3
train_100_disgust.jpg,4
train_100_fear.jpg,5
train_100_happy.png,0
train_100_neutral.png,6
train_100_sad.jpg,2
train_100_surprise.jpg,1
train_1010_angry.jpg,3
train_1010_disgust.jpg,4
train_1010_fear.jpg,5
train_1010_happy.jpg,0
train_1010_neutral.jpg,6
train_1010_sad.jpg,2
train_1010_surprise.jpg,1
train_1011_angry.jpg,3
train_1011_disgust.jpg,4
train_1011_fear.jpg,5
train_1011_happy.jpg,0
train_1011_neutral.jpg,6
train_1011_sad.jpg,2
train_1011_surprise.jpg,1
train_1012_angry.jpg,3
train_1012_disgust.jpg,4
train_1012_fear.jpg,5
train_1012_happy.jpg,0
train_1012_neutral.jpg,6
train_1012_sad.jpg,2
train_1012_surprise.jpg,1
train_1013_angry.jpg,3
train_1013_disgust.jpg,4
train_1013_fear.jpg,5
train_1013_happy.jpg,0
train_1013_neutral.jpg,6
train_1013_sad.jpg,2
train_1013_surprise.jpg,1
train_1014_angry.jpg,3
train_1014_disgust.jpg,4
train_1014_fear.jpg,5
train_1014_happy.jpg,0
train_1014_neutral.jpg,6
train_1014_sad.jpg,2
train_1014_surprise.jpg,1
train_1015_angry.jpg,3
train_1015_disgust.jpg,4
train_1015_fear.jpg,5
train_1015_happy.jpg,0
train_1015_neutral.jpg,6
train_1015_sad.jpg,2
train_1015_surprise.jpg,1
train_1016_angry.jpg,3
train_1016_disgust.jpg,4
train_1016_fear.jpg,5
train_1016_happy.jpg,0
train_1016_neutral.jpg,6
train_1016_sad.jpg,2
train_1016_surprise.jpg,1
train_1017_angry.jpg,3
train_1017_disgust.jpg,4
train_1017_fear.jpg,5
train_1017_happy.jpg,0
train_1017_neutral.jpg,6
train_1017_sad.jpg,2
train_1017_surprise.jpg,1
train_1018_angry.jpg,3
train_1018_disgust.jpg,4
train_1018_fear.jpg,5
train_1018_happy.jpg,0
train_1018_neutral.jpg,6
train_1018_sad.jpg,2
train_1018_surprise.jpg,1
train_1019_angry.jpg,3
train_1019_disgust.jpg,4
train_1019_fear.jpg,5
train_1019_happy.jpg,0
train_1019_neutral.jpg,6
train_1019_sad.jpg,2
train_1019_surprise.jpg,1
train_101_angry.jpg,3
train_101_disgust.jpg,4
train_101_fear.jpg,5
train_101_happy.png,0
train_101_neutral.png,6
train_101_sad.jpg,2
train_101_surprise.jpg,1
train_1020_angry.jpg,3
train_1020_disgust.jpg,4
train_1020_fear.jpg,5
train_1020_happy.jpg,0
train_1020_neutral.jpg,6
train_1020_sad.jpg,2
train_1020_surprise.jpg,1
train_1021_angry.jpg,3
train_1021_disgust.jpg,4
train_1021_fear.jpg,5
train_1021_happy.jpg,0
train_1021_neutral.jpg,6
train_1021_sad.jpg,2
train_1021_surprise.jpg,1
train_1022_angry.jpg,3
train_1022_disgust.jpg,4
train_1022_fear.jpg,5
train_1022_happy.jpg,0
train_1022_neutral.jpg,6
train_1022_sad.jpg,2
train_1022_surprise.jpg,1
train_1023_angry.jpg,3
train_1023_disgust.jpg,4
train_1023_fear.jpg,5
train_1023_happy.jpg,0
train_1023_neutral.jpg,6
train_1023_sad.jpg,2
train_1023_surprise.jpg,1
train_1024_angry.jpg,3
train_1024_disgust.jpg,4
train_1024_fear.jpg,5
train_1024_happy.jpg,0
train_1024_neutral.jpg,6
train_1024_sad.jpg,2
train_1024_surprise.jpg,1
train_1025_angry.jpg,3
train_1025_disgust.jpg,4
train_1025_fear.jpg,5
train_1025_happy.jpg,0
train_1025_neutral.jpg,6
train_1025_sad.jpg,2
train_1025_surprise.jpg,1
train_1026_angry.jpg,3
train_1026_disgust.jpg,4
train_1026_fear.jpg,5
train_1026_happy.jpg,0
train_1026_neutral.jpg,6
train_1026_sad.jpg,2
train_1026_surprise.jpg,1
train_1027_angry.jpg,3
train_1027_disgust.jpg,4
train_1027_fear.jpg,5
train_1027_happy.jpg,0
train_1027_neutral.jpg,6
train_1027_sad.jpg,2
train_1027_surprise.jpg,1
train_1028_angry.jpg,3
train_1028_disgust.jpg,4
train_1028_fear.jpg,5
train_1028_happy.jpg,0
train_1028_neutral.jpg,6
train_1028_sad.jpg,2
train_1028_surprise.jpg,1
train_1029_angry.jpg,3
train_1029_disgust.jpg,4
train_1029_fear.jpg,5
train_1029_happy.jpg,0
train_1029_neutral.jpg,6
train_1029_sad.jpg,2
train_1029_surprise.jpg,1
train_102_angry.jpg,3
train_102_disgust.jpg,4
train_102_fear.jpg,5
train_102_happy.png,0
train_102_neutral.png,6
train_102_sad.jpg,2
train_102_surprise.jpg,1
train_1030_angry.jpg,3
train_1030_disgust.jpg,4
train_1030_fear.jpg,5
train_1030_happy.jpg,0
train_1030_neutral.jpg,6
train_1030_sad.jpg,2
train_1030_surprise.jpg,1
train_1031_angry.jpg,3
train_1031_disgust.jpg,4
train_1031_fear.jpg,5
train_1031_happy.jpg,0
train_1031_neutral.jpg,6
train_1031_sad.jpg,2
train_1031_surprise.jpg,1
train_1032_angry.jpg,3
train_1032_disgust.jpg,4
train_1032_fear.jpg,5
train_1032_happy.jpg,0
train_1032_neutral.jpg,6
train_1032_sad.jpg,2
train_1032_surprise.jpg,1
train_1033_angry.jpg,3
train_1033_disgust.jpg,4
train_1033_fear.jpg,5
train_1033_happy.jpg,0
train_1033_neutral.jpg,6
train_1033_sad.jpg,2
train_1033_surprise.jpg,1
train_1034_angry.jpg,3
train_1034_disgust.jpg,4
train_1034_fear.jpg,5
train_1034_happy.jpg,0
train_1034_neutral.jpg,6
train_1034_sad.jpg,2
train_1034_surprise.jpg,1
train_1035_angry.jpg,3
train_1035_disgust.jpg,4
train_1035_fear.jpg,5
train_1035_happy.jpg,0
train_1035_neutral.jpg,6
train_1035_sad.jpg,2
train_1035_surprise.jpg,1
train_1036_angry.jpg,3
train_1036_disgust.jpg,4
train_1036_fear.jpg,5
train_1036_happy.jpg,0
train_1036_neutral.jpg,6
train_1036_sad.jpg,2
train_1036_surprise.jpg,1
train_1037_angry.jpg,3
train_1037_disgust.jpg,4
train_1037_fear.jpg,5
train_1037_happy.jpg,0
train_1037_neutral.jpg,6
train_1037_sad.jpg,2
train_1037_surprise.jpg,1
train_1038_angry.jpg,3
train_1038_disgust.jpg,4
train_1038_fear.jpg,5
train_1038_happy.jpg,0
train_1038_neutral.jpg,6
train_1038_sad.jpg,2
train_1038_surprise.jpg,1
train_1039_angry.jpg,3
train_1039_disgust.jpg,4
train_1039_fear.jpg,5
train_1039_happy.jpg,0
train_1039_neutral.jpg,6
train_1039_sad.jpg,2
train_1039_surprise.jpg,1
train_103_angry.jpg,3
train_103_disgust.jpg,4
train_103_fear.jpg,5
train_103_happy.png,0
train_103_neutral.png,6
train_103_sad.jpg,2
train_103_surprise.jpg,1
train_1040_angry.jpg,3
train_1040_disgust.jpg,4
train_1040_fear.jpg,5
train_1040_happy.jpg,0
train_1040_neutral.jpg,6
train_1040_sad.jpg,2
train_1040_surprise.jpg,1
train_1041_angry.jpg,3
train_1041_disgust.jpg,4
train_1041_fear.jpg,5
train_1041_happy.jpg,0
train_1041_neutral.jpg,6
train_1041_sad.jpg,2
train_1041_surprise.jpg,1
train_1042_angry.jpg,3
train_1042_disgust.jpg,4
train_1042_fear.jpg,5
train_1042_happy.jpg,0
train_1042_neutral.jpg,6
train_1042_sad.jpg,2
train_1042_surprise.jpg,1
train_1043_angry.jpg,3
train_1043_disgust.jpg,4
train_1043_fear.jpg,5
train_1043_happy.jpg,0
train_1043_neutral.jpg,6
train_1043_sad.jpg,2
train_1043_surprise.jpg,1
train_1044_angry.jpg,3
train_1044_disgust.jpg,4
train_1044_fear.jpg,5
train_1044_happy.jpg,0
train_1044_neutral.jpg,6
train_1044_sad.jpg,2
train_1044_surprise.jpg,1
train_1045_angry.jpg,3
train_1045_disgust.jpg,4
train_1045_fear.jpg,5
train_1045_happy.jpg,0
train_1045_neutral.jpg,6
train_1045_sad.jpg,2
train_1045_surprise.jpg,1
train_1046_angry.jpg,3
train_1046_disgust.jpg,4
train_1046_fear.jpg,5
train_1046_happy.jpg,0
train_1046_neutral.jpg,6
train_1046_sad.jpg,2
train_1046_surprise.jpg,1
train_1047_angry.jpg,3
train_1047_disgust.jpg,4
train_1047_fear.jpg,5
train_1047_happy.jpg,0
train_1047_neutral.jpg,6
train_1047_sad.jpg,2
train_1047_surprise.jpg,1
train_1048_angry.jpg,3
train_1048_disgust.jpg,4
train_1048_fear.jpg,5
train_1048_happy.jpg,0
train_1048_neutral.jpg,6
train_1048_sad.jpg,2
train_1048_surprise.jpg,1
train_1049_angry.jpg,3
train_1049_disgust.jpg,4
train_1049_fear.jpg,5
train_1049_happy.jpg,0
train_1049_neutral.jpg,6
train_1049_sad.jpg,2
train_1049_surprise.jpg,1
train_104_angry.jpg,3
train_104_disgust.jpg,4
train_104_fear.jpg,5
train_104_happy.png,0
train_104_neutral.png,6
train_104_sad.jpg,2
train_104_surprise.jpg,1
train_1050_angry.jpg,3
train_1050_disgust.jpg,4
train_1050_fear.jpg,5
train_1050_happy.jpg,0
train_1050_neutral.jpg,6
train_1050_sad.jpg,2
train_1050_surprise.jpg,1
train_1051_angry.jpg,3
train_1051_disgust.jpg,4
train_1051_fear.jpg,5
train_1051_happy.jpg,0
train_1051_neutral.jpg,6
train_1051_sad.jpg,2
train_1051_surprise.jpg,1
train_1052_angry.jpg,3
train_1052_disgust.jpg,4
train_1052_fear.jpg,5
train_1052_happy.jpg,0
train_1052_neutral.jpg,6
train_1052_sad.jpg,2
train_1052_surprise.jpg,1
train_1053_angry.jpg,3
train_1053_disgust.jpg,4
train_1053_fear.jpg,5
train_1053_happy.jpg,0
train_1053_neutral.jpg,6
train_1053_sad.jpg,2
train_1053_surprise.jpg,1
train_1054_angry.jpg,3
train_1054_disgust.jpg,4
train_1054_fear.jpg,5
train_1054_happy.jpg,0
train_1054_neutral.jpg,6
train_1054_sad.jpg,2
train_1054_surprise.jpg,1
train_1055_angry.jpg,3
train_1055_disgust.jpg,4
train_1055_fear.jpg,5
train_1055_happy.jpg,0
train_1055_neutral.jpg,6
train_1055_sad.jpg,2
train_1055_surprise.jpg,1
train_1056_angry.jpg,3
train_1056_disgust.jpg,4
train_1056_fear.jpg,5
train_1056_happy.jpg,0
train_1056_neutral.jpg,6
train_1056_sad.jpg,2
train_1056_surprise.jpg,1
train_1057_angry.jpg,3
train_1057_disgust.jpg,4
train_1057_fear.jpg,5
train_1057_happy.jpg,0
train_1057_neutral.jpg,6
train_1057_sad.jpg,2
train_1057_surprise.jpg,1
train_1058_angry.jpg,3
train_1058_disgust.jpg,4
train_1058_fear.jpg,5
train_1058_happy.jpg,0
train_1058_neutral.jpg,6
train_1058_sad.jpg,2
train_1058_surprise.jpg,1
train_1059_angry.jpg,3
train_1059_disgust.jpg,4
train_1059_fear.jpg,5
train_1059_happy.jpg,0
train_1059_neutral.jpg,6
train_1059_sad.jpg,2
train_1059_surprise.jpg,1
train_105_angry.jpg,3
train_105_disgust.jpg,4
train_105_fear.jpg,5
train_105_happy.png,0
train_105_neutral.png,6
train_105_sad.jpg,2
train_105_surprise.jpg,1
train_1060_angry.jpg,3
train_1060_disgust.jpg,4
train_1060_fear.jpg,5
train_1060_happy.jpg,0
train_1060_neutral.jpg,6
train_1060_sad.jpg,2
train_1060_surprise.jpg,1
train_1061_angry.jpg,3
train_1061_disgust.jpg,4
train_1061_fear.jpg,5
train_1061_happy.jpg,0
train_1061_neutral.jpg,6
train_1061_sad.jpg,2
train_1061_surprise.jpg,1
train_1062_angry.jpg,3
train_1062_disgust.jpg,4
train_1062_fear.jpg,5
train_1062_happy.jpg,0
train_1062_neutral.jpg,6
train_1062_sad.jpg,2
train_1062_surprise.jpg,1
train_1063_angry.jpg,3
train_1063_disgust.jpg,4
train_1063_fear.jpg,5
train_1063_happy.jpg,0
train_1063_neutral.jpg,6
train_1063_sad.jpg,2
train_1063_surprise.jpg,1
train_1064_angry.jpg,3
train_1064_disgust.jpg,4
train_1064_fear.jpg,5
train_1064_happy.jpg,0
train_1064_neutral.jpg,6
train_1064_sad.jpg,2
train_1064_surprise.jpg,1
train_1065_angry.jpg,3
train_1065_disgust.jpg,4
train_1065_fear.jpg,5
train_1065_happy.jpg,0
train_1065_neutral.jpg,6
train_1065_sad.jpg,2
train_1065_surprise.jpg,1
train_1066_angry.jpg,3
train_1066_disgust.jpg,4
train_1066_fear.jpg,5
train_1066_happy.jpg,0
train_1066_neutral.jpg,6
train_1066_sad.jpg,2
train_1066_surprise.jpg,1
train_1067_angry.jpg,3
train_1067_disgust.jpg,4
train_1067_fear.jpg,5
train_1067_happy.jpg,0
train_1067_neutral.jpg,6
train_1067_sad.jpg,2
train_1067_surprise.jpg,1
train_1068_angry.jpg,3
train_1068_disgust.jpg,4
train_1068_fear.jpg,5
train_1068_happy.jpg,0
train_1068_neutral.jpg,6
train_1068_sad.jpg,2
train_1068_surprise.jpg,1
train_1069_angry.jpg,3
train_1069_disgust.jpg,4
train_1069_fear.jpg,5
train_1069_happy.jpg,0
train_1069_neutral.jpg,6
train_1069_sad.jpg,2
train_1069_surprise.jpg,1
train_106_angry.jpg,3
train_106_disgust.jpg,4
train_106_fear.jpg,5
train_106_happy.png,0
train_106_neutral.png,6
train_106_sad.jpg,2
train_106_surprise.jpg,1
train_1070_angry.jpg,3
train_1070_disgust.jpg,4
train_1070_fear.jpg,5
train_1070_happy.jpg,0
train_1070_neutral.jpg,6
train_1070_sad.jpg,2
train_1070_surprise.jpg,1
train_1071_angry.jpg,3
train_1071_disgust.jpg,4
train_1071_fear.jpg,5
train_1071_happy.jpg,0
train_1071_neutral.jpg,6
train_1071_sad.jpg,2
train_1071_surprise.jpg,1
train_1072_angry.jpg,3
train_1072_disgust.jpg,4
train_1072_fear.jpg,5
train_1072_happy.jpg,0
train_1072_neutral.jpg,6
train_1072_sad.jpg,2
train_1072_surprise.jpg,1
train_1073_angry.jpg,3
train_1073_disgust.jpg,4
train_1073_fear.jpg,5
train_1073_happy.jpg,0
train_1073_neutral.jpg,6
train_1073_sad.jpg,2
train_1073_surprise.jpg,1
train_1074_angry.jpg,3
train_1074_disgust.jpg,4
train_1074_fear.jpg,5
train_1074_happy.jpg,0
train_1074_neutral.jpg,6
train_1074_sad.jpg,2
train_1074_surprise.jpg,1
train_1075_angry.jpg,3
train_1075_disgust.jpg,4
train_1075_fear.jpg,5
train_1075_happy.jpg,0
train_1075_neutral.jpg,6
train_1075_sad.jpg,2
train_1075_surprise.jpg,1
train_1076_angry.jpg,3
train_1076_disgust.jpg,4
train_1076_fear.jpg,5
train_1076_happy.jpg,0
train_1076_neutral.jpg,6
train_1076_sad.jpg,2
train_1076_surprise.jpg,1
train_1077_angry.jpg,3
train_1077_disgust.jpg,4
train_1077_fear.jpg,5
train_1077_happy.jpg,0
train_1077_neutral.jpg,6
train_1077_sad.jpg,2
train_1077_surprise.jpg,1
train_1078_angry.jpg,3
train_1078_disgust.jpg,4
train_1078_fear.jpg,5
train_1078_happy.jpg,0
train_1078_neutral.jpg,6
train_1078_sad.jpg,2
train_1078_surprise.jpg,1
train_1079_angry.jpg,3
train_1079_disgust.jpg,4
train_1079_fear.jpg,5
train_1079_happy.jpg,0
train_1079_neutral.jpg,6
train_1079_sad.jpg,2
train_1079_surprise.jpg,1
train_107_angry.jpg,3
train_107_disgust.jpg,4
train_107_fear.jpg,5
train_107_happy.png,0
train_107_neutral.png,6
train_107_sad.jpg,2
train_107_surprise.jpg,1
train_1080_angry.jpg,3
train_1080_disgust.jpg,4
train_1080_fear.jpg,5
train_1080_happy.jpg,0
train_1080_neutral.jpg,6
train_1080_sad.jpg,2
train_1080_surprise.jpg,1
train_1081_angry.jpg,3
train_1081_disgust.jpg,4
train_1081_fear.jpg,5
train_1081_happy.jpg,0
train_1081_neutral.jpg,6
train_1081_sad.jpg,2
train_1081_surprise.jpg,1
train_1082_angry.jpg,3
train_1082_disgust.jpg,4
train_1082_fear.jpg,5
train_1082_happy.jpg,0
train_1082_neutral.jpg,6
train_1082_sad.jpg,2
train_1082_surprise.jpg,1
train_1083_angry.jpg,3
train_1083_disgust.jpg,4
train_1083_fear.jpg,5
train_1083_happy.jpg,0
train_1083_neutral.jpg,6
train_1083_sad.jpg,2
train_1083_surprise.jpg,1
train_1084_angry.jpg,3
train_1084_disgust.jpg,4
train_1084_fear.jpg,5
train_1084_happy.jpg,0
train_1084_neutral.jpg,6
train_1084_sad.jpg,2
train_1084_surprise.jpg,1
train_1085_angry.jpg,3
train_1085_disgust.jpg,4
train_1085_fear.jpg,5
train_1085_happy.jpg,0
train_1085_neutral.jpg,6
train_1085_sad.jpg,2
train_1085_surprise.jpg,1
train_1086_angry.jpg,3
train_1086_disgust.jpg,4
train_1086_fear.jpg,5
train_1086_happy.jpg,0
train_1086_neutral.jpg,6
train_1086_sad.jpg,2
train_1086_surprise.jpg,1
train_1087_angry.jpg,3
train_1087_disgust.jpg,4
train_1087_fear.jpg,5
train_1087_happy.jpg,0
train_1087_neutral.jpg,6
train_1087_sad.jpg,2
train_1087_surprise.jpg,1
train_1088_angry.jpg,3
train_1088_disgust.jpg,4
train_1088_fear.jpg,5
train_1088_happy.jpg,0
train_1088_neutral.jpg,6
train_1088_sad.jpg,2
train_1088_surprise.jpg,1
train_1089_angry.jpg,3
train_1089_disgust.jpg,4
train_1089_fear.jpg,5
train_1089_happy.jpg,0
train_1089_neutral.jpg,6
train_1089_sad.jpg,2
train_1089_surprise.jpg,1
train_108_angry.jpg,3
train_108_disgust.jpg,4
train_108_fear.jpg,5
train_108_happy.png,0
train_108_neutral.png,6
train_108_sad.jpg,2
train_108_surprise.jpg,1
train_1090_angry.jpg,3
train_1090_disgust.jpg,4
train_1090_fear.jpg,5
train_1090_happy.jpg,0
train_1090_neutral.jpg,6
train_1090_sad.jpg,2
train_1090_surprise.jpg,1
train_1091_angry.jpg,3
train_1091_disgust.jpg,4
train_1091_fear.jpg,5
train_1091_happy.jpg,0
train_1091_neutral.jpg,6
train_1091_sad.jpg,2
train_1091_surprise.jpg,1
train_1092_angry.jpg,3
train_1092_disgust.jpg,4
train_1092_fear.jpg,5
train_1092_happy.jpg,0
train_1092_neutral.jpg,6
train_1092_sad.jpg,2
train_1092_surprise.jpg,1
train_1093_angry.jpg,3
train_1093_disgust.jpg,4
train_1093_fear.jpg,5
train_1093_happy.jpg,0
train_1093_neutral.jpg,6
train_1093_sad.jpg,2
train_1093_surprise.jpg,1
train_1094_angry.jpg,3
train_1094_disgust.jpg,4
train_1094_fear.jpg,5
train_1094_happy.jpg,0
train_1094_neutral.jpg,6
train_1094_sad.jpg,2
train_1094_surprise.jpg,1
train_1095_angry.jpg,3
train_1095_disgust.jpg,4
train_1095_fear.jpg,5
train_1095_happy.jpg,0
train_1095_neutral.jpg,6
train_1095_sad.jpg,2
train_1095_surprise.jpg,1
train_1096_angry.jpg,3
train_1096_disgust.jpg,4
train_1096_fear.jpg,5
train_1096_happy.jpg,0
train_1096_neutral.jpg,6
train_1096_sad.jpg,2
train_1096_surprise.jpg,1
train_1097_angry.jpg,3
train_1097_disgust.jpg,4
train_1097_fear.jpg,5
train_1097_happy.jpg,0
train_1097_neutral.jpg,6
train_1097_sad.jpg,2
train_1097_surprise.jpg,1
train_1098_angry.jpg,3
train_1098_disgust.jpg,4
train_1098_fear.jpg,5
train_1098_happy.jpg,0
train_1098_neutral.jpg,6
train_1098_sad.jpg,2
train_1098_surprise.jpg,1
train_1099_angry.jpg,3
train_1099_disgust.jpg,4
train_1099_fear.jpg,5
train_1099_happy.jpg,0
train_1099_neutral.jpg,6
train_1099_sad.jpg,2
train_1099_surprise.jpg,1
train_109_angry.jpg,3
train_109_disgust.jpg,4
train_109_fear.jpg,5
train_109_happy.png,0
train_109_neutral.png,6
train_109_sad.jpg,2
train_109_surprise.jpg,1
train_10_angry.jpg,3
train_10_disgust.jpg,4
train_10_fear.jpg,5
train_10_happy.png,0
train_10_neutral.png,6
train_10_sad.jpg,2
train_10_surprise.jpg,1
train_1100_angry.jpg,3
train_1100_disgust.jpg,4
train_1100_fear.jpg,5
train_1100_happy.jpg,0
train_1100_neutral.jpg,6
train_1100_sad.jpg,2
train_1100_surprise.jpg,1
train_1101_angry.jpg,3
train_1101_disgust.jpg,4
train_1101_fear.jpg,5
train_1101_happy.jpg,0
train_1101_neutral.jpg,6
train_1101_sad.jpg,2
train_1101_surprise.jpg,1
train_1102_angry.jpg,3
train_1102_disgust.jpg,4
train_1102_fear.jpg,5
train_1102_happy.jpg,0
train_1102_neutral.jpg,6
train_1102_sad.jpg,2
train_1102_surprise.jpg,1
train_1103_angry.jpg,3
train_1103_disgust.jpg,4
train_1103_fear.jpg,5
train_1103_happy.jpg,0
train_1103_neutral.jpg,6
train_1103_sad.jpg,2
train_1103_surprise.jpg,1
train_1104_angry.jpg,3
train_1104_disgust.jpg,4
train_1104_fear.jpg,5
train_1104_happy.jpg,0
train_1104_neutral.jpg,6
train_1104_sad.jpg,2
train_1104_surprise.jpg,1
train_1105_angry.jpg,3
train_1105_disgust.jpg,4
train_1105_fear.jpg,5
train_1105_happy.jpg,0
train_1105_neutral.jpg,6
train_1105_sad.jpg,2
train_1105_surprise.jpg,1
train_1106_angry.jpg,3
train_1106_disgust.jpg,4
train_1106_fear.jpg,5
train_1106_happy.jpg,0
train_1106_neutral.jpg,6
train_1106_sad.jpg,2
train_1106_surprise.jpg,1
train_1107_angry.jpg,3
train_1107_disgust.jpg,4
train_1107_fear.jpg,5
train_1107_happy.jpg,0
train_1107_neutral.jpg,6
train_1107_sad.jpg,2
train_1107_surprise.jpg,1
train_1108_angry.jpg,3
train_1108_disgust.jpg,4
train_1108_fear.jpg,5
train_1108_happy.jpg,0
train_1108_neutral.jpg,6
train_1108_sad.jpg,2
train_1108_surprise.jpg,1
train_1109_angry.jpg,3
train_1109_disgust.jpg,4
train_1109_fear.jpg,5
train_1109_happy.jpg,0
train_1109_neutral.jpg,6
train_1109_sad.jpg,2
train_1109_surprise.jpg,1
train_110_angry.jpg,3
train_110_disgust.jpg,4
train_110_fear.jpg,5
train_110_happy.png,0
train_110_neutral.png,6
train_110_sad.jpg,2
train_110_surprise.jpg,1
train_1110_angry.jpg,3
train_1110_disgust.jpg,4
train_1110_fear.jpg,5
train_1110_happy.jpg,0
train_1110_neutral.jpg,6
train_1110_sad.jpg,2
train_1110_surprise.jpg,1
train_1111_angry.jpg,3
train_1111_disgust.jpg,4
train_1111_fear.jpg,5
train_1111_happy.jpg,0
train_1111_neutral.jpg,6
train_1111_sad.jpg,2
train_1111_surprise.jpg,1
train_1112_angry.jpg,3
train_1112_disgust.jpg,4
train_1112_fear.jpg,5
train_1112_happy.jpg,0
train_1112_neutral.jpg,6
train_1112_sad.jpg,2
train_1112_surprise.jpg,1
train_1113_angry.jpg,3
train_1113_disgust.jpg,4
train_1113_fear.jpg,5
train_1113_happy.jpg,0
train_1113_neutral.jpg,6
train_1113_sad.jpg,2
train_1113_surprise.jpg,1
train_1114_angry.jpg,3
train_1114_disgust.jpg,4
train_1114_fear.jpg,5
train_1114_happy.jpg,0
train_1114_neutral.jpg,6
train_1114_sad.jpg,2
train_1114_surprise.jpg,1
train_1115_angry.jpg,3
train_1115_disgust.jpg,4
train_1115_fear.jpg,5
train_1115_happy.jpg,0
train_1115_neutral.jpg,6
train_1115_sad.jpg,2
train_1115_surprise.jpg,1
train_1116_angry.jpg,3
train_1116_disgust.jpg,4
train_1116_fear.jpg,5
train_1116_happy.jpg,0
train_1116_neutral.jpg,6
train_1116_sad.jpg,2
train_1116_surprise.jpg,1
train_1117_angry.jpg,3
train_1117_disgust.jpg,4
train_1117_fear.jpg,5
train_1117_happy.jpg,0
train_1117_neutral.jpg,6
train_1117_sad.jpg,2
train_1117_surprise.jpg,1
train_1118_angry.jpg,3
train_1118_disgust.jpg,4
train_1118_fear.jpg,5
train_1118_happy.jpg,0
train_1118_neutral.jpg,6
train_1118_sad.jpg,2
train_1118_surprise.jpg,1
train_1119_angry.jpg,3
train_1119_disgust.jpg,4
train_1119_fear.jpg,5
train_1119_happy.jpg,0
train_1119_neutral.jpg,6
train_1119_sad.jpg,2
train_1119_surprise.jpg,1
train_111_angry.jpg,3
train_111_disgust.jpg,4
train_111_fear.jpg,5
train_111_happy.png,0
train_111_neutral.png,6
train_111_sad.jpg,2
train_111_surprise.jpg,1
train_1120_angry.jpg,3
train_1120_disgust.jpg,4
train_1120_fear.jpg,5
train_1120_happy.jpg,0
train_1120_neutral.jpg,6
train_1120_sad.jpg,2
train_1120_surprise.jpg,1
train_1121_angry.jpg,3
train_1121_disgust.jpg,4
train_1121_fear.jpg,5
train_1121_happy.jpg,0
train_1121_neutral.jpg,6
train_1121_sad.jpg,2
train_1121_surprise.jpg,1
train_1122_angry.jpg,3
train_1122_disgust.jpg,4
train_1122_fear.jpg,5
train_1122_happy.jpg,0
train_1122_neutral.jpg,6
train_1122_sad.jpg,2
train_1122_surprise.jpg,1
train_1123_angry.jpg,3
train_1123_disgust.jpg,4
train_1123_fear.jpg,5
train_1123_happy.jpg,0
train_1123_neutral.jpg,6
train_1123_sad.jpg,2
train_1123_surprise.jpg,1
train_1124_angry.jpg,3
train_1124_disgust.jpg,4
train_1124_fear.jpg,5
train_1124_happy.jpg,0
train_1124_neutral.jpg,6
train_1124_sad.jpg,2
train_1124_surprise.jpg,1
train_1125_angry.jpg,3
train_1125_disgust.jpg,4
train_1125_fear.jpg,5
train_1125_happy.jpg,0
train_1125_neutral.jpg,6
train_1125_sad.jpg,2
train_1125_surprise.jpg,1
train_1126_angry.jpg,3
train_1126_disgust.jpg,4
train_1126_fear.jpg,5
train_1126_happy.jpg,0
train_1126_neutral.jpg,6
train_1126_sad.jpg,2
train_1126_surprise.jpg,1
train_1127_angry.jpg,3
train_1127_disgust.jpg,4
train_1127_fear.jpg,5
train_1127_happy.jpg,0
train_1127_neutral.jpg,6
train_1127_sad.jpg,2
train_1127_surprise.jpg,1
train_1128_angry.jpg,3
train_1128_disgust.jpg,4
train_1128_fear.jpg,5
train_1128_happy.jpg,0
train_1128_neutral.jpg,6
train_1128_sad.jpg,2
train_1128_surprise.jpg,1
train_1129_angry.jpg,3
train_1129_disgust.jpg,4
train_1129_fear.jpg,5
train_1129_happy.jpg,0
train_1129_neutral.jpg,6
train_1129_sad.jpg,2
train_1129_surprise.jpg,1
train_112_angry.jpg,3
train_112_disgust.jpg,4
train_112_fear.jpg,5
train_112_happy.png,0
train_112_neutral.png,6
train_112_sad.jpg,2
train_112_surprise.jpg,1
train_1130_angry.jpg,3
train_1130_disgust.jpg,4
train_1130_fear.jpg,5
train_1130_happy.jpg,0
train_1130_neutral.jpg,6
train_1130_sad.jpg,2
train_1130_surprise.jpg,1
train_1131_angry.jpg,3
train_1131_disgust.jpg,4
train_1131_fear.jpg,5
train_1131_happy.jpg,0
train_1131_neutral.jpg,6
train_1131_sad.jpg,2
train_1131_surprise.jpg,1
train_1132_angry.jpg,3
train_1132_disgust.jpg,4
train_1132_fear.jpg,5
train_1132_happy.jpg,0
train_1132_neutral.jpg,6
train_1132_sad.jpg,2
train_1132_surprise.jpg,1
train_1133_angry.jpg,3
train_1133_disgust.jpg,4
train_1133_fear.jpg,5
train_1133_happy.jpg,0
train_1133_neutral.jpg,6
train_1133_sad.jpg,2
train_1133_surprise.jpg,1
train_1134_angry.jpg,3
train_1134_disgust.jpg,4
train_1134_fear.jpg,5
train_1134_happy.jpg,0
train_1134_neutral.jpg,6
train_1134_sad.jpg,2
train_1134_surprise.jpg,1
train_1135_angry.jpg,3
train_1135_disgust.jpg,4
train_1135_fear.jpg,5
train_1135_happy.jpg,0
train_1135_neutral.jpg,6
train_1135_sad.jpg,2
train_1135_surprise.jpg,1
train_1136_angry.jpg,3
train_1136_disgust.jpg,4
train_1136_fear.jpg,5
train_1136_happy.jpg,0
train_1136_neutral.jpg,6
train_1136_sad.jpg,2
train_1136_surprise.jpg,1
train_1137_angry.jpg,3
train_1137_disgust.jpg,4
train_1137_fear.jpg,5
train_1137_happy.jpg,0
train_1137_neutral.jpg,6
train_1137_sad.jpg,2
train_1137_surprise.jpg,1
train_1138_angry.jpg,3
train_1138_disgust.jpg,4
train_1138_fear.jpg,5
train_1138_happy.jpg,0
train_1138_neutral.jpg,6
train_1138_sad.jpg,2
train_1138_surprise.jpg,1
train_1139_angry.jpg,3
train_1139_disgust.jpg,4
train_1139_fear.jpg,5
train_1139_happy.jpg,0
train_1139_neutral.jpg,6
train_1139_sad.jpg,2
train_1139_surprise.jpg,1
train_113_angry.jpg,3
train_113_disgust.jpg,4
train_113_fear.jpg,5
train_113_happy.png,0
train_113_neutral.png,6
train_113_sad.jpg,2
train_113_surprise.jpg,1
train_1140_angry.jpg,3
train_1140_disgust.jpg,4
train_1140_fear.jpg,5
train_1140_happy.jpg,0
train_1140_neutral.jpg,6
train_1140_sad.jpg,2
train_1140_surprise.jpg,1
train_1141_angry.jpg,3
train_1141_disgust.jpg,4
train_1141_fear.jpg,5
train_1141_happy.jpg,0
train_1141_neutral.jpg,6
train_1141_sad.jpg,2
train_1141_surprise.jpg,1
train_1142_angry.jpg,3
train_1142_disgust.jpg,4
train_1142_fear.jpg,5
train_1142_happy.jpg,0
train_1142_neutral.jpg,6
train_1142_sad.jpg,2
train_1142_surprise.jpg,1
train_1143_angry.jpg,3
train_1143_disgust.jpg,4
train_1143_fear.jpg,5
train_1143_happy.jpg,0
train_1143_neutral.jpg,6
train_1143_sad.jpg,2
train_1143_surprise.jpg,1
train_1144_angry.jpg,3
train_1144_disgust.jpg,4
train_1144_fear.jpg,5
train_1144_happy.jpg,0
train_1144_neutral.jpg,6
train_1144_sad.jpg,2
train_1144_surprise.jpg,1
train_1145_angry.jpg,3
train_1145_disgust.jpg,4
train_1145_fear.jpg,5
train_1145_happy.jpg,0
train_1145_neutral.jpg,6
train_1145_sad.jpg,2
train_1145_surprise.jpg,1
train_1146_angry.jpg,3
train_1146_disgust.jpg,4
train_1146_fear.jpg,5
train_1146_happy.jpg,0
train_1146_neutral.jpg,6
train_1146_sad.jpg,2
train_1146_surprise.jpg,1
train_1147_angry.jpg,3
train_1147_disgust.jpg,4
train_1147_fear.jpg,5
train_1147_happy.jpg,0
train_1147_neutral.jpg,6
train_1147_sad.jpg,2
train_1147_surprise.jpg,1
train_1148_angry.jpg,3
train_1148_disgust.jpg,4
train_1148_fear.jpg,5
train_1148_happy.jpg,0
train_1148_neutral.jpg,6
train_1148_sad.jpg,2
train_1148_surprise.jpg,1
train_1149_angry.jpg,3
train_1149_disgust.jpg,4
train_1149_fear.jpg,5
train_1149_happy.jpg,0
train_1149_neutral.jpg,6
train_1149_sad.jpg,2
train_1149_surprise.jpg,1
train_114_angry.jpg,3
train_114_disgust.jpg,4
train_114_fear.jpg,5
train_114_happy.png,0
train_114_neutral.png,6
train_114_sad.jpg,2
train_114_surprise.jpg,1
train_1150_angry.jpg,3
train_1150_disgust.jpg,4
train_1150_fear.jpg,5
train_1150_happy.jpg,0
train_1150_neutral.jpg,6
train_1150_sad.jpg,2
train_1150_surprise.jpg,1
train_1151_angry.jpg,3
train_1151_disgust.jpg,4
train_1151_fear.jpg,5
train_1151_happy.jpg,0
train_1151_neutral.jpg,6
train_1151_sad.jpg,2
train_1151_surprise.jpg,1
train_1152_angry.jpg,3
train_1152_disgust.jpg,4
train_1152_fear.jpg,5
train_1152_happy.jpg,0
train_1152_neutral.jpg,6
train_1152_sad.jpg,2
train_1152_surprise.jpg,1
train_1153_angry.jpg,3
train_1153_disgust.jpg,4
train_1153_fear.jpg,5
train_1153_happy.jpg,0
train_1153_neutral.jpg,6
train_1153_sad.jpg,2
train_1153_surprise.jpg,1
train_1154_angry.jpg,3
train_1154_disgust.jpg,4
train_1154_fear.jpg,5
train_1154_happy.jpg,0
train_1154_neutral.jpg,6
train_1154_sad.jpg,2
train_1154_surprise.jpg,1
train_1155_angry.jpg,3
train_1155_disgust.jpg,4
train_1155_fear.jpg,5
train_1155_happy.jpg,0
train_1155_neutral.jpg,6
train_1155_sad.jpg,2
train_1155_surprise.jpg,1
train_1156_angry.jpg,3
train_1156_disgust.jpg,4
train_1156_fear.jpg,5
train_1156_happy.jpg,0
train_1156_neutral.jpg,6
train_1156_sad.jpg,2
train_1156_surprise.jpg,1
train_1157_angry.jpg,3
train_1157_disgust.jpg,4
train_1157_fear.jpg,5
train_1157_happy.jpg,0
train_1157_neutral.jpg,6
train_1157_sad.jpg,2
train_1157_surprise.jpg,1
train_1158_angry.jpg,3
train_1158_disgust.jpg,4
train_1158_fear.jpg,5
train_1158_happy.jpg,0
train_1158_neutral.jpg,6
train_1158_sad.jpg,2
train_1158_surprise.jpg,1
train_1159_angry.jpg,3
train_1159_disgust.jpg,4
train_1159_fear.jpg,5
train_1159_happy.jpg,0
train_1159_neutral.jpg,6
train_1159_sad.jpg,2
train_1159_surprise.jpg,1
train_115_angry.jpg,3
train_115_disgust.jpg,4
train_115_fear.jpg,5
train_115_happy.png,0
train_115_neutral.png,6
train_115_sad.jpg,2
train_115_surprise.jpg,1
train_1160_angry.jpg,3
train_1160_disgust.jpg,4
train_1160_fear.jpg,5
train_1160_happy.jpg,0
train_1160_neutral.jpg,6
train_1160_sad.jpg,2
train_1160_surprise.jpg,1
train_1161_angry.jpg,3
train_1161_disgust.jpg,4
train_1161_fear.jpg,5
train_1161_happy.jpg,0
train_1161_neutral.jpg,6
train_1161_sad.jpg,2
train_1161_surprise.jpg,1
train_1162_angry.jpg,3
train_1162_disgust.jpg,4
train_1162_fear.jpg,5
train_1162_happy.jpg,0
train_1162_neutral.jpg,6
train_1162_sad.jpg,2
train_1162_surprise.jpg,1
train_1163_angry.jpg,3
train_1163_disgust.jpg,4
train_1163_fear.jpg,5
train_1163_happy.jpg,0
train_1163_neutral.jpg,6
train_1163_sad.jpg,2
train_1163_surprise.jpg,1
train_1164_angry.jpg,3
train_1164_disgust.jpg,4
train_1164_fear.jpg,5
train_1164_happy.jpg,0
train_1164_neutral.jpg,6
train_1164_sad.jpg,2
train_1164_surprise.jpg,1
train_1165_angry.jpg,3
train_1165_disgust.jpg,4
train_1165_fear.jpg,5
train_1165_happy.jpg,0
train_1165_neutral.jpg,6
train_1165_sad.jpg,2
train_1165_surprise.jpg,1
train_1166_angry.jpg,3
train_1166_disgust.jpg,4
train_1166_fear.jpg,5
train_1166_happy.jpg,0
train_1166_neutral.jpg,6
train_1166_sad.jpg,2
train_1166_surprise.jpg,1
train_1167_angry.jpg,3
train_1167_disgust.jpg,4
train_1167_fear.jpg,5
train_1167_happy.jpg,0
train_1167_neutral.jpg,6
train_1167_sad.jpg,2
train_1167_surprise.jpg,1
train_1168_angry.jpg,3
train_1168_disgust.jpg,4
train_1168_fear.jpg,5
train_1168_happy.jpg,0
train_1168_neutral.jpg,6
train_1168_sad.jpg,2
train_1168_surprise.jpg,1
train_1169_angry.jpg,3
train_1169_disgust.jpg,4
train_1169_fear.jpg,5
train_1169_happy.jpg,0
train_1169_neutral.jpg,6
train_1169_sad.jpg,2
train_1169_surprise.jpg,1
train_116_angry.jpg,3
train_116_disgust.jpg,4
train_116_fear.jpg,5
train_116_happy.png,0
train_116_neutral.png,6
train_116_sad.jpg,2
train_116_surprise.jpg,1
train_1170_angry.jpg,3
train_1170_disgust.jpg,4
train_1170_fear.jpg,5
train_1170_happy.jpg,0
train_1170_neutral.jpg,6
train_1170_sad.jpg,2
train_1170_surprise.jpg,1
train_1171_angry.jpg,3
train_1171_disgust.jpg,4
train_1171_fear.jpg,5
train_1171_happy.jpg,0
train_1171_neutral.jpg,6
train_1171_sad.jpg,2
train_1171_surprise.jpg,1
train_1172_angry.jpg,3
train_1172_disgust.jpg,4
train_1172_fear.jpg,5
train_1172_happy.jpg,0
train_1172_neutral.jpg,6
train_1172_sad.jpg,2
train_1172_surprise.jpg,1
train_1173_angry.jpg,3
train_1173_disgust.jpg,4
train_1173_fear.jpg,5
train_1173_happy.jpg,0
train_1173_neutral.jpg,6
train_1173_sad.jpg,2
train_1173_surprise.jpg,1
train_1174_angry.jpg,3
train_1174_disgust.jpg,4
train_1174_fear.jpg,5
train_1174_happy.jpg,0
train_1174_neutral.jpg,6
train_1174_sad.jpg,2
train_1174_surprise.jpg,1
train_1175_angry.jpg,3
train_1175_disgust.jpg,4
train_1175_fear.jpg,5
train_1175_happy.jpg,0
train_1175_neutral.jpg,6
train_1175_sad.jpg,2
train_1175_surprise.jpg,1
train_1176_angry.jpg,3
train_1176_disgust.jpg,4
train_1176_fear.jpg,5
train_1176_happy.jpg,0
train_1176_neutral.jpg,6
train_1176_sad.jpg,2
train_1176_surprise.jpg,1
train_1177_angry.jpg,3
train_1177_disgust.jpg,4
train_1177_fear.jpg,5
train_1177_happy.jpg,0
train_1177_neutral.jpg,6
train_1177_sad.jpg,2
train_1177_surprise.jpg,1
train_1178_angry.jpg,3
train_1178_disgust.jpg,4
train_1178_fear.jpg,5
train_1178_happy.jpg,0
train_1178_neutral.jpg,6
train_1178_sad.jpg,2
train_1178_surprise.jpg,1
train_1179_angry.jpg,3
train_1179_disgust.jpg,4
train_1179_fear.jpg,5
train_1179_happy.jpg,0
train_1179_neutral.jpg,6
train_1179_sad.jpg,2
train_1179_surprise.jpg,1
train_117_angry.jpg,3
train_117_disgust.jpg,4
train_117_fear.jpg,5
train_117_happy.png,0
train_117_neutral.png,6
train_117_sad.jpg,2
train_117_surprise.jpg,1
train_1180_angry.jpg,3
train_1180_disgust.jpg,4
train_1180_fear.jpg,5
train_1180_happy.jpg,0
train_1180_neutral.jpg,6
train_1180_sad.jpg,2
train_1180_surprise.jpg,1
train_1181_angry.jpg,3
train_1181_disgust.jpg,4
train_1181_fear.jpg,5
train_1181_happy.jpg,0
train_1181_neutral.jpg,6
train_1181_sad.jpg,2
train_1181_surprise.jpg,1
train_1182_angry.jpg,3
train_1182_disgust.jpg,4
train_1182_fear.jpg,5
train_1182_happy.jpg,0
train_1182_neutral.jpg,6
train_1182_sad.jpg,2
train_1182_surprise.jpg,1
train_1183_angry.jpg,3
train_1183_disgust.jpg,4
train_1183_fear.jpg,5
train_1183_happy.jpg,0
train_1183_neutral.jpg,6
train_1183_sad.jpg,2
train_1183_surprise.jpg,1
train_1184_angry.jpg,3
train_1184_disgust.jpg,4
train_1184_fear.jpg,5
train_1184_happy.jpg,0
train_1184_neutral.jpg,6
train_1184_sad.jpg,2
train_1184_surprise.jpg,1
train_1185_angry.jpg,3
train_1185_disgust.jpg,4
train_1185_fear.jpg,5
train_1185_happy.jpg,0
train_1185_neutral.jpg,6
train_1185_sad.jpg,2
train_1185_surprise.jpg,1
train_1186_angry.jpg,3
train_1186_disgust.jpg,4
train_1186_fear.jpg,5
train_1186_happy.jpg,0
train_1186_neutral.jpg,6
train_1186_sad.jpg,2
train_1186_surprise.jpg,1
train_1187_angry.jpg,3
train_1187_disgust.jpg,4
train_1187_fear.jpg,5
train_1187_happy.jpg,0
train_1187_neutral.jpg,6
train_1187_sad.jpg,2
train_1187_surprise.jpg,1
train_1188_angry.jpg,3
train_1188_disgust.jpg,4
train_1188_fear.jpg,5
train_1188_happy.jpg,0
train_1188_neutral.jpg,6
train_1188_sad.jpg,2
train_1188_surprise.jpg,1
train_1189_angry.jpg,3
train_1189_disgust.jpg,4
train_1189_fear.jpg,5
train_1189_happy.jpg,0
train_1189_neutral.jpg,6
train_1189_sad.jpg,2
train_1189_surprise.jpg,1
train_118_angry.jpg,3
train_118_disgust.jpg,4
train_118_fear.jpg,5
train_118_happy.png,0
train_118_neutral.png,6
train_118_sad.jpg,2
train_118_surprise.jpg,1
train_1190_angry.jpg,3
train_1190_disgust.jpg,4
train_1190_fear.jpg,5
train_1190_happy.jpg,0
train_1190_neutral.jpg,6
train_1190_sad.jpg,2
train_1190_surprise.jpg,1
train_1191_angry.jpg,3
train_1191_disgust.jpg,4
train_1191_fear.jpg,5
train_1191_happy.jpg,0
train_1191_neutral.jpg,6
train_1191_sad.jpg,2
train_1191_surprise.jpg,1
train_1192_angry.jpg,3
train_1192_disgust.jpg,4
train_1192_fear.jpg,5
train_1192_happy.jpg,0
train_1192_neutral.jpg,6
train_1192_sad.jpg,2
train_1192_surprise.jpg,1
train_1193_angry.jpg,3
train_1193_disgust.jpg,4
train_1193_fear.jpg,5
train_1193_happy.jpg,0
train_1193_neutral.jpg,6
train_1193_sad.jpg,2
train_1193_surprise.jpg,1
train_1194_angry.jpg,3
train_1194_disgust.jpg,4
train_1194_fear.jpg,5
train_1194_happy.jpg,0
train_1194_neutral.jpg,6
train_1194_sad.jpg,2
train_1194_surprise.jpg,1
train_1195_angry.jpg,3
train_1195_disgust.jpg,4
train_1195_fear.jpg,5
train_1195_happy.jpg,0
train_1195_neutral.jpg,6
train_1195_sad.jpg,2
train_1195_surprise.jpg,1
train_1196_angry.jpg,3
train_1196_disgust.jpg,4
train_1196_fear.jpg,5
train_1196_happy.jpg,0
train_1196_neutral.jpg,6
train_1196_sad.jpg,2
train_1196_surprise.jpg,1
train_1197_angry.jpg,3
train_1197_disgust.jpg,4
train_1197_fear.jpg,5
train_1197_happy.jpg,0
train_1197_neutral.jpg,6
train_1197_sad.jpg,2
train_1197_surprise.jpg,1
train_1198_angry.jpg,3
train_1198_disgust.jpg,4
train_1198_fear.jpg,5
train_1198_happy.jpg,0
train_1198_neutral.jpg,6
train_1198_sad.jpg,2
train_1198_surprise.jpg,1
train_1199_angry.jpg,3
train_1199_disgust.jpg,4
train_1199_fear.jpg,5
train_1199_happy.jpg,0
train_1199_neutral.jpg,6
train_1199_sad.jpg,2
train_1199_surprise.jpg,1
train_119_angry.jpg,3
train_119_disgust.jpg,4
train_119_fear.jpg,5
train_119_happy.png,0
train_119_neutral.png,6
train_119_sad.jpg,2
train_119_surprise.jpg,1
train_11_angry.jpg,3
train_11_disgust.jpg,4
train_11_fear.jpg,5
train_11_happy.png,0
train_11_neutral.png,6
train_11_sad.jpg,2
train_11_surprise.jpg,1
train_1200_angry.jpg,3
train_1200_disgust.jpg,4
train_1200_fear.jpg,5
train_1200_happy.jpg,0
train_1200_neutral.jpg,6
train_1200_sad.jpg,2
train_1200_surprise.jpg,1
train_1201_angry.jpg,3
train_1201_disgust.jpg,4
train_1201_fear.jpg,5
train_1201_happy.jpg,0
train_1201_neutral.jpg,6
train_1201_sad.jpg,2
train_1201_surprise.jpg,1
train_1202_angry.jpg,3
train_1202_disgust.jpg,4
train_1202_fear.jpg,5
train_1202_happy.jpg,0
train_1202_neutral.jpg,6
train_1202_sad.jpg,2
train_1202_surprise.jpg,1
train_1203_angry.jpg,3
train_1203_disgust.jpg,4
train_1203_fear.jpg,5
train_1203_happy.jpg,0
train_1203_neutral.jpg,6
train_1203_sad.jpg,2
train_1203_surprise.jpg,1
train_1204_angry.jpg,3
train_1204_disgust.jpg,4
train_1204_fear.jpg,5
train_1204_happy.jpg,0
train_1204_neutral.jpg,6
train_1204_sad.jpg,2
train_1204_surprise.jpg,1
train_1205_angry.jpg,3
train_1205_disgust.jpg,4
train_1205_fear.jpg,5
train_1205_happy.jpg,0
train_1205_neutral.jpg,6
train_1205_sad.jpg,2
train_1205_surprise.jpg,1
train_1206_angry.jpg,3
train_1206_disgust.jpg,4
train_1206_fear.jpg,5
train_1206_happy.jpg,0
train_1206_neutral.jpg,6
train_1206_sad.jpg,2
train_1206_surprise.jpg,1
train_1207_angry.jpg,3
train_1207_disgust.jpg,4
train_1207_fear.jpg,5
train_1207_happy.jpg,0
train_1207_neutral.jpg,6
train_1207_sad.jpg,2
train_1207_surprise.jpg,1
train_1208_angry.jpg,3
train_1208_disgust.jpg,4
train_1208_fear.jpg,5
train_1208_happy.jpg,0
train_1208_neutral.jpg,6
train_1208_sad.jpg,2
train_1208_surprise.jpg,1
train_1209_angry.jpg,3
train_1209_disgust.jpg,4
train_1209_fear.jpg,5
train_1209_happy.jpg,0
train_1209_neutral.jpg,6
train_1209_sad.jpg,2
train_1209_surprise.jpg,1
train_120_angry.jpg,3
train_120_disgust.jpg,4
train_120_fear.jpg,5
train_120_happy.png,0
train_120_neutral.png,6
train_120_sad.jpg,2
train_120_surprise.jpg,1
train_1210_angry.jpg,3
train_1210_disgust.jpg,4
train_1210_fear.jpg,5
train_1210_happy.jpg,0
train_1210_neutral.jpg,6
train_1210_sad.jpg,2
train_1210_surprise.jpg,1
train_1211_angry.jpg,3
train_1211_disgust.jpg,4
train_1211_fear.jpg,5
train_1211_happy.jpg,0
train_1211_neutral.jpg,6
train_1211_sad.jpg,2
train_1211_surprise.jpg,1
train_1212_angry.jpg,3
train_1212_disgust.jpg,4
train_1212_fear.jpg,5
train_1212_happy.jpg,0
train_1212_neutral.jpg,6
train_1212_sad.jpg,2
train_1212_surprise.jpg,1
train_1213_angry.jpg,3
train_1213_disgust.jpg,4
train_1213_fear.jpg,5
train_1213_happy.jpg,0
train_1213_neutral.jpg,6
train_1213_sad.jpg,2
train_1213_surprise.jpg,1
train_1214_angry.jpg,3
train_1214_disgust.jpg,4
train_1214_fear.jpg,5
train_1214_happy.jpg,0
train_1214_neutral.jpg,6
train_1214_sad.jpg,2
train_1214_surprise.jpg,1
train_1215_angry.jpg,3
train_1215_disgust.jpg,4
train_1215_fear.jpg,5
train_1215_happy.jpg,0
train_1215_neutral.jpg,6
train_1215_sad.jpg,2
train_1215_surprise.jpg,1
train_1216_angry.jpg,3
train_1216_disgust.jpg,4
train_1216_fear.jpg,5
train_1216_happy.jpg,0
train_1216_neutral.jpg,6
train_1216_sad.jpg,2
train_1216_surprise.jpg,1
train_1217_angry.jpg,3
train_1217_disgust.jpg,4
train_1217_fear.jpg,5
train_1217_happy.jpg,0
train_1217_neutral.jpg,6
train_1217_sad.jpg,2
train_1217_surprise.jpg,1
train_1218_angry.jpg,3
train_1218_disgust.jpg,4
train_1218_fear.jpg,5
train_1218_happy.jpg,0
train_1218_neutral.jpg,6
train_1218_sad.jpg,2
train_1218_surprise.jpg,1
train_1219_angry.jpg,3
train_1219_disgust.jpg,4
train_1219_fear.jpg,5
train_1219_happy.jpg,0
train_1219_neutral.jpg,6
train_1219_sad.jpg,2
train_1219_surprise.jpg,1
train_121_angry.jpg,3
train_121_disgust.jpg,4
train_121_fear.jpg,5
train_121_happy.png,0
train_121_neutral.png,6
train_121_sad.jpg,2
train_121_surprise.jpg,1
train_1220_angry.jpg,3
train_1220_disgust.jpg,4
train_1220_fear.jpg,5
train_1220_happy.jpg,0
train_1220_neutral.jpg,6
train_1220_sad.jpg,2
train_1220_surprise.jpg,1
train_1221_angry.jpg,3
train_1221_disgust.jpg,4
train_1221_fear.jpg,5
train_1221_happy.jpg,0
train_1221_neutral.jpg,6
train_1221_sad.jpg,2
train_1221_surprise.jpg,1
train_1222_angry.jpg,3
train_1222_disgust.jpg,4
train_1222_fear.jpg,5
train_1222_happy.jpg,0
train_1222_neutral.jpg,6
train_1222_sad.jpg,2
train_1222_surprise.jpg,1
train_1223_angry.jpg,3
train_1223_disgust.jpg,4
train_1223_fear.jpg,5
train_1223_happy.jpg,0
train_1223_neutral.jpg,6
train_1223_sad.jpg,2
train_1223_surprise.jpg,1
train_1224_angry.jpg,3
train_1224_disgust.jpg,4
train_1224_fear.jpg,5
train_1224_happy.jpg,0
train_1224_neutral.jpg,6
train_1224_sad.jpg,2
train_1224_surprise.jpg,1
train_1225_angry.jpg,3
train_1225_disgust.jpg,4
train_1225_fear.jpg,5
train_1225_happy.jpg,0
train_1225_neutral.jpg,6
train_1225_sad.jpg,2
train_1225_surprise.jpg,1
train_1226_angry.jpg,3
train_1226_disgust.jpg,4
train_1226_fear.jpg,5
train_1226_happy.jpg,0
train_1226_neutral.jpg,6
train_1226_sad.jpg,2
train_1226_surprise.jpg,1
train_1227_angry.jpg,3
train_1227_disgust.jpg,4
train_1227_fear.jpg,5
train_1227_happy.jpg,0
train_1227_neutral.jpg,6
train_1227_sad.jpg,2
train_1227_surprise.jpg,1
train_1228_angry.jpg,3
train_1228_disgust.jpg,4
train_1228_fear.jpg,5
train_1228_happy.jpg,0
train_1228_neutral.jpg,6
train_1228_sad.jpg,2
train_1228_surprise.jpg,1
train_1229_angry.jpg,3
train_1229_disgust.jpg,4
train_1229_fear.jpg,5
train_1229_happy.jpg,0
train_1229_neutral.jpg,6
train_1229_sad.jpg,2
train_1229_surprise.jpg,1
train_122_angry.jpg,3
train_122_disgust.jpg,4
train_122_fear.jpg,5
train_122_happy.png,0
train_122_neutral.png,6
train_122_sad.jpg,2
train_122_surprise.jpg,1
train_1230_angry.jpg,3
train_1230_disgust.jpg,4
train_1230_fear.jpg,5
train_1230_happy.jpg,0
train_1230_neutral.jpg,6
train_1230_sad.jpg,2
train_1230_surprise.jpg,1
train_1231_angry.jpg,3
train_1231_disgust.jpg,4
train_1231_fear.jpg,5
train_1231_happy.jpg,0
train_1231_neutral.jpg,6
train_1231_sad.jpg,2
train_1231_surprise.jpg,1
train_1232_angry.jpg,3
train_1232_disgust.jpg,4
train_1232_fear.jpg,5
train_1232_happy.jpg,0
train_1232_neutral.jpg,6
train_1232_sad.jpg,2
train_1232_surprise.jpg,1
train_1233_angry.jpg,3
train_1233_disgust.jpg,4
train_1233_fear.jpg,5
train_1233_happy.jpg,0
train_1233_neutral.jpg,6
train_1233_sad.jpg,2
train_1233_surprise.jpg,1
train_1234_angry.jpg,3
train_1234_disgust.jpg,4
train_1234_fear.jpg,5
train_1234_happy.jpg,0
train_1234_neutral.jpg,6
train_1234_sad.jpg,2
train_1234_surprise.jpg,1
train_1235_angry.jpg,3
train_1235_disgust.jpg,4
train_1235_fear.jpg,5
train_1235_happy.jpg,0
train_1235_neutral.jpg,6
train_1235_sad.jpg,2
train_1235_surprise.jpg,1
train_1236_angry.jpg,3
train_1236_disgust.jpg,4
train_1236_fear.jpg,5
train_1236_happy.jpg,0
train_1236_neutral.jpg,6
train_1236_sad.jpg,2
train_1236_surprise.jpg,1
train_1237_angry.jpg,3
train_1237_disgust.jpg,4
train_1237_fear.jpg,5
train_1237_happy.jpg,0
train_1237_neutral.jpg,6
train_1237_sad.jpg,2
train_1237_surprise.jpg,1
train_1238_angry.jpg,3
train_1238_disgust.jpg,4
train_1238_fear.jpg,5
train_1238_happy.jpg,0
train_1238_neutral.jpg,6
train_1238_sad.jpg,2
train_1238_surprise.jpg,1
train_1239_angry.jpg,3
train_1239_disgust.jpg,4
train_1239_fear.jpg,5
train_1239_happy.jpg,0
train_1239_neutral.jpg,6
train_1239_sad.jpg,2
train_1239_surprise.jpg,1
train_123_angry.jpg,3
train_123_disgust.jpg,4
train_123_fear.jpg,5
train_123_happy.png,0
train_123_neutral.png,6
train_123_sad.jpg,2
train_123_surprise.jpg,1
train_1240_angry.jpg,3
train_1240_disgust.jpg,4
train_1240_fear.jpg,5
train_1240_happy.jpg,0
train_1240_neutral.jpg,6
train_1240_sad.jpg,2
train_1240_surprise.jpg,1
train_1241_angry.jpg,3
train_1241_disgust.jpg,4
train_1241_fear.jpg,5
train_1241_happy.jpg,0
train_1241_neutral.jpg,6
train_1241_sad.jpg,2
train_1241_surprise.jpg,1
train_1242_angry.jpg,3
train_1242_disgust.jpg,4
train_1242_fear.jpg,5
train_1242_happy.jpg,0
train_1242_neutral.jpg,6
train_1242_sad.jpg,2
train_1242_surprise.jpg,1
train_1243_angry.jpg,3
train_1243_disgust.jpg,4
train_1243_fear.jpg,5
train_1243_happy.jpg,0
train_1243_neutral.jpg,6
train_1243_sad.jpg,2
train_1243_surprise.jpg,1
train_1244_angry.jpg,3
train_1244_disgust.jpg,4
train_1244_fear.jpg,5
train_1244_happy.jpg,0
train_1244_neutral.jpg,6
train_1244_sad.jpg,2
train_1244_surprise.jpg,1
train_1245_angry.jpg,3
train_1245_disgust.jpg,4
train_1245_fear.jpg,5
train_1245_happy.jpg,0
train_1245_neutral.jpg,6
train_1245_sad.jpg,2
train_1245_surprise.jpg,1
train_1246_angry.jpg,3
train_1246_disgust.jpg,4
train_1246_fear.jpg,5
train_1246_happy.jpg,0
train_1246_neutral.jpg,6
train_1246_sad.jpg,2
train_1246_surprise.jpg,1
train_1247_angry.jpg,3
train_1247_disgust.jpg,4
train_1247_fear.jpg,5
train_1247_happy.jpg,0
train_1247_neutral.jpg,6
train_1247_sad.jpg,2
train_1247_surprise.jpg,1
train_1248_angry.jpg,3
train_1248_disgust.jpg,4
train_1248_fear.jpg,5
train_1248_happy.jpg,0
train_1248_neutral.jpg,6
train_1248_sad.jpg,2
train_1248_surprise.jpg,1
train_1249_angry.jpg,3
train_1249_disgust.jpg,4
train_1249_fear.jpg,5
train_1249_happy.jpg,0
train_1249_neutral.jpg,6
train_1249_sad.jpg,2
train_1249_surprise.jpg,1
train_124_angry.jpg,3
train_124_disgust.jpg,4
train_124_fear.jpg,5
train_124_happy.png,0
train_124_neutral.png,6
train_124_sad.jpg,2
train_124_surprise.jpg,1
train_1250_angry.jpg,3
train_1250_disgust.jpg,4
train_1250_fear.jpg,5
train_1250_happy.jpg,0
train_1250_neutral.jpg,6
train_1250_sad.jpg,2
train_1250_surprise.jpg,1
train_1251_angry.jpg,3
train_1251_disgust.jpg,4
train_1251_fear.jpg,5
train_1251_happy.jpg,0
train_1251_neutral.jpg,6
train_1251_sad.jpg,2
train_1251_surprise.jpg,1
train_1252_angry.jpg,3
train_1252_disgust.jpg,4
train_1252_fear.jpg,5
train_1252_happy.jpg,0
train_1252_neutral.jpg,6
train_1252_sad.jpg,2
train_1252_surprise.jpg,1
train_1253_angry.jpg,3
train_1253_disgust.jpg,4
train_1253_fear.jpg,5
train_1253_happy.jpg,0
train_1253_neutral.jpg,6
train_1253_sad.jpg,2
train_1253_surprise.jpg,1
train_1254_angry.jpg,3
train_1254_disgust.jpg,4
train_1254_fear.jpg,5
train_1254_happy.jpg,0
train_1254_neutral.jpg,6
train_1254_sad.jpg,2
train_1254_surprise.jpg,1
train_1255_angry.jpg,3
train_1255_disgust.jpg,4
train_1255_fear.jpg,5
train_1255_happy.jpg,0
train_1255_neutral.jpg,6
train_1255_sad.jpg,2
train_1255_surprise.jpg,1
train_1256_angry.jpg,3
train_1256_disgust.jpg,4
train_1256_fear.jpg,5
train_1256_happy.jpg,0
train_1256_neutral.jpg,6
train_1256_sad.jpg,2
train_1256_surprise.jpg,1
train_1257_angry.jpg,3
train_1257_disgust.jpg,4
train_1257_fear.jpg,5
train_1257_happy.jpg,0
train_1257_neutral.jpg,6
train_1257_sad.jpg,2
train_1257_surprise.jpg,1
train_1258_angry.jpg,3
train_1258_disgust.jpg,4
train_1258_fear.jpg,5
train_1258_happy.jpg,0
train_1258_neutral.jpg,6
train_1258_sad.jpg,2
train_1258_surprise.jpg,1
train_1259_angry.jpg,3
train_1259_disgust.jpg,4
train_1259_fear.jpg,5
train_1259_happy.jpg,0
train_1259_neutral.jpg,6
train_1259_sad.jpg,2
train_1259_surprise.jpg,1
train_125_angry.jpg,3
train_125_disgust.jpg,4
train_125_fear.jpg,5
train_125_happy.png,0
train_125_neutral.png,6
train_125_sad.jpg,2
train_125_surprise.jpg,1
train_1260_angry.jpg,3
train_1260_disgust.jpg,4
train_1260_fear.jpg,5
train_1260_happy.jpg,0
train_1260_neutral.jpg,6
train_1260_sad.jpg,2
train_1260_surprise.jpg,1
train_1261_angry.jpg,3
train_1261_disgust.jpg,4
train_1261_fear.jpg,5
train_1261_happy.jpg,0
train_1261_neutral.jpg,6
train_1261_sad.jpg,2
train_1261_surprise.jpg,1
train_1262_angry.jpg,3
train_1262_disgust.jpg,4
train_1262_fear.jpg,5
train_1262_happy.jpg,0
train_1262_neutral.jpg,6
train_1262_sad.jpg,2
train_1262_surprise.jpg,1
train_1263_angry.jpg,3
train_1263_disgust.jpg,4
train_1263_fear.jpg,5
train_1263_happy.jpg,0
train_1263_neutral.jpg,6
train_1263_sad.jpg,2
train_1263_surprise.jpg,1
train_1264_angry.jpg,3
train_1264_disgust.jpg,4
train_1264_fear.jpg,5
train_1264_happy.jpg,0
train_1264_neutral.jpg,6
train_1264_sad.jpg,2
train_1264_surprise.jpg,1
train_1265_angry.jpg,3
train_1265_disgust.jpg,4
train_1265_fear.jpg,5
train_1265_happy.jpg,0
train_1265_neutral.jpg,6
train_1265_sad.jpg,2
train_1265_surprise.jpg,1
train_1266_angry.jpg,3
train_1266_disgust.jpg,4
train_1266_fear.jpg,5
train_1266_happy.jpg,0
train_1266_neutral.jpg,6
train_1266_sad.jpg,2
train_1266_surprise.jpg,1
train_1267_angry.jpg,3
train_1267_disgust.jpg,4
train_1267_fear.jpg,5
train_1267_happy.jpg,0
train_1267_neutral.jpg,6
train_1267_sad.jpg,2
train_1267_surprise.jpg,1
train_1268_angry.jpg,3
train_1268_disgust.jpg,4
train_1268_fear.jpg,5
train_1268_happy.jpg,0
train_1268_neutral.jpg,6
train_1268_sad.jpg,2
train_1268_surprise.jpg,1
train_1269_angry.jpg,3
train_1269_disgust.jpg,4
train_1269_fear.jpg,5
train_1269_happy.jpg,0
train_1269_neutral.jpg,6
train_1269_sad.jpg,2
train_1269_surprise.jpg,1
train_126_angry.jpg,3
train_126_disgust.jpg,4
train_126_fear.jpg,5
train_126_happy.png,0
train_126_neutral.png,6
train_126_sad.jpg,2
train_126_surprise.jpg,1
train_1270_angry.jpg,3
train_1270_disgust.jpg,4
train_1270_fear.jpg,5
train_1270_happy.jpg,0
train_1270_neutral.jpg,6
train_1270_sad.jpg,2
train_1270_surprise.jpg,1
train_1271_angry.jpg,3
train_1271_disgust.jpg,4
train_1271_fear.jpg,5
train_1271_happy.jpg,0
train_1271_neutral.jpg,6
train_1271_sad.jpg,2
train_1271_surprise.jpg,1
train_1272_angry.jpg,3
train_1272_disgust.jpg,4
train_1272_fear.jpg,5
train_1272_happy.jpg,0
train_1272_neutral.jpg,6
train_1272_sad.jpg,2
train_1272_surprise.jpg,1
train_1273_angry.jpg,3
train_1273_disgust.jpg,4
train_1273_fear.jpg,5
train_1273_happy.jpg,0
train_1273_neutral.jpg,6
train_1273_sad.jpg,2
train_1273_surprise.jpg,1
train_1274_angry.jpg,3
train_1274_disgust.jpg,4
train_1274_fear.jpg,5
train_1274_happy.jpg,0
train_1274_neutral.jpg,6
train_1274_sad.jpg,2
train_1274_surprise.jpg,1
train_1275_angry.jpg,3
train_1275_disgust.jpg,4
train_1275_fear.jpg,5
train_1275_happy.jpg,0
train_1275_neutral.jpg,6
train_1275_sad.jpg,2
train_1275_surprise.jpg,1
train_1276_angry.jpg,3
train_1276_disgust.jpg,4
train_1276_fear.jpg,5
train_1276_happy.jpg,0
train_1276_neutral.jpg,6
train_1276_sad.jpg,2
train_1276_surprise.jpg,1
train_1277_angry.jpg,3
train_1277_disgust.jpg,4
train_1277_fear.jpg,5
train_1277_happy.jpg,0
train_1277_neutral.jpg,6
train_1277_sad.jpg,2
train_1277_surprise.jpg,1
train_1278_angry.jpg,3
train_1278_disgust.jpg,4
train_1278_fear.jpg,5
train_1278_happy.jpg,0
train_1278_neutral.jpg,6
train_1278_sad.jpg,2
train_1278_surprise.jpg,1
train_1279_angry.jpg,3
train_1279_disgust.jpg,4
train_1279_fear.jpg,5
train_1279_happy.jpg,0
train_1279_neutral.jpg,6
train_1279_sad.jpg,2
train_1279_surprise.jpg,1
train_127_angry.jpg,3
train_127_disgust.jpg,4
train_127_fear.jpg,5
train_127_happy.png,0
train_127_neutral.png,6
train_127_sad.jpg,2
train_127_surprise.jpg,1
train_1280_angry.jpg,3
train_1280_disgust.jpg,4
train_1280_fear.jpg,5
train_1280_happy.jpg,0
train_1280_neutral.jpg,6
train_1280_sad.jpg,2
train_1280_surprise.jpg,1
train_1281_angry.jpg,3
train_1281_disgust.jpg,4
train_1281_fear.jpg,5
train_1281_happy.jpg,0
train_1281_neutral.jpg,6
train_1281_sad.jpg,2
train_1281_surprise.jpg,1
train_1282_angry.jpg,3
train_1282_disgust.jpg,4
train_1282_fear.jpg,5
train_1282_happy.jpg,0
train_1282_neutral.jpg,6
train_1282_sad.jpg,2
train_1282_surprise.jpg,1
train_1283_angry.jpg,3
train_1283_disgust.jpg,4
train_1283_fear.jpg,5
train_1283_happy.jpg,0
train_1283_neutral.jpg,6
train_1283_sad.jpg,2
train_1283_surprise.jpg,1
train_1284_angry.jpg,3
train_1284_disgust.jpg,4
train_1284_fear.jpg,5
train_1284_happy.jpg,0
train_1284_neutral.jpg,6
train_1284_sad.jpg,2
train_1284_surprise.jpg,1
train_1285_angry.jpg,3
train_1285_disgust.jpg,4
train_1285_fear.jpg,5
train_1285_happy.jpg,0
train_1285_neutral.jpg,6
train_1285_sad.jpg,2
train_1285_surprise.jpg,1
train_1286_angry.jpg,3
train_1286_disgust.jpg,4
train_1286_fear.jpg,5
train_1286_happy.jpg,0
train_1286_neutral.jpg,6
train_1286_sad.jpg,2
train_1286_surprise.jpg,1
train_1287_angry.jpg,3
train_1287_disgust.jpg,4
train_1287_fear.jpg,5
train_1287_happy.jpg,0
train_1287_neutral.jpg,6
train_1287_sad.jpg,2
train_1287_surprise.jpg,1
train_1288_angry.jpg,3
train_1288_disgust.jpg,4
train_1288_fear.jpg,5
train_1288_happy.jpg,0
train_1288_neutral.jpg,6
train_1288_sad.jpg,2
train_1288_surprise.jpg,1
train_1289_angry.jpg,3
train_1289_disgust.jpg,4
train_1289_fear.jpg,5
train_1289_happy.jpg,0
train_1289_neutral.jpg,6
train_1289_sad.jpg,2
train_1289_surprise.jpg,1
train_128_angry.jpg,3
train_128_disgust.jpg,4
train_128_fear.jpg,5
train_128_happy.png,0
train_128_neutral.png,6
train_128_sad.jpg,2
train_128_surprise.jpg,1
train_1290_angry.jpg,3
train_1290_disgust.jpg,4
train_1290_fear.jpg,5
train_1290_happy.jpg,0
train_1290_neutral.jpg,6
train_1290_sad.jpg,2
train_1290_surprise.jpg,1
train_1291_angry.jpg,3
train_1291_disgust.jpg,4
train_1291_fear.jpg,5
train_1291_happy.jpg,0
train_1291_neutral.jpg,6
train_1291_sad.jpg,2
train_1291_surprise.jpg,1
train_1292_angry.jpg,3
train_1292_disgust.jpg,4
train_1292_fear.jpg,5
train_1292_happy.jpg,0
train_1292_neutral.jpg,6
train_1292_sad.jpg,2
train_1292_surprise.jpg,1
train_1293_angry.jpg,3
train_1293_disgust.jpg,4
train_1293_fear.jpg,5
train_1293_happy.jpg,0
train_1293_neutral.jpg,6
train_1293_sad.jpg,2
train_1293_surprise.jpg,1
train_1294_angry.jpg,3
train_1294_disgust.jpg,4
train_1294_fear.jpg,5
train_1294_happy.jpg,0
train_1294_neutral.jpg,6
train_1294_sad.jpg,2
train_1294_surprise.jpg,1
train_1295_angry.jpg,3
train_1295_disgust.jpg,4
train_1295_fear.jpg,5
train_1295_happy.jpg,0
train_1295_neutral.jpg,6
train_1295_sad.jpg,2
train_1295_surprise.jpg,1
train_1296_angry.jpg,3
train_1296_disgust.jpg,4
train_1296_fear.jpg,5
train_1296_happy.jpg,0
train_1296_neutral.jpg,6
train_1296_sad.jpg,2
train_1296_surprise.jpg,1
train_1297_angry.jpg,3
train_1297_disgust.jpg,4
train_1297_fear.jpg,5
train_1297_happy.jpg,0
train_1297_neutral.jpg,6
train_1297_sad.jpg,2
train_1297_surprise.jpg,1
train_1298_angry.jpg,3
train_1298_disgust.jpg,4
train_1298_fear.jpg,5
train_1298_happy.jpg,0
train_1298_neutral.jpg,6
train_1298_sad.jpg,2
train_1298_surprise.jpg,1
train_1299_angry.jpg,3
train_1299_disgust.jpg,4
train_1299_fear.jpg,5
train_1299_happy.jpg,0
train_1299_neutral.jpg,6
train_1299_sad.jpg,2
train_1299_surprise.jpg,1
train_129_angry.jpg,3
train_129_disgust.jpg,4
train_129_fear.jpg,5
train_129_happy.png,0
train_129_neutral.png,6
train_129_sad.jpg,2
train_129_surprise.jpg,1
train_12_angry.jpg,3
train_12_disgust.jpg,4
train_12_fear.jpg,5
train_12_happy.png,0
train_12_neutral.png,6
train_12_sad.jpg,2
train_12_surprise.jpg,1
train_1300_angry.jpg,3
train_1300_disgust.jpg,4
train_1300_fear.jpg,5
train_1300_happy.jpg,0
train_1300_neutral.jpg,6
train_1300_sad.jpg,2
train_1300_surprise.jpg,1
train_1301_angry.jpg,3
train_1301_disgust.jpg,4
train_1301_fear.jpg,5
train_1301_happy.jpg,0
train_1301_neutral.jpg,6
train_1301_sad.jpg,2
train_1301_surprise.jpg,1
train_1302_angry.jpg,3
train_1302_disgust.jpg,4
train_1302_fear.jpg,5
train_1302_happy.jpg,0
train_1302_neutral.jpg,6
train_1302_sad.jpg,2
train_1302_surprise.jpg,1
train_1303_angry.jpg,3
train_1303_disgust.jpg,4
train_1303_fear.jpg,5
train_1303_happy.jpg,0
train_1303_neutral.jpg,6
train_1303_sad.jpg,2
train_1303_surprise.jpg,1
train_1304_angry.jpg,3
train_1304_disgust.jpg,4
train_1304_fear.jpg,5
train_1304_happy.jpg,0
train_1304_neutral.jpg,6
train_1304_sad.jpg,2
train_1304_surprise.jpg,1
train_1305_angry.jpg,3
train_1305_disgust.jpg,4
train_1305_fear.jpg,5
train_1305_happy.jpg,0
train_1305_neutral.jpg,6
train_1305_sad.jpg,2
train_1305_surprise.jpg,1
train_1306_angry.jpg,3
train_1306_disgust.jpg,4
train_1306_fear.jpg,5
train_1306_happy.jpg,0
train_1306_neutral.jpg,6
train_1306_sad.jpg,2
train_1306_surprise.jpg,1
train_1307_angry.jpg,3
train_1307_disgust.jpg,4
train_1307_fear.jpg,5
train_1307_happy.jpg,0
train_1307_neutral.jpg,6
train_1307_sad.jpg,2
train_1307_surprise.jpg,1
train_1308_angry.jpg,3
train_1308_disgust.jpg,4
train_1308_fear.jpg,5
train_1308_happy.jpg,0
train_1308_neutral.jpg,6
train_1308_sad.jpg,2
train_1308_surprise.jpg,1
train_1309_angry.jpg,3
train_1309_disgust.jpg,4
train_1309_fear.jpg,5
train_1309_happy.jpg,0
train_1309_neutral.jpg,6
train_1309_sad.jpg,2
train_1309_surprise.jpg,1
train_130_angry.jpg,3
train_130_disgust.jpg,4
train_130_fear.jpg,5
train_130_happy.png,0
train_130_neutral.png,6
train_130_sad.jpg,2
train_130_surprise.jpg,1
train_1310_angry.jpg,3
train_1310_disgust.jpg,4
train_1310_fear.jpg,5
train_1310_happy.jpg,0
train_1310_neutral.jpg,6
train_1310_sad.jpg,2
train_1310_surprise.jpg,1
train_1311_angry.jpg,3
train_1311_disgust.jpg,4
train_1311_fear.jpg,5
train_1311_happy.jpg,0
train_1311_neutral.jpg,6
train_1311_sad.jpg,2
train_1311_surprise.jpg,1
train_1312_angry.jpg,3
train_1312_disgust.jpg,4
train_1312_fear.jpg,5
train_1312_happy.jpg,0
train_1312_neutral.jpg,6
train_1312_sad.jpg,2
train_1312_surprise.jpg,1
train_1313_angry.jpg,3
train_1313_disgust.jpg,4
train_1313_fear.jpg,5
train_1313_happy.jpg,0
train_1313_neutral.jpg,6
train_1313_sad.jpg,2
train_1313_surprise.jpg,1
train_1314_angry.jpg,3
train_1314_disgust.jpg,4
train_1314_fear.jpg,5
train_1314_happy.jpg,0
train_1314_neutral.jpg,6
train_1314_sad.jpg,2
train_1314_surprise.jpg,1
train_1315_angry.jpg,3
train_1315_disgust.jpg,4
train_1315_fear.jpg,5
train_1315_happy.jpg,0
train_1315_neutral.jpg,6
train_1315_sad.jpg,2
train_1315_surprise.jpg,1
train_1316_angry.jpg,3
train_1316_disgust.jpg,4
train_1316_fear.jpg,5
train_1316_happy.jpg,0
train_1316_neutral.jpg,6
train_1316_sad.jpg,2
train_1316_surprise.jpg,1
train_1317_angry.jpg,3
train_1317_disgust.jpg,4
train_1317_fear.jpg,5
train_1317_happy.jpg,0
train_1317_neutral.jpg,6
train_1317_sad.jpg,2
train_1317_surprise.jpg,1
train_1318_angry.jpg,3
train_1318_disgust.jpg,4
train_1318_fear.jpg,5
train_1318_happy.jpg,0
train_1318_neutral.jpg,6
train_1318_sad.jpg,2
train_1318_surprise.jpg,1
train_1319_angry.jpg,3
train_1319_disgust.jpg,4
train_1319_fear.jpg,5
train_1319_happy.jpg,0
train_1319_neutral.jpg,6
train_1319_sad.jpg,2
train_1319_surprise.jpg,1
train_131_angry.jpg,3
train_131_disgust.jpg,4
train_131_fear.jpg,5
train_131_happy.png,0
train_131_neutral.png,6
train_131_sad.jpg,2
train_131_surprise.jpg,1
train_1320_angry.jpg,3
train_1320_disgust.jpg,4
train_1320_fear.jpg,5
train_1320_happy.jpg,0
train_1320_neutral.jpg,6
train_1320_sad.jpg,2
train_1320_surprise.jpg,1
train_1321_angry.jpg,3
train_1321_disgust.jpg,4
train_1321_fear.jpg,5
train_1321_happy.jpg,0
train_1321_neutral.jpg,6
train_1321_sad.jpg,2
train_1321_surprise.jpg,1
train_1322_angry.jpg,3
train_1322_disgust.jpg,4
train_1322_fear.jpg,5
train_1322_happy.jpg,0
train_1322_neutral.jpg,6
train_1322_sad.jpg,2
train_1322_surprise.jpg,1
train_1323_angry.jpg,3
train_1323_disgust.jpg,4
train_1323_fear.jpg,5
train_1323_happy.jpg,0
train_1323_neutral.jpg,6
train_1323_sad.jpg,2
train_1323_surprise.jpg,1
train_1324_angry.jpg,3
train_1324_disgust.jpg,4
train_1324_fear.jpg,5
train_1324_happy.jpg,0
train_1324_neutral.jpg,6
train_1324_sad.jpg,2
train_1324_surprise.jpg,1
train_1325_angry.jpg,3
train_1325_disgust.jpg,4
train_1325_fear.jpg,5
train_1325_happy.jpg,0
train_1325_neutral.jpg,6
train_1325_sad.jpg,2
train_1325_surprise.jpg,1
train_1326_angry.jpg,3
train_1326_disgust.jpg,4
train_1326_fear.jpg,5
train_1326_happy.jpg,0
train_1326_neutral.jpg,6
train_1326_sad.jpg,2
train_1326_surprise.jpg,1
train_1327_angry.jpg,3
train_1327_disgust.jpg,4
train_1327_fear.jpg,5
train_1327_happy.jpg,0
train_1327_neutral.jpg,6
train_1327_sad.jpg,2
train_1327_surprise.jpg,1
train_1328_angry.jpg,3
train_1328_disgust.jpg,4
train_1328_fear.jpg,5
train_1328_happy.jpg,0
train_1328_neutral.jpg,6
train_1328_sad.jpg,2
train_1328_surprise.jpg,1
train_1329_angry.jpg,3
train_1329_disgust.jpg,4
train_1329_fear.jpg,5
train_1329_happy.jpg,0
train_1329_neutral.jpg,6
train_1329_sad.jpg,2
train_1329_surprise.jpg,1
train_132_angry.jpg,3
train_132_disgust.jpg,4
train_132_fear.jpg,5
train_132_happy.png,0
train_132_neutral.png,6
train_132_sad.jpg,2
train_132_surprise.jpg,1
train_1330_angry.jpg,3
train_1330_disgust.jpg,4
train_1330_fear.jpg,5
train_1330_happy.jpg,0
train_1330_neutral.jpg,6
train_1330_sad.jpg,2
train_1330_surprise.jpg,1
train_1331_angry.jpg,3
train_1331_disgust.jpg,4
train_1331_fear.jpg,5
train_1331_happy.jpg,0
train_1331_neutral.jpg,6
train_1331_sad.jpg,2
train_1331_surprise.jpg,1
train_1332_angry.jpg,3
train_1332_disgust.jpg,4
train_1332_fear.jpg,5
train_1332_happy.jpg,0
train_1332_neutral.jpg,6
train_1332_sad.jpg,2
train_1332_surprise.jpg,1
train_1333_angry.jpg,3
train_1333_disgust.jpg,4
train_1333_fear.jpg,5
train_1333_happy.jpg,0
train_1333_neutral.jpg,6
train_1333_sad.jpg,2
train_1333_surprise.jpg,1
train_1334_angry.jpg,3
train_1334_disgust.jpg,4
train_1334_fear.jpg,5
train_1334_happy.jpg,0
train_1334_neutral.jpg,6
train_1334_sad.jpg,2
train_1334_surprise.jpg,1
train_1335_angry.jpg,3
train_1335_disgust.jpg,4
train_1335_fear.jpg,5
train_1335_happy.jpg,0
train_1335_neutral.jpg,6
train_1335_sad.jpg,2
train_1335_surprise.jpg,1
train_1336_angry.jpg,3
train_1336_disgust.jpg,4
train_1336_fear.jpg,5
train_1336_happy.jpg,0
train_1336_neutral.jpg,6
train_1336_sad.jpg,2
train_1336_surprise.jpg,1
train_1337_angry.jpg,3
train_1337_disgust.jpg,4
train_1337_fear.jpg,5
train_1337_happy.jpg,0
train_1337_neutral.jpg,6
train_1337_sad.jpg,2
train_1337_surprise.jpg,1
train_1338_angry.jpg,3
train_1338_disgust.jpg,4
train_1338_fear.jpg,5
train_1338_happy.jpg,0
train_1338_neutral.jpg,6
train_1338_sad.jpg,2
train_1338_surprise.jpg,1
train_1339_angry.jpg,3
train_1339_disgust.jpg,4
train_1339_fear.jpg,5
train_1339_happy.jpg,0
train_1339_neutral.jpg,6
train_1339_sad.jpg,2
train_1339_surprise.jpg,1
train_133_angry.jpg,3
train_133_disgust.jpg,4
train_133_fear.jpg,5
train_133_happy.png,0
train_133_neutral.png,6
train_133_sad.jpg,2
train_133_surprise.jpg,1
train_1340_angry.jpg,3
train_1340_disgust.jpg,4
train_1340_fear.jpg,5
train_1340_happy.jpg,0
train_1340_neutral.jpg,6
train_1340_sad.jpg,2
train_1340_surprise.jpg,1
train_1341_angry.jpg,3
train_1341_disgust.jpg,4
train_1341_fear.jpg,5
train_1341_happy.jpg,0
train_1341_neutral.jpg,6
train_1341_sad.jpg,2
train_1341_surprise.jpg,1
train_1342_angry.jpg,3
train_1342_disgust.jpg,4
train_1342_fear.jpg,5
train_1342_happy.jpg,0
train_1342_neutral.jpg,6
train_1342_sad.jpg,2
train_1342_surprise.jpg,1
train_1343_angry.jpg,3
train_1343_disgust.jpg,4
train_1343_fear.jpg,5
train_1343_happy.jpg,0
train_1343_neutral.jpg,6
train_1343_sad.jpg,2
train_1343_surprise.jpg,1
train_1344_angry.jpg,3
train_1344_disgust.jpg,4
train_1344_fear.jpg,5
train_1344_happy.jpg,0
train_1344_neutral.jpg,6
train_1344_sad.jpg,2
train_1344_surprise.jpg,1
train_1345_angry.jpg,3
train_1345_disgust.jpg,4
train_1345_fear.jpg,5
train_1345_happy.jpg,0
train_1345_neutral.jpg,6
train_1345_sad.jpg,2
train_1345_surprise.jpg,1
train_1346_angry.jpg,3
train_1346_disgust.jpg,4
train_1346_fear.jpg,5
train_1346_happy.jpg,0
train_1346_neutral.jpg,6
train_1346_sad.jpg,2
train_1346_surprise.jpg,1
train_1347_angry.jpg,3
train_1347_disgust.jpg,4
train_1347_fear.jpg,5
train_1347_happy.jpg,0
train_1347_neutral.jpg,6
train_1347_sad.jpg,2
train_1347_surprise.jpg,1
train_1348_angry.jpg,3
train_1348_disgust.jpg,4
train_1348_fear.jpg,5
train_1348_happy.jpg,0
train_1348_neutral.jpg,6
train_1348_sad.jpg,2
train_1348_surprise.jpg,1
train_1349_angry.jpg,3
train_1349_disgust.jpg,4
train_1349_fear.jpg,5
train_1349_happy.jpg,0
train_1349_neutral.jpg,6
train_1349_sad.jpg,2
train_1349_surprise.jpg,1
train_134_angry.jpg,3
train_134_disgust.jpg,4
train_134_fear.jpg,5
train_134_happy.png,0
train_134_neutral.png,6
train_134_sad.jpg,2
train_134_surprise.jpg,1
train_1350_angry.jpg,3
train_1350_disgust.jpg,4
train_1350_fear.jpg,5
train_1350_happy.jpg,0
train_1350_neutral.jpg,6
train_1350_sad.jpg,2
train_1350_surprise.jpg,1
train_1351_angry.jpg,3
train_1351_disgust.jpg,4
train_1351_fear.jpg,5
train_1351_happy.jpg,0
train_1351_neutral.jpg,6
train_1351_sad.jpg,2
train_1351_surprise.jpg,1
train_1352_angry.jpg,3
train_1352_disgust.jpg,4
train_1352_fear.jpg,5
train_1352_happy.jpg,0
train_1352_neutral.jpg,6
train_1352_sad.jpg,2
train_1352_surprise.jpg,1
train_1353_angry.jpg,3
train_1353_disgust.jpg,4
train_1353_fear.jpg,5
train_1353_happy.jpg,0
train_1353_neutral.jpg,6
train_1353_sad.jpg,2
train_1353_surprise.jpg,1
train_1354_angry.jpg,3
train_1354_disgust.jpg,4
train_1354_fear.jpg,5
train_1354_happy.jpg,0
train_1354_neutral.jpg,6
train_1354_sad.jpg,2
train_1354_surprise.jpg,1
train_1355_angry.jpg,3
train_1355_disgust.jpg,4
train_1355_fear.jpg,5
train_1355_happy.jpg,0
train_1355_neutral.jpg,6
train_1355_sad.jpg,2
train_1355_surprise.jpg,1
train_1356_angry.jpg,3
train_1356_disgust.jpg,4
train_1356_fear.jpg,5
train_1356_happy.jpg,0
train_1356_neutral.jpg,6
train_1356_sad.jpg,2
train_1356_surprise.jpg,1
train_1357_angry.jpg,3
train_1357_disgust.jpg,4
train_1357_fear.jpg,5
train_1357_happy.jpg,0
train_1357_neutral.jpg,6
train_1357_sad.jpg,2
train_1357_surprise.jpg,1
train_1358_angry.jpg,3
train_1358_disgust.jpg,4
train_1358_fear.jpg,5
train_1358_happy.jpg,0
train_1358_neutral.jpg,6
train_1358_sad.jpg,2
train_1358_surprise.jpg,1
train_1359_angry.jpg,3
train_1359_disgust.jpg,4
train_1359_fear.jpg,5
train_1359_happy.jpg,0
train_1359_neutral.jpg,6
train_1359_sad.jpg,2
train_1359_surprise.jpg,1
train_135_angry.jpg,3
train_135_disgust.jpg,4
train_135_fear.jpg,5
train_135_happy.png,0
train_135_neutral.png,6
train_135_sad.jpg,2
train_135_surprise.jpg,1
train_1360_angry.jpg,3
train_1360_disgust.jpg,4
train_1360_fear.jpg,5
train_1360_happy.jpg,0
train_1360_neutral.jpg,6
train_1360_sad.jpg,2
train_1360_surprise.jpg,1
train_1361_angry.jpg,3
train_1361_disgust.jpg,4
train_1361_fear.jpg,5
train_1361_happy.jpg,0
train_1361_neutral.jpg,6
train_1361_sad.jpg,2
train_1361_surprise.jpg,1
train_1362_angry.jpg,3
train_1362_disgust.jpg,4
train_1362_fear.jpg,5
train_1362_happy.jpg,0
train_1362_neutral.jpg,6
train_1362_sad.jpg,2
train_1362_surprise.jpg,1
train_1363_angry.jpg,3
train_1363_disgust.jpg,4
train_1363_fear.jpg,5
train_1363_happy.jpg,0
train_1363_neutral.jpg,6
train_1363_sad.jpg,2
train_1363_surprise.jpg,1
train_1364_angry.jpg,3
train_1364_disgust.jpg,4
train_1364_fear.jpg,5
train_1364_happy.jpg,0
train_1364_neutral.jpg,6
train_1364_sad.jpg,2
train_1364_surprise.jpg,1
train_1365_angry.jpg,3
train_1365_disgust.jpg,4
train_1365_fear.jpg,5
train_1365_happy.jpg,0
train_1365_neutral.jpg,6
train_1365_sad.jpg,2
train_1365_surprise.jpg,1
train_1366_angry.jpg,3
train_1366_disgust.jpg,4
train_1366_fear.jpg,5
train_1366_happy.jpg,0
train_1366_neutral.jpg,6
train_1366_sad.jpg,2
train_1366_surprise.jpg,1
train_1367_angry.jpg,3
train_1367_disgust.jpg,4
train_1367_fear.jpg,5
train_1367_happy.jpg,0
train_1367_neutral.jpg,6
train_1367_sad.jpg,2
train_1367_surprise.jpg,1
train_1368_angry.jpg,3
train_1368_disgust.jpg,4
train_1368_fear.jpg,5
train_1368_happy.jpg,0
train_1368_neutral.jpg,6
train_1368_sad.jpg,2
train_1368_surprise.jpg,1
train_1369_angry.jpg,3
train_1369_disgust.jpg,4
train_1369_fear.jpg,5
train_1369_happy.jpg,0
train_1369_neutral.jpg,6
train_1369_sad.jpg,2
train_1369_surprise.jpg,1
train_136_angry.jpg,3
train_136_disgust.jpg,4
train_136_fear.jpg,5
train_136_happy.png,0
train_136_neutral.png,6
train_136_sad.jpg,2
train_136_surprise.jpg,1
train_1370_angry.jpg,3
train_1370_disgust.jpg,4
train_1370_fear.jpg,5
train_1370_happy.jpg,0
train_1370_neutral.jpg,6
train_1370_sad.jpg,2
train_1370_surprise.jpg,1
train_1371_angry.jpg,3
train_1371_disgust.jpg,4
train_1371_fear.jpg,5
train_1371_happy.jpg,0
train_1371_neutral.jpg,6
train_1371_sad.jpg,2
train_1371_surprise.jpg,1
train_1372_angry.jpg,3
train_1372_disgust.jpg,4
train_1372_fear.jpg,5
train_1372_happy.jpg,0
train_1372_neutral.jpg,6
train_1372_sad.jpg,2
train_1372_surprise.jpg,1
train_1373_angry.jpg,3
train_1373_disgust.jpg,4
train_1373_fear.jpg,5
train_1373_happy.jpg,0
train_1373_neutral.jpg,6
train_1373_sad.jpg,2
train_1373_surprise.jpg,1
train_1374_angry.jpg,3
train_1374_disgust.jpg,4
train_1374_fear.jpg,5
train_1374_happy.jpg,0
train_1374_neutral.jpg,6
train_1374_sad.jpg,2
train_1374_surprise.jpg,1
train_1375_angry.jpg,3
train_1375_disgust.jpg,4
train_1375_fear.jpg,5
train_1375_happy.jpg,0
train_1375_neutral.jpg,6
train_1375_sad.jpg,2
train_1375_surprise.jpg,1
train_1376_angry.jpg,3
train_1376_disgust.jpg,4
train_1376_fear.jpg,5
train_1376_happy.jpg,0
train_1376_neutral.jpg,6
train_1376_sad.jpg,2
train_1376_surprise.jpg,1
train_1377_angry.jpg,3
train_1377_disgust.jpg,4
train_1377_fear.jpg,5
train_1377_happy.jpg,0
train_1377_neutral.jpg,6
train_1377_sad.jpg,2
train_1377_surprise.jpg,1
train_1378_angry.jpg,3
train_1378_disgust.jpg,4
train_1378_fear.jpg,5
train_1378_happy.jpg,0
train_1378_neutral.jpg,6
train_1378_sad.jpg,2
train_1378_surprise.jpg,1
train_1379_angry.jpg,3
train_1379_disgust.jpg,4
train_1379_fear.jpg,5
train_1379_happy.jpg,0
train_1379_neutral.jpg,6
train_1379_sad.jpg,2
train_1379_surprise.jpg,1
train_137_angry.jpg,3
train_137_disgust.jpg,4
train_137_fear.jpg,5
train_137_happy.png,0
train_137_neutral.png,6
train_137_sad.jpg,2
train_137_surprise.jpg,1
train_1380_angry.jpg,3
train_1380_disgust.jpg,4
train_1380_fear.jpg,5
train_1380_happy.jpg,0
train_1380_neutral.jpg,6
train_1380_sad.jpg,2
train_1380_surprise.jpg,1
train_1381_angry.jpg,3
train_1381_disgust.jpg,4
train_1381_fear.jpg,5
train_1381_happy.jpg,0
train_1381_neutral.jpg,6
train_1381_sad.jpg,2
train_1381_surprise.jpg,1
train_1382_angry.jpg,3
train_1382_disgust.jpg,4
train_1382_fear.jpg,5
train_1382_happy.jpg,0
train_1382_neutral.jpg,6
train_1382_sad.jpg,2
train_1382_surprise.jpg,1
train_1383_angry.jpg,3
train_1383_disgust.jpg,4
train_1383_fear.jpg,5
train_1383_happy.jpg,0
train_1383_neutral.jpg,6
train_1383_sad.jpg,2
train_1383_surprise.jpg,1
train_1384_angry.jpg,3
train_1384_disgust.jpg,4
train_1384_fear.jpg,5
train_1384_happy.jpg,0
train_1384_neutral.jpg,6
train_1384_sad.jpg,2
train_1384_surprise.jpg,1
train_1385_angry.jpg,3
train_1385_disgust.jpg,4
train_1385_fear.jpg,5
train_1385_happy.jpg,0
train_1385_neutral.jpg,6
train_1385_sad.jpg,2
train_1385_surprise.jpg,1
train_1386_angry.jpg,3
train_1386_disgust.jpg,4
train_1386_fear.jpg,5
train_1386_happy.jpg,0
train_1386_neutral.jpg,6
train_1386_sad.jpg,2
train_1386_surprise.jpg,1
train_1387_angry.jpg,3
train_1387_disgust.jpg,4
train_1387_fear.jpg,5
train_1387_happy.jpg,0
train_1387_neutral.jpg,6
train_1387_sad.jpg,2
train_1387_surprise.jpg,1
train_1388_angry.jpg,3
train_1388_disgust.jpg,4
train_1388_fear.jpg,5
train_1388_happy.jpg,0
train_1388_neutral.jpg,6
train_1388_sad.jpg,2
train_1388_surprise.jpg,1
train_1389_angry.jpg,3
train_1389_disgust.jpg,4
train_1389_fear.jpg,5
train_1389_happy.jpg,0
train_1389_neutral.jpg,6
train_1389_sad.jpg,2
train_1389_surprise.jpg,1
train_138_angry.jpg,3
train_138_disgust.jpg,4
train_138_fear.jpg,5
train_138_happy.png,0
train_138_neutral.png,6
train_138_sad.jpg,2
train_138_surprise.jpg,1
train_1390_angry.jpg,3
train_1390_disgust.jpg,4
train_1390_fear.jpg,5
train_1390_happy.jpg,0
train_1390_neutral.jpg,6
train_1390_sad.jpg,2
train_1390_surprise.jpg,1
train_1391_angry.jpg,3
train_1391_disgust.jpg,4
train_1391_fear.jpg,5
train_1391_happy.jpg,0
train_1391_neutral.jpg,6
train_1391_sad.jpg,2
train_1391_surprise.jpg,1
train_1392_angry.jpg,3
train_1392_disgust.jpg,4
train_1392_fear.jpg,5
train_1392_happy.jpg,0
train_1392_neutral.jpg,6
train_1392_sad.jpg,2
train_1392_surprise.jpg,1
train_1393_angry.jpg,3
train_1393_disgust.jpg,4
train_1393_fear.jpg,5
train_1393_happy.jpg,0
train_1393_neutral.jpg,6
train_1393_sad.jpg,2
train_1393_surprise.jpg,1
train_1394_angry.jpg,3
train_1394_disgust.jpg,4
train_1394_fear.jpg,5
train_1394_happy.jpg,0
train_1394_neutral.jpg,6
train_1394_sad.jpg,2
train_1394_surprise.jpg,1
train_1395_angry.jpg,3
train_1395_disgust.jpg,4
train_1395_fear.jpg,5
train_1395_happy.jpg,0
train_1395_neutral.jpg,6
train_1395_sad.jpg,2
train_1395_surprise.jpg,1
train_1396_angry.jpg,3
train_1396_disgust.jpg,4
train_1396_fear.jpg,5
train_1396_happy.jpg,0
train_1396_neutral.jpg,6
train_1396_sad.jpg,2
train_1396_surprise.jpg,1
train_1397_angry.jpg,3
train_1397_disgust.jpg,4
train_1397_fear.jpg,5
train_1397_happy.jpg,0
train_1397_neutral.jpg,6
train_1397_sad.jpg,2
train_1397_surprise.jpg,1
train_1398_angry.jpg,3
train_1398_disgust.jpg,4
train_1398_fear.jpg,5
train_1398_happy.jpg,0
train_1398_neutral.jpg,6
train_1398_sad.jpg,2
train_1398_surprise.jpg,1
train_1399_angry.jpg,3
train_1399_disgust.jpg,4
train_1399_fear.jpg,5
train_1399_happy.jpg,0
train_1399_neutral.jpg,6
train_1399_sad.jpg,2
train_1399_surprise.jpg,1
train_139_angry.jpg,3
train_139_disgust.jpg,4
train_139_fear.jpg,5
train_139_happy.png,0
train_139_neutral.png,6
train_139_sad.jpg,2
train_139_surprise.jpg,1
train_13_angry.jpg,3
train_13_disgust.jpg,4
train_13_fear.jpg,5
train_13_happy.png,0
train_13_neutral.png,6
train_13_sad.jpg,2
train_13_surprise.jpg,1
train_1400_angry.jpg,3
train_1400_disgust.jpg,4
train_1400_fear.jpg,5
train_1400_happy.jpg,0
train_1400_neutral.jpg,6
train_1400_sad.jpg,2
train_1400_surprise.jpg,1
train_1401_angry.jpg,3
train_1401_disgust.jpg,4
train_1401_fear.jpg,5
train_1401_happy.jpg,0
train_1401_neutral.jpg,6
train_1401_sad.jpg,2
train_1401_surprise.jpg,1
train_1402_angry.jpg,3
train_1402_disgust.jpg,4
train_1402_fear.jpg,5
train_1402_happy.jpg,0
train_1402_neutral.jpg,6
train_1402_sad.jpg,2
train_1402_surprise.jpg,1
train_1403_angry.jpg,3
train_1403_disgust.jpg,4
train_1403_fear.jpg,5
train_1403_happy.jpg,0
train_1403_neutral.jpg,6
train_1403_sad.jpg,2
train_1403_surprise.jpg,1
train_1404_angry.jpg,3
train_1404_disgust.jpg,4
train_1404_fear.jpg,5
train_1404_happy.jpg,0
train_1404_neutral.jpg,6
train_1404_sad.jpg,2
train_1404_surprise.jpg,1
train_1405_angry.jpg,3
train_1405_disgust.jpg,4
train_1405_fear.jpg,5
train_1405_happy.jpg,0
train_1405_neutral.jpg,6
train_1405_sad.jpg,2
train_1405_surprise.jpg,1
train_1406_angry.jpg,3
train_1406_disgust.jpg,4
train_1406_fear.jpg,5
train_1406_happy.jpg,0
train_1406_neutral.jpg,6
train_1406_sad.jpg,2
train_1406_surprise.jpg,1
train_1407_angry.jpg,3
train_1407_disgust.jpg,4
train_1407_fear.jpg,5
train_1407_happy.jpg,0
train_1407_neutral.jpg,6
train_1407_sad.jpg,2
train_1407_surprise.jpg,1
train_1408_angry.jpg,3
train_1408_disgust.jpg,4
train_1408_fear.jpg,5
train_1408_happy.jpg,0
train_1408_neutral.jpg,6
train_1408_sad.jpg,2
train_1408_surprise.jpg,1
train_1409_angry.jpg,3
train_1409_disgust.jpg,4
train_1409_fear.jpg,5
train_1409_happy.jpg,0
train_1409_neutral.jpg,6
train_1409_sad.jpg,2
train_1409_surprise.jpg,1
train_140_angry.jpg,3
train_140_disgust.jpg,4
train_140_fear.jpg,5
train_140_happy.png,0
train_140_neutral.png,6
train_140_sad.jpg,2
train_140_surprise.jpg,1
train_1410_angry.jpg,3
train_1410_disgust.jpg,4
train_1410_fear.jpg,5
train_1410_happy.jpg,0
train_1410_neutral.jpg,6
train_1410_sad.jpg,2
train_1410_surprise.jpg,1
train_1411_angry.jpg,3
train_1411_disgust.jpg,4
train_1411_fear.jpg,5
train_1411_happy.jpg,0
train_1411_neutral.jpg,6
train_1411_sad.jpg,2
train_1411_surprise.jpg,1
train_1412_angry.jpg,3
train_1412_disgust.jpg,4
train_1412_fear.jpg,5
train_1412_happy.jpg,0
train_1412_neutral.jpg,6
train_1412_sad.jpg,2
train_1412_surprise.jpg,1
train_1413_angry.jpg,3
train_1413_disgust.jpg,4
train_1413_fear.jpg,5
train_1413_happy.jpg,0
train_1413_neutral.jpg,6
train_1413_sad.jpg,2
train_1413_surprise.jpg,1
train_1414_angry.jpg,3
train_1414_disgust.jpg,4
train_1414_fear.jpg,5
train_1414_happy.jpg,0
train_1414_neutral.jpg,6
train_1414_sad.jpg,2
train_1414_surprise.jpg,1
train_1415_angry.jpg,3
train_1415_disgust.jpg,4
train_1415_fear.jpg,5
train_1415_happy.jpg,0
train_1415_neutral.jpg,6
train_1415_sad.jpg,2
train_1415_surprise.jpg,1
train_1416_angry.jpg,3
train_1416_disgust.jpg,4
train_1416_fear.jpg,5
train_1416_happy.jpg,0
train_1416_neutral.jpg,6
train_1416_sad.jpg,2
train_1416_surprise.jpg,1
train_1417_angry.jpg,3
train_1417_disgust.jpg,4
train_1417_fear.jpg,5
train_1417_happy.jpg,0
train_1417_neutral.jpg,6
train_1417_sad.jpg,2
train_1417_surprise.jpg,1
train_1418_angry.jpg,3
train_1418_disgust.jpg,4
train_1418_fear.jpg,5
train_1418_happy.jpg,0
train_1418_neutral.jpg,6
train_1418_sad.jpg,2
train_1418_surprise.jpg,1
train_1419_angry.jpg,3
train_1419_disgust.jpg,4
train_1419_fear.jpg,5
train_1419_happy.jpg,0
train_1419_neutral.jpg,6
train_1419_sad.jpg,2
train_1419_surprise.jpg,1
train_141_angry.jpg,3
train_141_disgust.jpg,4
train_141_fear.jpg,5
train_141_happy.png,0
train_141_neutral.png,6
train_141_sad.jpg,2
train_141_surprise.jpg,1
train_1420_angry.jpg,3
train_1420_disgust.jpg,4
train_1420_fear.jpg,5
train_1420_happy.jpg,0
train_1420_neutral.jpg,6
train_1420_sad.jpg,2
train_1420_surprise.jpg,1
train_1421_angry.jpg,3
train_1421_disgust.jpg,4
train_1421_fear.jpg,5
train_1421_happy.jpg,0
train_1421_neutral.jpg,6
train_1421_sad.jpg,2
train_1421_surprise.jpg,1
train_1422_angry.jpg,3
train_1422_disgust.jpg,4
train_1422_fear.jpg,5
train_1422_happy.jpg,0
train_1422_neutral.jpg,6
train_1422_sad.jpg,2
train_1422_surprise.jpg,1
train_1423_angry.jpg,3
train_1423_disgust.jpg,4
train_1423_fear.jpg,5
train_1423_happy.jpg,0
train_1423_neutral.jpg,6
train_1423_sad.jpg,2
train_1423_surprise.jpg,1
train_1424_angry.jpg,3
train_1424_disgust.jpg,4
train_1424_fear.jpg,5
train_1424_happy.jpg,0
train_1424_neutral.jpg,6
train_1424_sad.jpg,2
train_1424_surprise.jpg,1
train_1425_angry.jpg,3
train_1425_disgust.jpg,4
train_1425_fear.jpg,5
train_1425_happy.jpg,0
train_1425_neutral.jpg,6
train_1425_sad.jpg,2
train_1425_surprise.jpg,1
train_1426_angry.jpg,3
train_1426_disgust.jpg,4
train_1426_fear.jpg,5
train_1426_happy.jpg,0
train_1426_neutral.jpg,6
train_1426_sad.jpg,2
train_1426_surprise.jpg,1
train_1427_angry.jpg,3
train_1427_disgust.jpg,4
train_1427_fear.jpg,5
train_1427_happy.jpg,0
train_1427_neutral.jpg,6
train_1427_sad.jpg,2
train_1427_surprise.jpg,1
train_1428_angry.jpg,3
train_1428_disgust.jpg,4
train_1428_fear.jpg,5
train_1428_happy.jpg,0
train_1428_neutral.jpg,6
train_1428_sad.jpg,2
train_1428_surprise.jpg,1
train_1429_angry.jpg,3
train_1429_disgust.jpg,4
train_1429_fear.jpg,5
train_1429_happy.jpg,0
train_1429_neutral.jpg,6
train_1429_sad.jpg,2
train_1429_surprise.jpg,1
train_142_angry.jpg,3
train_142_disgust.jpg,4
train_142_fear.jpg,5
train_142_happy.png,0
train_142_neutral.png,6
train_142_sad.jpg,2
train_142_surprise.jpg,1
train_1430_angry.jpg,3
train_1430_disgust.jpg,4
train_1430_fear.jpg,5
train_1430_happy.jpg,0
train_1430_neutral.jpg,6
train_1430_sad.jpg,2
train_1430_surprise.jpg,1
train_1431_angry.jpg,3
train_1431_disgust.jpg,4
train_1431_fear.jpg,5
train_1431_happy.jpg,0
train_1431_neutral.jpg,6
train_1431_sad.jpg,2
train_1431_surprise.jpg,1
train_1432_angry.jpg,3
train_1432_disgust.jpg,4
train_1432_fear.jpg,5
train_1432_happy.jpg,0
train_1432_neutral.jpg,6
train_1432_sad.jpg,2
train_1432_surprise.jpg,1
train_1433_angry.jpg,3
train_1433_disgust.jpg,4
train_1433_fear.jpg,5
train_1433_happy.jpg,0
train_1433_neutral.jpg,6
train_1433_sad.jpg,2
train_1433_surprise.jpg,1
train_1434_angry.jpg,3
train_1434_disgust.jpg,4
train_1434_fear.jpg,5
train_1434_happy.jpg,0
train_1434_neutral.jpg,6
train_1434_sad.jpg,2
train_1434_surprise.jpg,1
train_1435_angry.jpg,3
train_1435_disgust.jpg,4
train_1435_fear.jpg,5
train_1435_happy.jpg,0
train_1435_neutral.jpg,6
train_1435_sad.jpg,2
train_1435_surprise.jpg,1
train_1436_angry.jpg,3
train_1436_disgust.jpg,4
train_1436_fear.jpg,5
train_1436_happy.jpg,0
train_1436_neutral.jpg,6
train_1436_sad.jpg,2
train_1436_surprise.jpg,1
train_1437_angry.jpg,3
train_1437_disgust.jpg,4
train_1437_fear.jpg,5
train_1437_happy.jpg,0
train_1437_neutral.jpg,6
train_1437_sad.jpg,2
train_1437_surprise.jpg,1
train_1438_angry.jpg,3
train_1438_disgust.jpg,4
train_1438_fear.jpg,5
train_1438_happy.jpg,0
train_1438_neutral.jpg,6
train_1438_sad.jpg,2
train_1438_surprise.jpg,1
train_1439_angry.jpg,3
train_1439_disgust.jpg,4
train_1439_fear.jpg,5
train_1439_happy.jpg,0
train_1439_neutral.jpg,6
train_1439_sad.jpg,2
train_1439_surprise.jpg,1
train_143_angry.jpg,3
train_143_disgust.jpg,4
train_143_fear.jpg,5
train_143_happy.png,0
train_143_neutral.png,6
train_143_sad.jpg,2
train_143_surprise.jpg,1
train_1440_angry.jpg,3
train_1440_disgust.jpg,4
train_1440_fear.jpg,5
train_1440_happy.jpg,0
train_1440_neutral.jpg,6
train_1440_sad.jpg,2
train_1440_surprise.jpg,1
train_1441_angry.jpg,3
train_1441_disgust.jpg,4
train_1441_fear.jpg,5
train_1441_happy.jpg,0
train_1441_neutral.jpg,6
train_1441_sad.jpg,2
train_1441_surprise.jpg,1
train_1442_angry.jpg,3
train_1442_disgust.jpg,4
train_1442_fear.jpg,5
train_1442_happy.jpg,0
train_1442_neutral.jpg,6
train_1442_sad.jpg,2
train_1442_surprise.jpg,1
train_1443_angry.jpg,3
train_1443_disgust.jpg,4
train_1443_fear.jpg,5
train_1443_happy.jpg,0
train_1443_neutral.jpg,6
train_1443_sad.jpg,2
train_1443_surprise.jpg,1
train_1444_angry.jpg,3
train_1444_disgust.jpg,4
train_1444_fear.jpg,5
train_1444_happy.jpg,0
train_1444_neutral.jpg,6
train_1444_sad.jpg,2
train_1444_surprise.jpg,1
train_1445_angry.jpg,3
train_1445_disgust.jpg,4
train_1445_fear.jpg,5
train_1445_happy.jpg,0
train_1445_neutral.jpg,6
train_1445_sad.jpg,2
train_1445_surprise.jpg,1
train_1446_angry.jpg,3
train_1446_disgust.jpg,4
train_1446_fear.jpg,5
train_1446_happy.jpg,0
train_1446_neutral.jpg,6
train_1446_sad.jpg,2
train_1446_surprise.jpg,1
train_1447_angry.jpg,3
train_1447_disgust.jpg,4
train_1447_fear.jpg,5
train_1447_happy.jpg,0
train_1447_neutral.jpg,6
train_1447_sad.jpg,2
train_1447_surprise.jpg,1
train_1448_angry.jpg,3
train_1448_disgust.jpg,4
train_1448_fear.jpg,5
train_1448_happy.jpg,0
train_1448_neutral.jpg,6
train_1448_sad.jpg,2
train_1448_surprise.jpg,1
train_1449_angry.jpg,3
train_1449_disgust.jpg,4
train_1449_fear.jpg,5
train_1449_happy.jpg,0
train_1449_neutral.jpg,6
train_1449_sad.jpg,2
train_1449_surprise.jpg,1
train_144_angry.jpg,3
train_144_disgust.jpg,4
train_144_fear.jpg,5
train_144_happy.png,0
train_144_neutral.png,6
train_144_sad.jpg,2
train_144_surprise.jpg,1
train_1450_angry.jpg,3
train_1450_disgust.jpg,4
train_1450_fear.jpg,5
train_1450_happy.jpg,0
train_1450_neutral.jpg,6
train_1450_sad.jpg,2
train_1450_surprise.jpg,1
train_1451_angry.jpg,3
train_1451_disgust.jpg,4
train_1451_fear.jpg,5
train_1451_happy.jpg,0
train_1451_neutral.jpg,6
train_1451_sad.jpg,2
train_1451_surprise.jpg,1
train_1452_angry.jpg,3
train_1452_disgust.jpg,4
train_1452_fear.jpg,5
train_1452_happy.jpg,0
train_1452_neutral.jpg,6
train_1452_sad.jpg,2
train_1452_surprise.jpg,1
train_1453_angry.jpg,3
train_1453_disgust.jpg,4
train_1453_fear.jpg,5
train_1453_happy.jpg,0
train_1453_neutral.jpg,6
train_1453_sad.jpg,2
train_1453_surprise.jpg,1
train_1454_angry.jpg,3
train_1454_disgust.jpg,4
train_1454_fear.jpg,5
train_1454_happy.jpg,0
train_1454_neutral.jpg,6
train_1454_sad.jpg,2
train_1454_surprise.jpg,1
train_1455_angry.jpg,3
train_1455_disgust.jpg,4
train_1455_fear.jpg,5
train_1455_happy.jpg,0
train_1455_neutral.jpg,6
train_1455_sad.jpg,2
train_1455_surprise.jpg,1
train_1456_angry.jpg,3
train_1456_disgust.jpg,4
train_1456_fear.jpg,5
train_1456_happy.jpg,0
train_1456_neutral.jpg,6
train_1456_sad.jpg,2
train_1456_surprise.jpg,1
train_1457_angry.jpg,3
train_1457_disgust.jpg,4
train_1457_fear.jpg,5
train_1457_happy.jpg,0
train_1457_neutral.jpg,6
train_1457_sad.jpg,2
train_1457_surprise.jpg,1
train_1458_angry.jpg,3
train_1458_disgust.jpg,4
train_1458_fear.jpg,5
train_1458_happy.jpg,0
train_1458_neutral.jpg,6
train_1458_sad.jpg,2
train_1458_surprise.jpg,1
train_1459_angry.jpg,3
train_1459_disgust.jpg,4
train_1459_fear.jpg,5
train_1459_happy.jpg,0
train_1459_neutral.jpg,6
train_1459_sad.jpg,2
train_1459_surprise.jpg,1
train_145_angry.jpg,3
train_145_disgust.jpg,4
train_145_fear.jpg,5
train_145_happy.png,0
train_145_neutral.png,6
train_145_sad.jpg,2
train_145_surprise.jpg,1
train_1460_angry.jpg,3
train_1460_disgust.jpg,4
train_1460_fear.jpg,5
train_1460_happy.jpg,0
train_1460_neutral.jpg,6
train_1460_sad.jpg,2
train_1460_surprise.jpg,1
train_1461_angry.jpg,3
train_1461_disgust.jpg,4
train_1461_fear.jpg,5
train_1461_happy.jpg,0
train_1461_neutral.jpg,6
train_1461_sad.jpg,2
train_1461_surprise.jpg,1
train_1462_angry.jpg,3
train_1462_disgust.jpg,4
train_1462_fear.jpg,5
train_1462_happy.jpg,0
train_1462_neutral.jpg,6
train_1462_sad.jpg,2
train_1462_surprise.jpg,1
train_1463_angry.jpg,3
train_1463_disgust.jpg,4
train_1463_fear.jpg,5
train_1463_happy.jpg,0
train_1463_neutral.jpg,6
train_1463_sad.jpg,2
train_1463_surprise.jpg,1
train_1464_angry.jpg,3
train_1464_disgust.jpg,4
train_1464_fear.jpg,5
train_1464_happy.jpg,0
train_1464_neutral.jpg,6
train_1464_sad.jpg,2
train_1464_surprise.jpg,1
train_1465_angry.jpg,3
train_1465_disgust.jpg,4
train_1465_fear.jpg,5
train_1465_happy.jpg,0
train_1465_neutral.jpg,6
train_1465_sad.jpg,2
train_1465_surprise.jpg,1
train_1466_angry.jpg,3
train_1466_disgust.jpg,4
train_1466_fear.jpg,5
train_1466_happy.jpg,0
train_1466_neutral.jpg,6
train_1466_sad.jpg,2
train_1466_surprise.jpg,1
train_1467_angry.jpg,3
train_1467_disgust.jpg,4
train_1467_fear.jpg,5
train_1467_happy.jpg,0
train_1467_neutral.jpg,6
train_1467_sad.jpg,2
train_1467_surprise.jpg,1
train_1468_angry.jpg,3
train_1468_disgust.jpg,4
train_1468_fear.jpg,5
train_1468_happy.jpg,0
train_1468_neutral.jpg,6
train_1468_sad.jpg,2
train_1468_surprise.jpg,1
train_1469_angry.jpg,3
train_1469_disgust.jpg,4
train_1469_fear.jpg,5
train_1469_happy.jpg,0
train_1469_neutral.jpg,6
train_1469_sad.jpg,2
train_1469_surprise.jpg,1
train_146_angry.jpg,3
train_146_disgust.jpg,4
train_146_fear.jpg,5
train_146_happy.png,0
train_146_neutral.png,6
train_146_sad.jpg,2
train_146_surprise.jpg,1
train_1470_angry.jpg,3
train_1470_disgust.jpg,4
train_1470_fear.jpg,5
train_1470_happy.jpg,0
train_1470_neutral.jpg,6
train_1470_sad.jpg,2
train_1470_surprise.jpg,1
train_1471_angry.jpg,3
train_1471_disgust.jpg,4
train_1471_fear.jpg,5
train_1471_happy.jpg,0
train_1471_neutral.jpg,6
train_1471_sad.jpg,2
train_1471_surprise.jpg,1
train_1472_angry.jpg,3
train_1472_disgust.jpg,4
train_1472_fear.jpg,5
train_1472_happy.jpg,0
train_1472_neutral.jpg,6
train_1472_sad.jpg,2
train_1472_surprise.jpg,1
train_1473_angry.jpg,3
train_1473_disgust.jpg,4
train_1473_fear.jpg,5
train_1473_happy.jpg,0
train_1473_neutral.jpg,6
train_1473_sad.jpg,2
train_1473_surprise.jpg,1
train_1474_angry.jpg,3
train_1474_disgust.jpg,4
train_1474_fear.jpg,5
train_1474_happy.jpg,0
train_1474_neutral.jpg,6
train_1474_sad.jpg,2
train_1474_surprise.jpg,1
train_1475_angry.jpg,3
train_1475_disgust.jpg,4
train_1475_fear.jpg,5
train_1475_happy.jpg,0
train_1475_neutral.jpg,6
train_1475_sad.jpg,2
train_1475_surprise.jpg,1
train_1476_angry.jpg,3
train_1476_disgust.jpg,4
train_1476_fear.jpg,5
train_1476_happy.jpg,0
train_1476_neutral.jpg,6
train_1476_sad.jpg,2
train_1476_surprise.jpg,1
train_1477_angry.jpg,3
train_1477_disgust.jpg,4
train_1477_fear.jpg,5
train_1477_happy.jpg,0
train_1477_neutral.jpg,6
train_1477_sad.jpg,2
train_1477_surprise.jpg,1
train_1478_angry.jpg,3
train_1478_disgust.jpg,4
train_1478_fear.jpg,5
train_1478_happy.jpg,0
train_1478_neutral.jpg,6
train_1478_sad.jpg,2
train_1478_surprise.jpg,1
train_1479_angry.jpg,3
train_1479_disgust.jpg,4
train_1479_fear.jpg,5
train_1479_happy.jpg,0
train_1479_neutral.jpg,6
train_1479_sad.jpg,2
train_1479_surprise.jpg,1
train_147_angry.jpg,3
train_147_disgust.jpg,4
train_147_fear.jpg,5
train_147_happy.png,0
train_147_neutral.png,6
train_147_sad.jpg,2
train_147_surprise.jpg,1
train_1480_angry.jpg,3
train_1480_disgust.jpg,4
train_1480_fear.jpg,5
train_1480_happy.jpg,0
train_1480_neutral.jpg,6
train_1480_sad.jpg,2
train_1480_surprise.jpg,1
train_1481_angry.jpg,3
train_1481_disgust.jpg,4
train_1481_fear.jpg,5
train_1481_happy.jpg,0
train_1481_neutral.jpg,6
train_1481_sad.jpg,2
train_1481_surprise.jpg,1
train_1482_angry.jpg,3
train_1482_disgust.jpg,4
train_1482_fear.jpg,5
train_1482_happy.jpg,0
train_1482_neutral.jpg,6
train_1482_sad.jpg,2
train_1482_surprise.jpg,1
train_1483_angry.jpg,3
train_1483_disgust.jpg,4
train_1483_fear.jpg,5
train_1483_happy.jpg,0
train_1483_neutral.jpg,6
train_1483_sad.jpg,2
train_1483_surprise.jpg,1
train_1484_angry.jpg,3
train_1484_disgust.jpg,4
train_1484_fear.jpg,5
train_1484_happy.jpg,0
train_1484_neutral.jpg,6
train_1484_sad.jpg,2
train_1484_surprise.jpg,1
train_1485_angry.jpg,3
train_1485_disgust.jpg,4
train_1485_fear.jpg,5
train_1485_happy.jpg,0
train_1485_neutral.jpg,6
train_1485_sad.jpg,2
train_1485_surprise.jpg,1
train_1486_angry.jpg,3
train_1486_disgust.jpg,4
train_1486_fear.jpg,5
train_1486_happy.jpg,0
train_1486_neutral.jpg,6
train_1486_sad.jpg,2
train_1486_surprise.jpg,1
train_1487_angry.jpg,3
train_1487_disgust.jpg,4
train_1487_fear.jpg,5
train_1487_happy.jpg,0
train_1487_neutral.jpg,6
train_1487_sad.jpg,2
train_1487_surprise.jpg,1
train_1488_angry.jpg,3
train_1488_disgust.jpg,4
train_1488_fear.jpg,5
train_1488_happy.jpg,0
train_1488_neutral.jpg,6
train_1488_sad.jpg,2
train_1488_surprise.jpg,1
train_1489_angry.jpg,3
train_1489_disgust.jpg,4
train_1489_fear.jpg,5
train_1489_happy.jpg,0
train_1489_neutral.jpg,6
train_1489_sad.jpg,2
train_1489_surprise.jpg,1
train_148_angry.jpg,3
train_148_disgust.jpg,4
train_148_fear.jpg,5
train_148_happy.png,0
train_148_neutral.png,6
train_148_sad.jpg,2
train_148_surprise.jpg,1
train_1490_angry.jpg,3
train_1490_disgust.jpg,4
train_1490_fear.jpg,5
train_1490_happy.jpg,0
train_1490_neutral.jpg,6
train_1490_sad.jpg,2
train_1490_surprise.jpg,1
train_1491_angry.jpg,3
train_1491_disgust.jpg,4
train_1491_fear.jpg,5
train_1491_happy.jpg,0
train_1491_neutral.jpg,6
train_1491_sad.jpg,2
train_1491_surprise.jpg,1
train_1492_angry.jpg,3
train_1492_disgust.jpg,4
train_1492_fear.jpg,5
train_1492_happy.jpg,0
train_1492_neutral.jpg,6
train_1492_sad.jpg,2
train_1492_surprise.jpg,1
train_1493_angry.jpg,3
train_1493_disgust.jpg,4
train_1493_fear.jpg,5
train_1493_happy.jpg,0
train_1493_neutral.jpg,6
train_1493_sad.jpg,2
train_1493_surprise.jpg,1
train_1494_angry.jpg,3
train_1494_disgust.jpg,4
train_1494_fear.jpg,5
train_1494_happy.jpg,0
train_1494_neutral.jpg,6
train_1494_sad.jpg,2
train_1494_surprise.jpg,1
train_1495_angry.jpg,3
train_1495_disgust.jpg,4
train_1495_fear.jpg,5
train_1495_happy.jpg,0
train_1495_neutral.jpg,6
train_1495_sad.jpg,2
train_1495_surprise.jpg,1
train_1496_angry.jpg,3
train_1496_disgust.jpg,4
train_1496_fear.jpg,5
train_1496_happy.jpg,0
train_1496_neutral.jpg,6
train_1496_sad.jpg,2
train_1496_surprise.jpg,1
train_1497_angry.jpg,3
train_1497_disgust.jpg,4
train_1497_fear.jpg,5
train_1497_happy.jpg,0
train_1497_neutral.jpg,6
train_1497_sad.jpg,2
train_1497_surprise.jpg,1
train_1498_angry.jpg,3
train_1498_disgust.jpg,4
train_1498_fear.jpg,5
train_1498_happy.jpg,0
train_1498_neutral.jpg,6
train_1498_sad.jpg,2
train_1498_surprise.jpg,1
train_1499_angry.jpg,3
train_1499_disgust.jpg,4
train_1499_fear.jpg,5
train_1499_happy.jpg,0
train_1499_neutral.jpg,6
train_1499_sad.jpg,2
train_1499_surprise.jpg,1
train_149_angry.jpg,3
train_149_disgust.jpg,4
train_149_fear.jpg,5
train_149_happy.png,0
train_149_neutral.png,6
train_149_sad.jpg,2
train_149_surprise.jpg,1
train_14_angry.jpg,3
train_14_disgust.jpg,4
train_14_fear.jpg,5
train_14_happy.png,0
train_14_neutral.png,6
train_14_sad.jpg,2
train_14_surprise.jpg,1
train_1500_angry.jpg,3
train_1500_disgust.jpg,4
train_1500_fear.jpg,5
train_1500_happy.jpg,0
train_1500_neutral.jpg,6
train_1500_sad.jpg,2
train_1500_surprise.jpg,1
train_1501_angry.jpg,3
train_1501_disgust.jpg,4
train_1501_fear.jpg,5
train_1501_happy.jpg,0
train_1501_neutral.jpg,6
train_1501_sad.jpg,2
train_1501_surprise.jpg,1
train_1502_angry.jpg,3
train_1502_disgust.jpg,4
train_1502_fear.jpg,5
train_1502_happy.jpg,0
train_1502_neutral.jpg,6
train_1502_sad.jpg,2
train_1502_surprise.jpg,1
train_1503_angry.jpg,3
train_1503_disgust.jpg,4
train_1503_fear.jpg,5
train_1503_happy.jpg,0
train_1503_neutral.jpg,6
train_1503_sad.jpg,2
train_1503_surprise.jpg,1
train_1504_angry.jpg,3
train_1504_disgust.jpg,4
train_1504_fear.jpg,5
train_1504_happy.jpg,0
train_1504_neutral.jpg,6
train_1504_sad.jpg,2
train_1504_surprise.jpg,1
train_1505_angry.jpg,3
train_1505_disgust.jpg,4
train_1505_fear.jpg,5
train_1505_happy.jpg,0
train_1505_neutral.jpg,6
train_1505_sad.jpg,2
train_1505_surprise.jpg,1
train_1506_angry.jpg,3
train_1506_disgust.jpg,4
train_1506_fear.jpg,5
train_1506_happy.jpg,0
train_1506_neutral.jpg,6
train_1506_sad.jpg,2
train_1506_surprise.jpg,1
train_1507_angry.jpg,3
train_1507_disgust.jpg,4
train_1507_fear.jpg,5
train_1507_happy.jpg,0
train_1507_neutral.jpg,6
train_1507_sad.jpg,2
train_1507_surprise.jpg,1
train_1508_angry.jpg,3
train_1508_disgust.jpg,4
train_1508_fear.jpg,5
train_1508_happy.jpg,0
train_1508_neutral.jpg,6
train_1508_sad.jpg,2
train_1508_surprise.jpg,1
train_1509_angry.jpg,3
train_1509_disgust.jpg,4
train_1509_fear.jpg,5
train_1509_happy.jpg,0
train_1509_neutral.jpg,6
train_1509_sad.jpg,2
train_1509_surprise.jpg,1
train_150_angry.jpg,3
train_150_disgust.jpg,4
train_150_fear.jpg,5
train_150_happy.png,0
train_150_neutral.png,6
train_150_sad.jpg,2
train_150_surprise.jpg,1
train_1510_angry.jpg,3
train_1510_disgust.jpg,4
train_1510_fear.jpg,5
train_1510_happy.jpg,0
train_1510_neutral.jpg,6
train_1510_sad.jpg,2
train_1510_surprise.jpg,1
train_1511_angry.jpg,3
train_1511_disgust.jpg,4
train_1511_fear.jpg,5
train_1511_happy.jpg,0
train_1511_neutral.jpg,6
train_1511_sad.jpg,2
train_1511_surprise.jpg,1
train_1512_angry.jpg,3
train_1512_disgust.jpg,4
train_1512_fear.jpg,5
train_1512_happy.jpg,0
train_1512_neutral.jpg,6
train_1512_sad.jpg,2
train_1512_surprise.jpg,1
train_1513_angry.jpg,3
train_1513_disgust.jpg,4
train_1513_fear.jpg,5
train_1513_happy.jpg,0
train_1513_neutral.jpg,6
train_1513_sad.jpg,2
train_1513_surprise.jpg,1
train_1514_angry.jpg,3
train_1514_disgust.jpg,4
train_1514_fear.jpg,5
train_1514_happy.jpg,0
train_1514_neutral.jpg,6
train_1514_sad.jpg,2
train_1514_surprise.jpg,1
train_1515_angry.jpg,3
train_1515_disgust.jpg,4
train_1515_fear.jpg,5
train_1515_happy.jpg,0
train_1515_neutral.jpg,6
train_1515_sad.jpg,2
train_1515_surprise.jpg,1
train_1516_angry.jpg,3
train_1516_disgust.jpg,4
train_1516_fear.jpg,5
train_1516_happy.jpg,0
train_1516_neutral.jpg,6
train_1516_sad.jpg,2
train_1516_surprise.jpg,1
train_1517_angry.jpg,3
train_1517_disgust.jpg,4
train_1517_fear.jpg,5
train_1517_happy.jpg,0
train_1517_neutral.jpg,6
train_1517_sad.jpg,2
train_1517_surprise.jpg,1
train_1518_angry.jpg,3
train_1518_disgust.jpg,4
train_1518_fear.jpg,5
train_1518_happy.jpg,0
train_1518_neutral.jpg,6
train_1518_sad.jpg,2
train_1518_surprise.jpg,1
train_1519_angry.jpg,3
train_1519_disgust.jpg,4
train_1519_fear.jpg,5
train_1519_happy.jpg,0
train_1519_neutral.jpg,6
train_1519_sad.jpg,2
train_1519_surprise.jpg,1
train_151_angry.jpg,3
train_151_disgust.jpg,4
train_151_fear.jpg,5
train_151_happy.png,0
train_151_neutral.png,6
train_151_sad.jpg,2
train_151_surprise.jpg,1
train_1520_angry.jpg,3
train_1520_disgust.jpg,4
train_1520_fear.jpg,5
train_1520_happy.jpg,0
train_1520_neutral.jpg,6
train_1520_sad.jpg,2
train_1520_surprise.jpg,1
train_1521_angry.jpg,3
train_1521_disgust.jpg,4
train_1521_fear.jpg,5
train_1521_happy.jpg,0
train_1521_neutral.jpg,6
train_1521_sad.jpg,2
train_1521_surprise.jpg,1
train_1522_angry.jpg,3
train_1522_disgust.jpg,4
train_1522_fear.jpg,5
train_1522_happy.jpg,0
train_1522_neutral.jpg,6
train_1522_sad.jpg,2
train_1522_surprise.jpg,1
train_1523_angry.jpg,3
train_1523_disgust.jpg,4
train_1523_fear.jpg,5
train_1523_happy.jpg,0
train_1523_neutral.jpg,6
train_1523_sad.jpg,2
train_1523_surprise.jpg,1
train_1524_angry.jpg,3
train_1524_disgust.jpg,4
train_1524_fear.jpg,5
train_1524_happy.jpg,0
train_1524_neutral.jpg,6
train_1524_sad.jpg,2
train_1524_surprise.jpg,1
train_1525_angry.jpg,3
train_1525_disgust.jpg,4
train_1525_fear.jpg,5
train_1525_happy.jpg,0
train_1525_neutral.jpg,6
train_1525_sad.jpg,2
train_1525_surprise.jpg,1
train_1526_angry.jpg,3
train_1526_disgust.jpg,4
train_1526_fear.jpg,5
train_1526_happy.jpg,0
train_1526_neutral.jpg,6
train_1526_sad.jpg,2
train_1526_surprise.jpg,1
train_1527_angry.jpg,3
train_1527_disgust.jpg,4
train_1527_fear.jpg,5
train_1527_happy.jpg,0
train_1527_neutral.jpg,6
train_1527_sad.jpg,2
train_1527_surprise.jpg,1
train_1528_angry.jpg,3
train_1528_disgust.jpg,4
train_1528_fear.jpg,5
train_1528_happy.jpg,0
train_1528_neutral.jpg,6
train_1528_sad.jpg,2
train_1528_surprise.jpg,1
train_1529_angry.jpg,3
train_1529_disgust.jpg,4
train_1529_fear.jpg,5
train_1529_happy.jpg,0
train_1529_neutral.jpg,6
train_1529_sad.jpg,2
train_1529_surprise.jpg,1
train_152_angry.jpg,3
train_152_disgust.jpg,4
train_152_fear.jpg,5
train_152_happy.png,0
train_152_neutral.png,6
train_152_sad.jpg,2
train_152_surprise.jpg,1
train_1530_angry.jpg,3
train_1530_disgust.jpg,4
train_1530_fear.jpg,5
train_1530_happy.jpg,0
train_1530_neutral.jpg,6
train_1530_sad.jpg,2
train_1530_surprise.jpg,1
train_1531_angry.jpg,3
train_1531_disgust.jpg,4
train_1531_fear.jpg,5
train_1531_happy.jpg,0
train_1531_neutral.jpg,6
train_1531_sad.jpg,2
train_1531_surprise.jpg,1
train_1532_angry.jpg,3
train_1532_disgust.jpg,4
train_1532_fear.jpg,5
train_1532_happy.jpg,0
train_1532_neutral.jpg,6
train_1532_sad.jpg,2
train_1532_surprise.jpg,1
train_1533_angry.jpg,3
train_1533_disgust.jpg,4
train_1533_fear.jpg,5
train_1533_happy.jpg,0
train_1533_neutral.jpg,6
train_1533_sad.jpg,2
train_1533_surprise.jpg,1
train_1534_angry.jpg,3
train_1534_disgust.jpg,4
train_1534_fear.jpg,5
train_1534_happy.jpg,0
train_1534_neutral.jpg,6
train_1534_sad.jpg,2
train_1534_surprise.jpg,1
train_1535_angry.jpg,3
train_1535_disgust.jpg,4
train_1535_fear.jpg,5
train_1535_happy.jpg,0
train_1535_neutral.jpg,6
train_1535_sad.jpg,2
train_1535_surprise.jpg,1
train_1536_angry.jpg,3
train_1536_disgust.jpg,4
train_1536_fear.jpg,5
train_1536_happy.jpg,0
train_1536_neutral.jpg,6
train_1536_sad.jpg,2
train_1536_surprise.jpg,1
train_1537_angry.jpg,3
train_1537_disgust.jpg,4
train_1537_fear.jpg,5
train_1537_happy.jpg,0
train_1537_neutral.jpg,6
train_1537_sad.jpg,2
train_1537_surprise.jpg,1
train_1538_angry.jpg,3
train_1538_disgust.jpg,4
train_1538_fear.jpg,5
train_1538_happy.jpg,0
train_1538_neutral.jpg,6
train_1538_sad.jpg,2
train_1538_surprise.jpg,1
train_1539_angry.jpg,3
train_1539_disgust.jpg,4
train_1539_fear.jpg,5
train_1539_happy.jpg,0
train_1539_neutral.jpg,6
train_1539_sad.jpg,2
train_1539_surprise.jpg,1
train_153_angry.jpg,3
train_153_disgust.jpg,4
train_153_fear.jpg,5
train_153_happy.png,0
train_153_neutral.png,6
train_153_sad.jpg,2
train_153_surprise.jpg,1
train_1540_angry.jpg,3
train_1540_disgust.jpg,4
train_1540_fear.jpg,5
train_1540_happy.jpg,0
train_1540_neutral.jpg,6
train_1540_sad.jpg,2
train_1540_surprise.jpg,1
train_1541_angry.jpg,3
train_1541_disgust.jpg,4
train_1541_fear.jpg,5
train_1541_happy.jpg,0
train_1541_neutral.jpg,6
train_1541_sad.jpg,2
train_1541_surprise.jpg,1
train_1542_angry.jpg,3
train_1542_disgust.jpg,4
train_1542_fear.jpg,5
train_1542_happy.jpg,0
train_1542_neutral.jpg,6
train_1542_sad.jpg,2
train_1542_surprise.jpg,1
train_1543_angry.jpg,3
train_1543_disgust.jpg,4
train_1543_fear.jpg,5
train_1543_happy.jpg,0
train_1543_neutral.jpg,6
train_1543_sad.jpg,2
train_1543_surprise.jpg,1
train_1544_angry.jpg,3
train_1544_disgust.jpg,4
train_1544_fear.jpg,5
train_1544_happy.jpg,0
train_1544_neutral.jpg,6
train_1544_sad.jpg,2
train_1544_surprise.jpg,1
train_1545_angry.jpg,3
train_1545_disgust.jpg,4
train_1545_fear.jpg,5
train_1545_happy.jpg,0
train_1545_neutral.jpg,6
train_1545_sad.jpg,2
train_1545_surprise.jpg,1
train_1546_angry.jpg,3
train_1546_disgust.jpg,4
train_1546_fear.jpg,5
train_1546_happy.jpg,0
train_1546_neutral.jpg,6
train_1546_sad.jpg,2
train_1546_surprise.jpg,1
train_1547_angry.jpg,3
train_1547_disgust.jpg,4
train_1547_fear.jpg,5
train_1547_happy.jpg,0
train_1547_neutral.jpg,6
train_1547_sad.jpg,2
train_1547_surprise.jpg,1
train_1548_angry.jpg,3
train_1548_disgust.jpg,4
train_1548_fear.jpg,5
train_1548_happy.jpg,0
train_1548_neutral.jpg,6
train_1548_sad.jpg,2
train_1548_surprise.jpg,1
train_1549_angry.jpg,3
train_1549_disgust.jpg,4
train_1549_fear.jpg,5
train_1549_happy.jpg,0
train_1549_neutral.jpg,6
train_1549_sad.jpg,2
train_1549_surprise.jpg,1
train_154_angry.jpg,3
train_154_disgust.jpg,4
train_154_fear.jpg,5
train_154_happy.png,0
train_154_neutral.png,6
train_154_sad.jpg,2
train_154_surprise.jpg,1
train_1550_angry.jpg,3
train_1550_disgust.jpg,4
train_1550_fear.jpg,5
train_1550_happy.jpg,0
train_1550_neutral.jpg,6
train_1550_sad.jpg,2
train_1550_surprise.jpg,1
train_1551_angry.jpg,3
train_1551_disgust.jpg,4
train_1551_fear.jpg,5
train_1551_happy.jpg,0
train_1551_neutral.jpg,6
train_1551_sad.jpg,2
train_1551_surprise.jpg,1
train_1552_angry.jpg,3
train_1552_disgust.jpg,4
train_1552_fear.jpg,5
train_1552_happy.jpg,0
train_1552_neutral.jpg,6
train_1552_sad.jpg,2
train_1552_surprise.jpg,1
train_1553_angry.jpg,3
train_1553_disgust.jpg,4
train_1553_fear.jpg,5
train_1553_happy.jpg,0
train_1553_neutral.jpg,6
train_1553_sad.jpg,2
train_1553_surprise.jpg,1
train_1554_angry.jpg,3
train_1554_disgust.jpg,4
train_1554_fear.jpg,5
train_1554_happy.jpg,0
train_1554_neutral.jpg,6
train_1554_sad.jpg,2
train_1554_surprise.jpg,1
train_1555_angry.jpg,3
train_1555_disgust.jpg,4
train_1555_fear.jpg,5
train_1555_happy.jpg,0
train_1555_neutral.jpg,6
train_1555_sad.jpg,2
train_1555_surprise.jpg,1
train_1556_angry.jpg,3
train_1556_disgust.jpg,4
train_1556_fear.jpg,5
train_1556_happy.jpg,0
train_1556_neutral.jpg,6
train_1556_sad.jpg,2
train_1556_surprise.jpg,1
train_1557_angry.jpg,3
train_1557_disgust.jpg,4
train_1557_fear.jpg,5
train_1557_happy.jpg,0
train_1557_neutral.jpg,6
train_1557_sad.jpg,2
train_1557_surprise.jpg,1
train_1558_angry.jpg,3
train_1558_disgust.jpg,4
train_1558_fear.jpg,5
train_1558_happy.jpg,0
train_1558_neutral.jpg,6
train_1558_sad.jpg,2
train_1558_surprise.jpg,1
train_1559_angry.jpg,3
train_1559_disgust.jpg,4
train_1559_fear.jpg,5
train_1559_happy.jpg,0
train_1559_neutral.jpg,6
train_1559_sad.jpg,2
train_1559_surprise.jpg,1
train_155_angry.jpg,3
train_155_disgust.jpg,4
train_155_fear.jpg,5
train_155_happy.png,0
train_155_neutral.png,6
train_155_sad.jpg,2
train_155_surprise.jpg,1
train_1560_angry.jpg,3
train_1560_disgust.jpg,4
train_1560_fear.jpg,5
train_1560_happy.jpg,0
train_1560_neutral.jpg,6
train_1560_sad.jpg,2
train_1560_surprise.jpg,1
train_1561_angry.jpg,3
train_1561_disgust.jpg,4
train_1561_fear.jpg,5
train_1561_happy.jpg,0
train_1561_neutral.jpg,6
train_1561_sad.jpg,2
train_1561_surprise.jpg,1
train_1562_angry.jpg,3
train_1562_disgust.jpg,4
train_1562_fear.jpg,5
train_1562_happy.jpg,0
train_1562_neutral.jpg,6
train_1562_sad.jpg,2
train_1562_surprise.jpg,1
train_1563_angry.jpg,3
train_1563_disgust.jpg,4
train_1563_fear.jpg,5
train_1563_happy.jpg,0
train_1563_neutral.jpg,6
train_1563_sad.jpg,2
train_1563_surprise.jpg,1
train_1564_angry.jpg,3
train_1564_disgust.jpg,4
train_1564_fear.jpg,5
train_1564_happy.jpg,0
train_1564_neutral.jpg,6
train_1564_sad.jpg,2
train_1564_surprise.jpg,1
train_1565_angry.jpg,3
train_1565_disgust.jpg,4
train_1565_fear.jpg,5
train_1565_happy.jpg,0
train_1565_neutral.jpg,6
train_1565_sad.jpg,2
train_1565_surprise.jpg,1
train_1566_angry.jpg,3
train_1566_disgust.jpg,4
train_1566_fear.jpg,5
train_1566_happy.jpg,0
train_1566_neutral.jpg,6
train_1566_sad.jpg,2
train_1566_surprise.jpg,1
train_1567_angry.jpg,3
train_1567_disgust.jpg,4
train_1567_fear.jpg,5
train_1567_happy.jpg,0
train_1567_neutral.jpg,6
train_1567_sad.jpg,2
train_1567_surprise.jpg,1
train_1568_angry.jpg,3
train_1568_disgust.jpg,4
train_1568_fear.jpg,5
train_1568_happy.jpg,0
train_1568_neutral.jpg,6
train_1568_sad.jpg,2
train_1568_surprise.jpg,1
train_1569_angry.jpg,3
train_1569_disgust.jpg,4
train_1569_fear.jpg,5
train_1569_happy.jpg,0
train_1569_neutral.jpg,6
train_1569_sad.jpg,2
train_1569_surprise.jpg,1
train_156_angry.jpg,3
train_156_disgust.jpg,4
train_156_fear.jpg,5
train_156_happy.png,0
train_156_neutral.png,6
train_156_sad.jpg,2
train_156_surprise.jpg,1
train_1570_angry.jpg,3
train_1570_disgust.jpg,4
train_1570_fear.jpg,5
train_1570_happy.jpg,0
train_1570_neutral.jpg,6
train_1570_sad.jpg,2
train_1570_surprise.jpg,1
train_1571_angry.jpg,3
train_1571_disgust.jpg,4
train_1571_fear.jpg,5
train_1571_happy.jpg,0
train_1571_neutral.jpg,6
train_1571_sad.jpg,2
train_1571_surprise.jpg,1
train_1572_angry.jpg,3
train_1572_disgust.jpg,4
train_1572_fear.jpg,5
train_1572_happy.jpg,0
train_1572_neutral.jpg,6
train_1572_sad.jpg,2
train_1572_surprise.jpg,1
train_1573_angry.jpg,3
train_1573_disgust.jpg,4
train_1573_fear.jpg,5
train_1573_happy.jpg,0
train_1573_neutral.jpg,6
train_1573_sad.jpg,2
train_1573_surprise.jpg,1
train_1574_angry.jpg,3
train_1574_disgust.jpg,4
train_1574_fear.jpg,5
train_1574_happy.jpg,0
train_1574_neutral.jpg,6
train_1574_sad.jpg,2
train_1574_surprise.jpg,1
train_1575_angry.jpg,3
train_1575_disgust.jpg,4
train_1575_fear.jpg,5
train_1575_happy.jpg,0
train_1575_neutral.jpg,6
train_1575_sad.jpg,2
train_1575_surprise.jpg,1
train_1576_angry.jpg,3
train_1576_disgust.jpg,4
train_1576_fear.jpg,5
train_1576_happy.jpg,0
train_1576_neutral.jpg,6
train_1576_sad.jpg,2
train_1576_surprise.jpg,1
train_1577_angry.jpg,3
train_1577_disgust.jpg,4
train_1577_fear.jpg,5
train_1577_happy.jpg,0
train_1577_neutral.jpg,6
train_1577_sad.jpg,2
train_1577_surprise.jpg,1
train_1578_angry.jpg,3
train_1578_disgust.jpg,4
train_1578_fear.jpg,5
train_1578_happy.jpg,0
train_1578_neutral.jpg,6
train_1578_sad.jpg,2
train_1578_surprise.jpg,1
train_1579_angry.jpg,3
train_1579_disgust.jpg,4
train_1579_fear.jpg,5
train_1579_happy.jpg,0
train_1579_neutral.jpg,6
train_1579_sad.jpg,2
train_1579_surprise.jpg,1
train_157_angry.jpg,3
train_157_disgust.jpg,4
train_157_fear.jpg,5
train_157_happy.png,0
train_157_neutral.png,6
train_157_sad.jpg,2
train_157_surprise.jpg,1
train_1580_angry.jpg,3
train_1580_disgust.jpg,4
train_1580_fear.jpg,5
train_1580_happy.jpg,0
train_1580_neutral.jpg,6
train_1580_sad.jpg,2
train_1580_surprise.jpg,1
train_1581_angry.jpg,3
train_1581_disgust.jpg,4
train_1581_fear.jpg,5
train_1581_happy.jpg,0
train_1581_neutral.jpg,6
train_1581_sad.jpg,2
train_1581_surprise.jpg,1
train_1582_angry.jpg,3
train_1582_disgust.jpg,4
train_1582_fear.jpg,5
train_1582_happy.jpg,0
train_1582_neutral.jpg,6
train_1582_sad.jpg,2
train_1582_surprise.jpg,1
train_1583_angry.jpg,3
train_1583_disgust.jpg,4
train_1583_fear.jpg,5
train_1583_happy.jpg,0
train_1583_neutral.jpg,6
train_1583_sad.jpg,2
train_1583_surprise.jpg,1
train_1584_angry.jpg,3
train_1584_disgust.jpg,4
train_1584_fear.jpg,5
train_1584_happy.jpg,0
train_1584_neutral.jpg,6
train_1584_sad.jpg,2
train_1584_surprise.jpg,1
train_1585_angry.jpg,3
train_1585_disgust.jpg,4
train_1585_fear.jpg,5
train_1585_happy.jpg,0
train_1585_neutral.jpg,6
train_1585_sad.jpg,2
train_1585_surprise.jpg,1
train_1586_angry.jpg,3
train_1586_disgust.jpg,4
train_1586_fear.jpg,5
train_1586_happy.jpg,0
train_1586_neutral.jpg,6
train_1586_sad.jpg,2
train_1586_surprise.jpg,1
train_1587_angry.jpg,3
train_1587_disgust.jpg,4
train_1587_fear.jpg,5
train_1587_happy.jpg,0
train_1587_neutral.jpg,6
train_1587_sad.jpg,2
train_1587_surprise.jpg,1
train_1588_angry.jpg,3
train_1588_disgust.jpg,4
train_1588_fear.jpg,5
train_1588_happy.jpg,0
train_1588_neutral.jpg,6
train_1588_sad.jpg,2
train_1588_surprise.jpg,1
train_1589_angry.jpg,3
train_1589_disgust.jpg,4
train_1589_fear.jpg,5
train_1589_happy.jpg,0
train_1589_neutral.jpg,6
train_1589_sad.jpg,2
train_1589_surprise.jpg,1
train_158_angry.jpg,3
train_158_disgust.jpg,4
train_158_fear.jpg,5
train_158_happy.png,0
train_158_neutral.png,6
train_158_sad.jpg,2
train_158_surprise.jpg,1
train_1590_angry.jpg,3
train_1590_disgust.jpg,4
train_1590_fear.jpg,5
train_1590_happy.jpg,0
train_1590_neutral.jpg,6
train_1590_sad.jpg,2
train_1590_surprise.jpg,1
train_1591_angry.jpg,3
train_1591_disgust.jpg,4
train_1591_fear.jpg,5
train_1591_happy.jpg,0
train_1591_neutral.jpg,6
train_1591_sad.jpg,2
train_1591_surprise.jpg,1
train_1592_angry.jpg,3
train_1592_disgust.jpg,4
train_1592_fear.jpg,5
train_1592_happy.jpg,0
train_1592_neutral.jpg,6
train_1592_sad.jpg,2
train_1592_surprise.jpg,1
train_1593_angry.jpg,3
train_1593_disgust.jpg,4
train_1593_fear.jpg,5
train_1593_happy.jpg,0
train_1593_neutral.jpg,6
train_1593_sad.jpg,2
train_1593_surprise.jpg,1
train_1594_angry.jpg,3
train_1594_disgust.jpg,4
train_1594_fear.jpg,5
train_1594_happy.jpg,0
train_1594_neutral.jpg,6
train_1594_sad.jpg,2
train_1594_surprise.jpg,1
train_1595_angry.jpg,3
train_1595_disgust.jpg,4
train_1595_fear.jpg,5
train_1595_happy.jpg,0
train_1595_neutral.jpg,6
train_1595_sad.jpg,2
train_1595_surprise.jpg,1
train_1596_angry.jpg,3
train_1596_disgust.jpg,4
train_1596_fear.jpg,5
train_1596_happy.jpg,0
train_1596_neutral.jpg,6
train_1596_sad.jpg,2
train_1596_surprise.jpg,1
train_1597_angry.jpg,3
train_1597_disgust.jpg,4
train_1597_fear.jpg,5
train_1597_happy.jpg,0
train_1597_neutral.jpg,6
train_1597_sad.jpg,2
train_1597_surprise.jpg,1
train_1598_angry.jpg,3
train_1598_disgust.jpg,4
train_1598_fear.jpg,5
train_1598_happy.jpg,0
train_1598_neutral.jpg,6
train_1598_sad.jpg,2
train_1598_surprise.jpg,1
train_1599_angry.jpg,3
train_1599_disgust.jpg,4
train_1599_fear.jpg,5
train_1599_happy.jpg,0
train_1599_neutral.jpg,6
train_1599_sad.jpg,2
train_1599_surprise.jpg,1
train_159_angry.jpg,3
train_159_disgust.jpg,4
train_159_fear.jpg,5
train_159_happy.png,0
train_159_neutral.png,6
train_159_sad.jpg,2
train_159_surprise.jpg,1
train_15_angry.jpg,3
train_15_disgust.jpg,4
train_15_fear.jpg,5
train_15_happy.png,0
train_15_neutral.png,6
train_15_sad.jpg,2
train_15_surprise.jpg,1
train_1600_angry.jpg,3
train_1600_disgust.jpg,4
train_1600_fear.jpg,5
train_1600_happy.jpg,0
train_1600_neutral.jpg,6
train_1600_sad.jpg,2
train_1600_surprise.jpg,1
train_1601_angry.jpg,3
train_1601_disgust.jpg,4
train_1601_fear.jpg,5
train_1601_happy.jpg,0
train_1601_neutral.jpg,6
train_1601_sad.jpg,2
train_1601_surprise.jpg,1
train_1602_angry.jpg,3
train_1602_disgust.jpg,4
train_1602_fear.jpg,5
train_1602_happy.jpg,0
train_1602_neutral.jpg,6
train_1602_sad.jpg,2
train_1602_surprise.jpg,1
train_1603_angry.jpg,3
train_1603_disgust.jpg,4
train_1603_fear.jpg,5
train_1603_happy.jpg,0
train_1603_neutral.jpg,6
train_1603_sad.jpg,2
train_1603_surprise.jpg,1
train_1604_angry.jpg,3
train_1604_disgust.jpg,4
train_1604_fear.jpg,5
train_1604_happy.jpg,0
train_1604_neutral.jpg,6
train_1604_sad.jpg,2
train_1604_surprise.jpg,1
train_1605_angry.jpg,3
train_1605_disgust.jpg,4
train_1605_fear.jpg,5
train_1605_happy.jpg,0
train_1605_neutral.jpg,6
train_1605_sad.jpg,2
train_1605_surprise.jpg,1
train_1606_angry.jpg,3
train_1606_disgust.jpg,4
train_1606_fear.jpg,5
train_1606_happy.jpg,0
train_1606_neutral.jpg,6
train_1606_sad.jpg,2
train_1606_surprise.jpg,1
train_1607_angry.jpg,3
train_1607_disgust.jpg,4
train_1607_fear.jpg,5
train_1607_happy.jpg,0
train_1607_neutral.jpg,6
train_1607_sad.jpg,2
train_1607_surprise.jpg,1
train_1608_angry.jpg,3
train_1608_disgust.jpg,4
train_1608_fear.jpg,5
train_1608_happy.jpg,0
train_1608_neutral.jpg,6
train_1608_sad.jpg,2
train_1608_surprise.jpg,1
train_1609_angry.jpg,3
train_1609_disgust.jpg,4
train_1609_fear.jpg,5
train_1609_happy.jpg,0
train_1609_neutral.jpg,6
train_1609_sad.jpg,2
train_1609_surprise.jpg,1
train_160_angry.jpg,3
train_160_disgust.jpg,4
train_160_fear.jpg,5
train_160_happy.png,0
train_160_neutral.png,6
train_160_sad.jpg,2
train_160_surprise.jpg,1
train_1610_angry.jpg,3
train_1610_disgust.jpg,4
train_1610_fear.jpg,5
train_1610_happy.jpg,0
train_1610_neutral.jpg,6
train_1610_sad.jpg,2
train_1610_surprise.jpg,1
train_1611_angry.jpg,3
train_1611_disgust.jpg,4
train_1611_fear.jpg,5
train_1611_happy.jpg,0
train_1611_neutral.jpg,6
train_1611_sad.jpg,2
train_1611_surprise.jpg,1
train_1612_angry.jpg,3
train_1612_disgust.jpg,4
train_1612_fear.jpg,5
train_1612_happy.jpg,0
train_1612_neutral.jpg,6
train_1612_sad.jpg,2
train_1612_surprise.jpg,1
train_1613_angry.jpg,3
train_1613_disgust.jpg,4
train_1613_fear.jpg,5
train_1613_happy.jpg,0
train_1613_neutral.jpg,6
train_1613_sad.jpg,2
train_1613_surprise.jpg,1
train_1614_angry.jpg,3
train_1614_disgust.jpg,4
train_1614_fear.jpg,5
train_1614_happy.jpg,0
train_1614_neutral.jpg,6
train_1614_sad.jpg,2
train_1614_surprise.jpg,1
train_1615_angry.jpg,3
train_1615_disgust.jpg,4
train_1615_fear.jpg,5
train_1615_happy.jpg,0
train_1615_neutral.jpg,6
train_1615_sad.jpg,2
train_1615_surprise.jpg,1
train_1616_angry.jpg,3
train_1616_disgust.jpg,4
train_1616_fear.jpg,5
train_1616_happy.jpg,0
train_1616_neutral.jpg,6
train_1616_sad.jpg,2
train_1616_surprise.jpg,1
train_1617_angry.jpg,3
train_1617_disgust.jpg,4
train_1617_fear.jpg,5
train_1617_happy.jpg,0
train_1617_neutral.jpg,6
train_1617_sad.jpg,2
train_1617_surprise.jpg,1
train_1618_angry.jpg,3
train_1618_disgust.jpg,4
train_1618_fear.jpg,5
train_1618_happy.jpg,0
train_1618_neutral.jpg,6
train_1618_sad.jpg,2
train_1618_surprise.jpg,1
train_1619_angry.jpg,3
train_1619_disgust.jpg,4
train_1619_fear.jpg,5
train_1619_happy.jpg,0
train_1619_neutral.jpg,6
train_1619_sad.jpg,2
train_1619_surprise.jpg,1
train_161_angry.jpg,3
train_161_disgust.jpg,4
train_161_fear.jpg,5
train_161_happy.png,0
train_161_neutral.png,6
train_161_sad.jpg,2
train_161_surprise.jpg,1
train_1620_angry.jpg,3
train_1620_disgust.jpg,4
train_1620_fear.jpg,5
train_1620_happy.jpg,0
train_1620_neutral.jpg,6
train_1620_sad.jpg,2
train_1620_surprise.jpg,1
train_1621_angry.jpg,3
train_1621_disgust.jpg,4
train_1621_fear.jpg,5
train_1621_happy.jpg,0
train_1621_neutral.jpg,6
train_1621_sad.jpg,2
train_1621_surprise.jpg,1
train_1622_angry.jpg,3
train_1622_disgust.jpg,4
train_1622_fear.jpg,5
train_1622_happy.jpg,0
train_1622_neutral.jpg,6
train_1622_sad.jpg,2
train_1622_surprise.jpg,1
train_1623_angry.jpg,3
train_1623_disgust.jpg,4
train_1623_fear.jpg,5
train_1623_happy.jpg,0
train_1623_neutral.jpg,6
train_1623_sad.jpg,2
train_1623_surprise.jpg,1
train_1624_angry.jpg,3
train_1624_disgust.jpg,4
train_1624_fear.jpg,5
train_1624_happy.jpg,0
train_1624_neutral.jpg,6
train_1624_sad.jpg,2
train_1624_surprise.jpg,1
train_1625_angry.jpg,3
train_1625_disgust.jpg,4
train_1625_fear.jpg,5
train_1625_happy.jpg,0
train_1625_neutral.jpg,6
train_1625_sad.jpg,2
train_1625_surprise.jpg,1
train_1626_angry.jpg,3
train_1626_disgust.jpg,4
train_1626_fear.jpg,5
train_1626_happy.jpg,0
train_1626_neutral.jpg,6
train_1626_sad.jpg,2
train_1626_surprise.jpg,1
train_1627_angry.jpg,3
train_1627_disgust.jpg,4
train_1627_fear.jpg,5
train_1627_happy.jpg,0
train_1627_neutral.jpg,6
train_1627_sad.jpg,2
train_1627_surprise.jpg,1
train_1628_angry.jpg,3
train_1628_disgust.jpg,4
train_1628_fear.jpg,5
train_1628_happy.jpg,0
train_1628_neutral.jpg,6
train_1628_sad.jpg,2
train_1628_surprise.jpg,1
train_1629_angry.jpg,3
train_1629_disgust.jpg,4
train_1629_fear.jpg,5
train_1629_happy.jpg,0
train_1629_neutral.jpg,6
train_1629_sad.jpg,2
train_1629_surprise.jpg,1
train_162_angry.jpg,3
train_162_disgust.jpg,4
train_162_fear.jpg,5
train_162_happy.png,0
train_162_neutral.png,6
train_162_sad.jpg,2
train_162_surprise.jpg,1
train_1630_angry.jpg,3
train_1630_disgust.jpg,4
train_1630_fear.jpg,5
train_1630_happy.jpg,0
train_1630_neutral.jpg,6
train_1630_sad.jpg,2
train_1630_surprise.jpg,1
train_1631_angry.jpg,3
train_1631_disgust.jpg,4
train_1631_fear.jpg,5
train_1631_happy.jpg,0
train_1631_neutral.jpg,6
train_1631_sad.jpg,2
train_1631_surprise.jpg,1
train_1632_angry.jpg,3
train_1632_disgust.jpg,4
train_1632_fear.jpg,5
train_1632_happy.jpg,0
train_1632_neutral.jpg,6
train_1632_sad.jpg,2
train_1632_surprise.jpg,1
train_1633_angry.jpg,3
train_1633_disgust.jpg,4
train_1633_fear.jpg,5
train_1633_happy.jpg,0
train_1633_neutral.jpg,6
train_1633_sad.jpg,2
train_1633_surprise.jpg,1
train_1634_angry.jpg,3
train_1634_disgust.jpg,4
train_1634_fear.jpg,5
train_1634_happy.jpg,0
train_1634_neutral.jpg,6
train_1634_sad.jpg,2
train_1634_surprise.jpg,1
train_1635_angry.jpg,3
train_1635_disgust.jpg,4
train_1635_fear.jpg,5
train_1635_happy.jpg,0
train_1635_neutral.jpg,6
train_1635_sad.jpg,2
train_1635_surprise.jpg,1
train_1636_angry.jpg,3
train_1636_disgust.jpg,4
train_1636_fear.jpg,5
train_1636_happy.jpg,0
train_1636_neutral.jpg,6
train_1636_sad.jpg,2
train_1636_surprise.jpg,1
train_1637_angry.jpg,3
train_1637_disgust.jpg,4
train_1637_fear.jpg,5
train_1637_happy.jpg,0
train_1637_neutral.jpg,6
train_1637_sad.jpg,2
train_1637_surprise.jpg,1
train_1638_angry.jpg,3
train_1638_disgust.jpg,4
train_1638_fear.jpg,5
train_1638_happy.jpg,0
train_1638_neutral.jpg,6
train_1638_sad.jpg,2
train_1638_surprise.jpg,1
train_1639_angry.jpg,3
train_1639_disgust.jpg,4
train_1639_fear.jpg,5
train_1639_happy.jpg,0
train_1639_neutral.jpg,6
train_1639_sad.jpg,2
train_1639_surprise.jpg,1
train_163_angry.jpg,3
train_163_disgust.jpg,4
train_163_fear.jpg,5
train_163_happy.png,0
train_163_neutral.png,6
train_163_sad.jpg,2
train_163_surprise.jpg,1
train_1640_angry.jpg,3
train_1640_disgust.jpg,4
train_1640_fear.jpg,5
train_1640_happy.jpg,0
train_1640_neutral.jpg,6
train_1640_sad.jpg,2
train_1640_surprise.jpg,1
train_1641_angry.jpg,3
train_1641_disgust.jpg,4
train_1641_fear.jpg,5
train_1641_happy.jpg,0
train_1641_neutral.jpg,6
train_1641_sad.jpg,2
train_1641_surprise.jpg,1
train_1642_angry.jpg,3
train_1642_disgust.jpg,4
train_1642_fear.jpg,5
train_1642_happy.jpg,0
train_1642_neutral.jpg,6
train_1642_sad.jpg,2
train_1642_surprise.jpg,1
train_1643_angry.jpg,3
train_1643_disgust.jpg,4
train_1643_fear.jpg,5
train_1643_happy.jpg,0
train_1643_neutral.jpg,6
train_1643_sad.jpg,2
train_1643_surprise.jpg,1
train_1644_angry.jpg,3
train_1644_disgust.jpg,4
train_1644_fear.jpg,5
train_1644_happy.jpg,0
train_1644_neutral.jpg,6
train_1644_sad.jpg,2
train_1644_surprise.jpg,1
train_1645_angry.jpg,3
train_1645_disgust.jpg,4
train_1645_fear.jpg,5
train_1645_happy.jpg,0
train_1645_neutral.jpg,6
train_1645_sad.jpg,2
train_1645_surprise.jpg,1
train_1646_angry.jpg,3
train_1646_disgust.jpg,4
train_1646_fear.jpg,5
train_1646_happy.jpg,0
train_1646_neutral.jpg,6
train_1646_sad.jpg,2
train_1646_surprise.jpg,1
train_1647_angry.jpg,3
train_1647_disgust.jpg,4
train_1647_fear.jpg,5
train_1647_happy.jpg,0
train_1647_neutral.jpg,6
train_1647_sad.jpg,2
train_1647_surprise.jpg,1
train_1648_angry.jpg,3
train_1648_disgust.jpg,4
train_1648_fear.jpg,5
train_1648_happy.jpg,0
train_1648_neutral.jpg,6
train_1648_sad.jpg,2
train_1648_surprise.jpg,1
train_1649_angry.jpg,3
train_1649_disgust.jpg,4
train_1649_fear.jpg,5
train_1649_happy.jpg,0
train_1649_neutral.jpg,6
train_1649_sad.jpg,2
train_1649_surprise.jpg,1
train_164_angry.jpg,3
train_164_disgust.jpg,4
train_164_fear.jpg,5
train_164_happy.png,0
train_164_neutral.png,6
train_164_sad.jpg,2
train_164_surprise.jpg,1
train_1650_angry.jpg,3
train_1650_disgust.jpg,4
train_1650_fear.jpg,5
train_1650_happy.jpg,0
train_1650_neutral.jpg,6
train_1650_sad.jpg,2
train_1650_surprise.jpg,1
train_1651_angry.jpg,3
train_1651_disgust.jpg,4
train_1651_fear.jpg,5
train_1651_happy.jpg,0
train_1651_neutral.jpg,6
train_1651_sad.jpg,2
train_1651_surprise.jpg,1
train_1652_angry.jpg,3
train_1652_disgust.jpg,4
train_1652_fear.jpg,5
train_1652_happy.jpg,0
train_1652_neutral.jpg,6
train_1652_sad.jpg,2
train_1652_surprise.jpg,1
train_1653_angry.jpg,3
train_1653_disgust.jpg,4
train_1653_fear.jpg,5
train_1653_happy.jpg,0
train_1653_neutral.jpg,6
train_1653_sad.jpg,2
train_1653_surprise.jpg,1
train_1654_angry.jpg,3
train_1654_disgust.jpg,4
train_1654_fear.jpg,5
train_1654_happy.jpg,0
train_1654_neutral.jpg,6
train_1654_sad.jpg,2
train_1654_surprise.jpg,1
train_1655_angry.jpg,3
train_1655_disgust.jpg,4
train_1655_fear.jpg,5
train_1655_happy.jpg,0
train_1655_neutral.jpg,6
train_1655_sad.jpg,2
train_1655_surprise.jpg,1
train_1656_angry.jpg,3
train_1656_disgust.jpg,4
train_1656_fear.jpg,5
train_1656_happy.jpg,0
train_1656_neutral.jpg,6
train_1656_sad.jpg,2
train_1656_surprise.jpg,1
train_1657_angry.jpg,3
train_1657_disgust.jpg,4
train_1657_fear.jpg,5
train_1657_happy.jpg,0
train_1657_neutral.jpg,6
train_1657_sad.jpg,2
train_1657_surprise.jpg,1
train_1658_angry.jpg,3
train_1658_disgust.jpg,4
train_1658_fear.jpg,5
train_1658_happy.jpg,0
train_1658_neutral.jpg,6
train_1658_sad.jpg,2
train_1658_surprise.jpg,1
train_1659_angry.jpg,3
train_1659_disgust.jpg,4
train_1659_fear.jpg,5
train_1659_happy.jpg,0
train_1659_neutral.jpg,6
train_1659_sad.jpg,2
train_1659_surprise.jpg,1
train_165_angry.jpg,3
train_165_disgust.jpg,4
train_165_fear.jpg,5
train_165_happy.png,0
train_165_neutral.png,6
train_165_sad.jpg,2
train_165_surprise.jpg,1
train_1660_angry.jpg,3
train_1660_disgust.jpg,4
train_1660_fear.jpg,5
train_1660_happy.jpg,0
train_1660_neutral.jpg,6
train_1660_sad.jpg,2
train_1660_surprise.jpg,1
train_1661_angry.jpg,3
train_1661_disgust.jpg,4
train_1661_fear.jpg,5
train_1661_happy.jpg,0
train_1661_neutral.jpg,6
train_1661_sad.jpg,2
train_1661_surprise.jpg,1
train_1662_angry.jpg,3
train_1662_disgust.jpg,4
train_1662_fear.jpg,5
train_1662_happy.jpg,0
train_1662_neutral.jpg,6
train_1662_sad.jpg,2
train_1662_surprise.jpg,1
train_1663_angry.jpg,3
train_1663_disgust.jpg,4
train_1663_fear.jpg,5
train_1663_happy.jpg,0
train_1663_neutral.jpg,6
train_1663_sad.jpg,2
train_1663_surprise.jpg,1
train_1664_angry.jpg,3
train_1664_disgust.jpg,4
train_1664_fear.jpg,5
train_1664_happy.jpg,0
train_1664_neutral.jpg,6
train_1664_sad.jpg,2
train_1664_surprise.jpg,1
train_1665_angry.jpg,3
train_1665_disgust.jpg,4
train_1665_fear.jpg,5
train_1665_happy.jpg,0
train_1665_neutral.jpg,6
train_1665_sad.jpg,2
train_1665_surprise.jpg,1
train_1666_angry.jpg,3
train_1666_disgust.jpg,4
train_1666_fear.jpg,5
train_1666_happy.jpg,0
train_1666_neutral.jpg,6
train_1666_sad.jpg,2
train_1666_surprise.jpg,1
train_1667_angry.jpg,3
train_1667_disgust.jpg,4
train_1667_fear.jpg,5
train_1667_happy.jpg,0
train_1667_neutral.jpg,6
train_1667_sad.jpg,2
train_1667_surprise.jpg,1
train_1668_angry.jpg,3
train_1668_disgust.jpg,4
train_1668_fear.jpg,5
train_1668_happy.jpg,0
train_1668_neutral.jpg,6
train_1668_sad.jpg,2
train_1668_surprise.jpg,1
train_1669_angry.jpg,3
train_1669_disgust.jpg,4
train_1669_fear.jpg,5
train_1669_happy.jpg,0
train_1669_neutral.jpg,6
train_1669_sad.jpg,2
train_1669_surprise.jpg,1
train_166_angry.jpg,3
train_166_disgust.jpg,4
train_166_fear.jpg,5
train_166_happy.png,0
train_166_neutral.png,6
train_166_sad.jpg,2
train_166_surprise.jpg,1
train_1670_angry.jpg,3
train_1670_disgust.jpg,4
train_1670_fear.jpg,5
train_1670_happy.jpg,0
train_1670_neutral.jpg,6
train_1670_sad.jpg,2
train_1670_surprise.jpg,1
train_1671_angry.jpg,3
train_1671_disgust.jpg,4
train_1671_fear.jpg,5
train_1671_happy.jpg,0
train_1671_neutral.jpg,6
train_1671_sad.jpg,2
train_1671_surprise.jpg,1
train_1672_angry.jpg,3
train_1672_disgust.jpg,4
train_1672_fear.jpg,5
train_1672_happy.jpg,0
train_1672_neutral.jpg,6
train_1672_sad.jpg,2
train_1672_surprise.jpg,1
train_1673_angry.jpg,3
train_1673_disgust.jpg,4
train_1673_fear.jpg,5
train_1673_happy.jpg,0
train_1673_neutral.jpg,6
train_1673_sad.jpg,2
train_1673_surprise.jpg,1
train_1674_angry.jpg,3
train_1674_disgust.jpg,4
train_1674_fear.jpg,5
train_1674_happy.jpg,0
train_1674_neutral.jpg,6
train_1674_sad.jpg,2
train_1674_surprise.jpg,1
train_1675_angry.jpg,3
train_1675_disgust.jpg,4
train_1675_fear.jpg,5
train_1675_happy.jpg,0
train_1675_neutral.jpg,6
train_1675_sad.jpg,2
train_1675_surprise.jpg,1
train_1676_angry.jpg,3
train_1676_disgust.jpg,4
train_1676_fear.jpg,5
train_1676_happy.jpg,0
train_1676_neutral.jpg,6
train_1676_sad.jpg,2
train_1676_surprise.jpg,1
train_1677_angry.jpg,3
train_1677_disgust.jpg,4
train_1677_fear.jpg,5
train_1677_happy.jpg,0
train_1677_neutral.jpg,6
train_1677_sad.jpg,2
train_1677_surprise.jpg,1
train_1678_angry.jpg,3
train_1678_disgust.jpg,4
train_1678_fear.jpg,5
train_1678_happy.jpg,0
train_1678_neutral.jpg,6
train_1678_sad.jpg,2
train_1678_surprise.jpg,1
train_1679_angry.jpg,3
train_1679_disgust.jpg,4
train_1679_fear.jpg,5
train_1679_happy.jpg,0
train_1679_neutral.jpg,6
train_1679_sad.jpg,2
train_1679_surprise.jpg,1
train_167_angry.jpg,3
train_167_disgust.jpg,4
train_167_fear.jpg,5
train_167_happy.png,0
train_167_neutral.png,6
train_167_sad.jpg,2
train_167_surprise.jpg,1
train_1680_angry.jpg,3
train_1680_disgust.jpg,4
train_1680_fear.jpg,5
train_1680_happy.jpg,0
train_1680_neutral.jpg,6
train_1680_sad.jpg,2
train_1680_surprise.jpg,1
train_1681_angry.jpg,3
train_1681_disgust.jpg,4
train_1681_fear.jpg,5
train_1681_happy.jpg,0
train_1681_neutral.jpg,6
train_1681_sad.jpg,2
train_1681_surprise.jpg,1
train_1682_angry.jpg,3
train_1682_disgust.jpg,4
train_1682_fear.jpg,5
train_1682_happy.jpg,0
train_1682_neutral.jpg,6
train_1682_sad.jpg,2
train_1682_surprise.jpg,1
train_1683_angry.jpg,3
train_1683_disgust.jpg,4
train_1683_fear.jpg,5
train_1683_happy.jpg,0
train_1683_neutral.jpg,6
train_1683_sad.jpg,2
train_1683_surprise.jpg,1
train_1684_angry.jpg,3
train_1684_disgust.jpg,4
train_1684_fear.jpg,5
train_1684_happy.jpg,0
train_1684_neutral.jpg,6
train_1684_sad.jpg,2
train_1684_surprise.jpg,1
train_1685_angry.jpg,3
train_1685_disgust.jpg,4
train_1685_fear.jpg,5
train_1685_happy.jpg,0
train_1685_neutral.jpg,6
train_1685_sad.jpg,2
train_1685_surprise.jpg,1
train_1686_angry.jpg,3
train_1686_disgust.jpg,4
train_1686_fear.jpg,5
train_1686_happy.jpg,0
train_1686_neutral.jpg,6
train_1686_sad.jpg,2
train_1686_surprise.jpg,1
train_1687_angry.jpg,3
train_1687_disgust.jpg,4
train_1687_fear.jpg,5
train_1687_happy.jpg,0
train_1687_neutral.jpg,6
train_1687_sad.jpg,2
train_1687_surprise.jpg,1
train_1688_angry.jpg,3
train_1688_disgust.jpg,4
train_1688_fear.jpg,5
train_1688_happy.jpg,0
train_1688_neutral.jpg,6
train_1688_sad.jpg,2
train_1688_surprise.jpg,1
train_1689_angry.jpg,3
train_1689_disgust.jpg,4
train_1689_fear.jpg,5
train_1689_happy.jpg,0
train_1689_neutral.jpg,6
train_1689_sad.jpg,2
train_1689_surprise.jpg,1
train_168_angry.jpg,3
train_168_disgust.jpg,4
train_168_fear.jpg,5
train_168_happy.png,0
train_168_neutral.png,6
train_168_sad.jpg,2
train_168_surprise.jpg,1
train_1690_angry.jpg,3
train_1690_disgust.jpg,4
train_1690_fear.jpg,5
train_1690_happy.jpg,0
train_1690_neutral.jpg,6
train_1690_sad.jpg,2
train_1690_surprise.jpg,1
train_1691_angry.jpg,3
train_1691_disgust.jpg,4
train_1691_fear.jpg,5
train_1691_happy.jpg,0
train_1691_neutral.jpg,6
train_1691_sad.jpg,2
train_1691_surprise.jpg,1
train_1692_angry.jpg,3
train_1692_disgust.jpg,4
train_1692_fear.jpg,5
train_1692_happy.jpg,0
train_1692_neutral.jpg,6
train_1692_sad.jpg,2
train_1692_surprise.jpg,1
train_1693_angry.jpg,3
train_1693_disgust.jpg,4
train_1693_fear.jpg,5
train_1693_happy.jpg,0
train_1693_neutral.jpg,6
train_1693_sad.jpg,2
train_1693_surprise.jpg,1
train_1694_angry.jpg,3
train_1694_disgust.jpg,4
train_1694_fear.jpg,5
train_1694_happy.jpg,0
train_1694_neutral.jpg,6
train_1694_sad.jpg,2
train_1694_surprise.jpg,1
train_1695_angry.jpg,3
train_1695_disgust.jpg,4
train_1695_fear.jpg,5
train_1695_happy.jpg,0
train_1695_neutral.jpg,6
train_1695_sad.jpg,2
train_1695_surprise.jpg,1
train_1696_angry.jpg,3
train_1696_disgust.jpg,4
train_1696_fear.jpg,5
train_1696_happy.jpg,0
train_1696_neutral.jpg,6
train_1696_sad.jpg,2
train_1696_surprise.jpg,1
train_1697_angry.jpg,3
train_1697_disgust.jpg,4
train_1697_fear.jpg,5
train_1697_happy.jpg,0
train_1697_neutral.jpg,6
train_1697_sad.jpg,2
train_1697_surprise.jpg,1
train_1698_angry.jpg,3
train_1698_disgust.jpg,4
train_1698_fear.jpg,5
train_1698_happy.jpg,0
train_1698_neutral.jpg,6
train_1698_sad.jpg,2
train_1698_surprise.jpg,1
train_1699_angry.jpg,3
train_1699_disgust.jpg,4
train_1699_fear.jpg,5
train_1699_happy.jpg,0
train_1699_neutral.jpg,6
train_1699_sad.jpg,2
train_1699_surprise.jpg,1
train_169_angry.jpg,3
train_169_disgust.jpg,4
train_169_fear.jpg,5
train_169_happy.png,0
train_169_neutral.png,6
train_169_sad.jpg,2
train_169_surprise.jpg,1
train_16_angry.jpg,3
train_16_disgust.jpg,4
train_16_fear.jpg,5
train_16_happy.png,0
train_16_neutral.png,6
train_16_sad.jpg,2
train_16_surprise.jpg,1
train_1700_angry.jpg,3
train_1700_disgust.jpg,4
train_1700_fear.jpg,5
train_1700_happy.jpg,0
train_1700_neutral.jpg,6
train_1700_sad.jpg,2
train_1700_surprise.jpg,1
train_1701_angry.jpg,3
train_1701_disgust.jpg,4
train_1701_fear.jpg,5
train_1701_happy.jpg,0
train_1701_neutral.jpg,6
train_1701_sad.jpg,2
train_1701_surprise.jpg,1
train_1702_angry.jpg,3
train_1702_disgust.jpg,4
train_1702_fear.jpg,5
train_1702_happy.jpg,0
train_1702_neutral.jpg,6
train_1702_sad.jpg,2
train_1702_surprise.jpg,1
train_1703_angry.jpg,3
train_1703_disgust.jpg,4
train_1703_fear.jpg,5
train_1703_happy.jpg,0
train_1703_neutral.jpg,6
train_1703_sad.jpg,2
train_1703_surprise.jpg,1
train_1704_angry.jpg,3
train_1704_disgust.jpg,4
train_1704_fear.jpg,5
train_1704_happy.jpg,0
train_1704_neutral.jpg,6
train_1704_sad.jpg,2
train_1704_surprise.jpg,1
train_1705_angry.jpg,3
train_1705_disgust.jpg,4
train_1705_fear.jpg,5
train_1705_happy.jpg,0
train_1705_neutral.jpg,6
train_1705_sad.jpg,2
train_1705_surprise.jpg,1
train_1706_angry.jpg,3
train_1706_disgust.jpg,4
train_1706_fear.jpg,5
train_1706_happy.jpg,0
train_1706_neutral.jpg,6
train_1706_sad.jpg,2
train_1706_surprise.jpg,1
train_1707_angry.jpg,3
train_1707_disgust.jpg,4
train_1707_fear.jpg,5
train_1707_happy.jpg,0
train_1707_neutral.jpg,6
train_1707_sad.jpg,2
train_1707_surprise.jpg,1
train_1708_angry.jpg,3
train_1708_disgust.jpg,4
train_1708_fear.jpg,5
train_1708_happy.jpg,0
train_1708_neutral.jpg,6
train_1708_sad.jpg,2
train_1708_surprise.jpg,1
train_1709_angry.jpg,3
train_1709_disgust.jpg,4
train_1709_fear.jpg,5
train_1709_happy.jpg,0
train_1709_neutral.jpg,6
train_1709_sad.jpg,2
train_1709_surprise.jpg,1
train_170_angry.jpg,3
train_170_disgust.jpg,4
train_170_fear.jpg,5
train_170_happy.png,0
train_170_neutral.png,6
train_170_sad.jpg,2
train_170_surprise.jpg,1
train_1710_angry.jpg,3
train_1710_disgust.jpg,4
train_1710_fear.jpg,5
train_1710_happy.jpg,0
train_1710_neutral.jpg,6
train_1710_sad.jpg,2
train_1710_surprise.jpg,1
train_1711_angry.jpg,3
train_1711_disgust.jpg,4
train_1711_fear.jpg,5
train_1711_happy.jpg,0
train_1711_neutral.jpg,6
train_1711_sad.jpg,2
train_1711_surprise.jpg,1
train_1712_angry.jpg,3
train_1712_disgust.jpg,4
train_1712_fear.jpg,5
train_1712_happy.jpg,0
train_1712_neutral.jpg,6
train_1712_sad.jpg,2
train_1712_surprise.jpg,1
train_1713_angry.jpg,3
train_1713_disgust.jpg,4
train_1713_fear.jpg,5
train_1713_happy.jpg,0
train_1713_neutral.jpg,6
train_1713_sad.jpg,2
train_1713_surprise.jpg,1
train_1714_angry.jpg,3
train_1714_disgust.jpg,4
train_1714_fear.jpg,5
train_1714_happy.jpg,0
train_1714_neutral.jpg,6
train_1714_sad.jpg,2
train_1714_surprise.jpg,1
train_1715_angry.jpg,3
train_1715_disgust.jpg,4
train_1715_fear.jpg,5
train_1715_happy.jpg,0
train_1715_neutral.jpg,6
train_1715_sad.jpg,2
train_1715_surprise.jpg,1
train_1716_angry.jpg,3
train_1716_disgust.jpg,4
train_1716_fear.jpg,5
train_1716_happy.jpg,0
train_1716_neutral.jpg,6
train_1716_sad.jpg,2
train_1716_surprise.jpg,1
train_1717_angry.jpg,3
train_1717_disgust.jpg,4
train_1717_fear.jpg,5
train_1717_happy.jpg,0
train_1717_neutral.jpg,6
train_1717_sad.jpg,2
train_1717_surprise.jpg,1
train_1718_angry.jpg,3
train_1718_disgust.jpg,4
train_1718_fear.jpg,5
train_1718_happy.jpg,0
train_1718_neutral.jpg,6
train_1718_sad.jpg,2
train_1718_surprise.jpg,1
train_1719_angry.jpg,3
train_1719_disgust.jpg,4
train_1719_fear.jpg,5
train_1719_happy.jpg,0
train_1719_neutral.jpg,6
train_1719_sad.jpg,2
train_1719_surprise.jpg,1
train_171_angry.jpg,3
train_171_disgust.jpg,4
train_171_fear.jpg,5
train_171_happy.png,0
train_171_neutral.png,6
train_171_sad.jpg,2
train_171_surprise.jpg,1
train_1720_angry.jpg,3
train_1720_disgust.jpg,4
train_1720_fear.jpg,5
train_1720_happy.jpg,0
train_1720_neutral.jpg,6
train_1720_sad.jpg,2
train_1720_surprise.jpg,1
train_1721_angry.jpg,3
train_1721_disgust.jpg,4
train_1721_fear.jpg,5
train_1721_happy.jpg,0
train_1721_neutral.jpg,6
train_1721_sad.jpg,2
train_1721_surprise.jpg,1
train_1722_angry.jpg,3
train_1722_disgust.jpg,4
train_1722_fear.jpg,5
train_1722_happy.jpg,0
train_1722_neutral.jpg,6
train_1722_sad.jpg,2
train_1722_surprise.jpg,1
train_1723_angry.jpg,3
train_1723_disgust.jpg,4
train_1723_fear.jpg,5
train_1723_happy.jpg,0
train_1723_neutral.jpg,6
train_1723_sad.jpg,2
train_1723_surprise.jpg,1
train_1724_angry.jpg,3
train_1724_disgust.jpg,4
train_1724_fear.jpg,5
train_1724_happy.jpg,0
train_1724_neutral.jpg,6
train_1724_sad.jpg,2
train_1724_surprise.jpg,1
train_1725_angry.jpg,3
train_1725_disgust.jpg,4
train_1725_fear.jpg,5
train_1725_happy.jpg,0
train_1725_neutral.jpg,6
train_1725_sad.jpg,2
train_1725_surprise.jpg,1
train_1726_angry.jpg,3
train_1726_disgust.jpg,4
train_1726_fear.jpg,5
train_1726_happy.jpg,0
train_1726_neutral.jpg,6
train_1726_sad.jpg,2
train_1726_surprise.jpg,1
train_1727_angry.jpg,3
train_1727_disgust.jpg,4
train_1727_fear.jpg,5
train_1727_happy.jpg,0
train_1727_neutral.jpg,6
train_1727_sad.jpg,2
train_1727_surprise.jpg,1
train_1728_angry.jpg,3
train_1728_disgust.jpg,4
train_1728_fear.jpg,5
train_1728_happy.jpg,0
train_1728_neutral.jpg,6
train_1728_sad.jpg,2
train_1728_surprise.jpg,1
train_1729_angry.jpg,3
train_1729_disgust.jpg,4
train_1729_fear.jpg,5
train_1729_happy.jpg,0
train_1729_neutral.jpg,6
train_1729_sad.jpg,2
train_1729_surprise.jpg,1
train_172_angry.jpg,3
train_172_disgust.jpg,4
train_172_fear.jpg,5
train_172_happy.png,0
train_172_neutral.png,6
train_172_sad.jpg,2
train_172_surprise.jpg,1
train_1730_angry.jpg,3
train_1730_disgust.jpg,4
train_1730_fear.jpg,5
train_1730_happy.jpg,0
train_1730_neutral.jpg,6
train_1730_sad.jpg,2
train_1730_surprise.jpg,1
train_1731_angry.jpg,3
train_1731_disgust.jpg,4
train_1731_fear.jpg,5
train_1731_happy.jpg,0
train_1731_neutral.jpg,6
train_1731_sad.jpg,2
train_1731_surprise.jpg,1
train_1732_angry.jpg,3
train_1732_disgust.jpg,4
train_1732_fear.jpg,5
train_1732_happy.jpg,0
train_1732_neutral.jpg,6
train_1732_sad.jpg,2
train_1732_surprise.jpg,1
train_1733_angry.jpg,3
train_1733_disgust.jpg,4
train_1733_fear.jpg,5
train_1733_happy.jpg,0
train_1733_neutral.jpg,6
train_1733_sad.jpg,2
train_1733_surprise.jpg,1
train_1734_angry.jpg,3
train_1734_disgust.jpg,4
train_1734_fear.jpg,5
train_1734_happy.jpg,0
train_1734_neutral.jpg,6
train_1734_sad.jpg,2
train_1734_surprise.jpg,1
train_1735_angry.jpg,3
train_1735_disgust.jpg,4
train_1735_fear.jpg,5
train_1735_happy.jpg,0
train_1735_neutral.jpg,6
train_1735_sad.jpg,2
train_1735_surprise.jpg,1
train_1736_angry.jpg,3
train_1736_disgust.jpg,4
train_1736_fear.jpg,5
train_1736_happy.jpg,0
train_1736_neutral.jpg,6
train_1736_sad.jpg,2
train_1736_surprise.jpg,1
train_1737_angry.jpg,3
train_1737_disgust.jpg,4
train_1737_fear.jpg,5
train_1737_happy.jpg,0
train_1737_neutral.jpg,6
train_1737_sad.jpg,2
train_1737_surprise.jpg,1
train_1738_angry.jpg,3
train_1738_disgust.jpg,4
train_1738_fear.jpg,5
train_1738_happy.jpg,0
train_1738_neutral.jpg,6
train_1738_sad.jpg,2
train_1738_surprise.jpg,1
train_1739_angry.jpg,3
train_1739_disgust.jpg,4
train_1739_fear.jpg,5
train_1739_happy.jpg,0
train_1739_neutral.jpg,6
train_1739_sad.jpg,2
train_1739_surprise.jpg,1
train_173_angry.jpg,3
train_173_disgust.jpg,4
train_173_fear.jpg,5
train_173_happy.png,0
train_173_neutral.png,6
train_173_sad.jpg,2
train_173_surprise.jpg,1
train_1740_angry.jpg,3
train_1740_disgust.jpg,4
train_1740_fear.jpg,5
train_1740_happy.jpg,0
train_1740_neutral.jpg,6
train_1740_sad.jpg,2
train_1740_surprise.jpg,1
train_1741_angry.jpg,3
train_1741_disgust.jpg,4
train_1741_fear.jpg,5
train_1741_happy.jpg,0
train_1741_neutral.jpg,6
train_1741_sad.jpg,2
train_1741_surprise.jpg,1
train_1742_angry.jpg,3
train_1742_disgust.jpg,4
train_1742_fear.jpg,5
train_1742_happy.jpg,0
train_1742_neutral.jpg,6
train_1742_sad.jpg,2
train_1742_surprise.jpg,1
train_1743_angry.jpg,3
train_1743_disgust.jpg,4
train_1743_fear.jpg,5
train_1743_happy.jpg,0
train_1743_neutral.jpg,6
train_1743_sad.jpg,2
train_1743_surprise.jpg,1
train_1744_angry.jpg,3
train_1744_disgust.jpg,4
train_1744_fear.jpg,5
train_1744_happy.jpg,0
train_1744_neutral.jpg,6
train_1744_sad.jpg,2
train_1744_surprise.jpg,1
train_1745_angry.jpg,3
train_1745_disgust.jpg,4
train_1745_fear.jpg,5
train_1745_happy.jpg,0
train_1745_neutral.jpg,6
train_1745_sad.jpg,2
train_1745_surprise.jpg,1
train_1746_angry.jpg,3
train_1746_disgust.jpg,4
train_1746_fear.jpg,5
train_1746_happy.jpg,0
train_1746_neutral.jpg,6
train_1746_sad.jpg,2
train_1746_surprise.jpg,1
train_1747_angry.jpg,3
train_1747_disgust.jpg,4
train_1747_fear.jpg,5
train_1747_happy.jpg,0
train_1747_neutral.jpg,6
train_1747_sad.jpg,2
train_1747_surprise.jpg,1
train_1748_angry.jpg,3
train_1748_disgust.jpg,4
train_1748_fear.jpg,5
train_1748_happy.jpg,0
train_1748_neutral.jpg,6
train_1748_sad.jpg,2
train_1748_surprise.jpg,1
train_1749_angry.jpg,3
train_1749_disgust.jpg,4
train_1749_fear.jpg,5
train_1749_happy.jpg,0
train_1749_neutral.jpg,6
train_1749_sad.jpg,2
train_1749_surprise.jpg,1
train_174_angry.jpg,3
train_174_disgust.jpg,4
train_174_fear.jpg,5
train_174_happy.png,0
train_174_neutral.png,6
train_174_sad.jpg,2
train_174_surprise.jpg,1
train_1750_angry.jpg,3
train_1750_disgust.jpg,4
train_1750_fear.jpg,5
train_1750_happy.jpg,0
train_1750_neutral.jpg,6
train_1750_sad.jpg,2
train_1750_surprise.jpg,1
train_1751_angry.jpg,3
train_1751_disgust.jpg,4
train_1751_fear.jpg,5
train_1751_happy.jpg,0
train_1751_neutral.jpg,6
train_1751_sad.jpg,2
train_1751_surprise.jpg,1
train_1752_angry.jpg,3
train_1752_disgust.jpg,4
train_1752_fear.jpg,5
train_1752_happy.jpg,0
train_1752_neutral.jpg,6
train_1752_sad.jpg,2
train_1752_surprise.jpg,1
train_1753_angry.jpg,3
train_1753_disgust.jpg,4
train_1753_fear.jpg,5
train_1753_happy.jpg,0
train_1753_neutral.jpg,6
train_1753_sad.jpg,2
train_1753_surprise.jpg,1
train_1754_angry.jpg,3
train_1754_disgust.jpg,4
train_1754_fear.jpg,5
train_1754_happy.jpg,0
train_1754_neutral.jpg,6
train_1754_sad.jpg,2
train_1754_surprise.jpg,1
train_1755_angry.jpg,3
train_1755_disgust.jpg,4
train_1755_fear.jpg,5
train_1755_happy.jpg,0
train_1755_neutral.jpg,6
train_1755_sad.jpg,2
train_1755_surprise.jpg,1
train_1756_angry.jpg,3
train_1756_disgust.jpg,4
train_1756_fear.jpg,5
train_1756_happy.jpg,0
train_1756_neutral.jpg,6
train_1756_sad.jpg,2
train_1756_surprise.jpg,1
train_1757_angry.jpg,3
train_1757_disgust.jpg,4
train_1757_fear.jpg,5
train_1757_happy.jpg,0
train_1757_neutral.jpg,6
train_1757_sad.jpg,2
train_1757_surprise.jpg,1
train_1758_angry.jpg,3
train_1758_disgust.jpg,4
train_1758_fear.jpg,5
train_1758_happy.jpg,0
train_1758_neutral.jpg,6
train_1758_sad.jpg,2
train_1758_surprise.jpg,1
train_1759_angry.jpg,3
train_1759_disgust.jpg,4
train_1759_fear.jpg,5
train_1759_happy.jpg,0
train_1759_neutral.jpg,6
train_1759_sad.jpg,2
train_1759_surprise.jpg,1
train_175_angry.jpg,3
train_175_disgust.jpg,4
train_175_fear.jpg,5
train_175_happy.png,0
train_175_neutral.png,6
train_175_sad.jpg,2
train_175_surprise.jpg,1
train_1760_angry.jpg,3
train_1760_disgust.jpg,4
train_1760_fear.jpg,5
train_1760_happy.jpg,0
train_1760_neutral.jpg,6
train_1760_sad.jpg,2
train_1760_surprise.jpg,1
train_1761_angry.jpg,3
train_1761_disgust.jpg,4
train_1761_fear.jpg,5
train_1761_happy.jpg,0
train_1761_neutral.jpg,6
train_1761_sad.jpg,2
train_1761_surprise.jpg,1
train_1762_angry.jpg,3
train_1762_disgust.jpg,4
train_1762_fear.jpg,5
train_1762_happy.jpg,0
train_1762_neutral.jpg,6
train_1762_sad.jpg,2
train_1762_surprise.jpg,1
train_1763_angry.jpg,3
train_1763_disgust.jpg,4
train_1763_fear.jpg,5
train_1763_happy.jpg,0
train_1763_neutral.jpg,6
train_1763_sad.jpg,2
train_1763_surprise.jpg,1
train_1764_angry.jpg,3
train_1764_disgust.jpg,4
train_1764_fear.jpg,5
train_1764_happy.jpg,0
train_1764_neutral.jpg,6
train_1764_sad.jpg,2
train_1764_surprise.jpg,1
train_1765_angry.jpg,3
train_1765_disgust.jpg,4
train_1765_fear.jpg,5
train_1765_happy.jpg,0
train_1765_neutral.jpg,6
train_1765_sad.jpg,2
train_1765_surprise.jpg,1
train_1766_angry.jpg,3
train_1766_disgust.jpg,4
train_1766_fear.jpg,5
train_1766_happy.jpg,0
train_1766_neutral.jpg,6
train_1766_sad.jpg,2
train_1766_surprise.jpg,1
train_1767_angry.jpg,3
train_1767_disgust.jpg,4
train_1767_fear.jpg,5
train_1767_happy.jpg,0
train_1767_neutral.jpg,6
train_1767_sad.jpg,2
train_1767_surprise.jpg,1
train_1768_angry.jpg,3
train_1768_disgust.jpg,4
train_1768_fear.jpg,5
train_1768_happy.jpg,0
train_1768_neutral.jpg,6
train_1768_sad.jpg,2
train_1768_surprise.jpg,1
train_1769_angry.jpg,3
train_1769_disgust.jpg,4
train_1769_fear.jpg,5
train_1769_happy.jpg,0
train_1769_neutral.jpg,6
train_1769_sad.jpg,2
train_1769_surprise.jpg,1
train_176_angry.jpg,3
train_176_disgust.jpg,4
train_176_fear.jpg,5
train_176_happy.png,0
train_176_neutral.png,6
train_176_sad.jpg,2
train_176_surprise.jpg,1
train_1770_angry.jpg,3
train_1770_disgust.jpg,4
train_1770_fear.jpg,5
train_1770_happy.jpg,0
train_1770_neutral.jpg,6
train_1770_sad.jpg,2
train_1770_surprise.jpg,1
train_1771_angry.jpg,3
train_1771_disgust.jpg,4
train_1771_fear.jpg,5
train_1771_happy.jpg,0
train_1771_neutral.jpg,6
train_1771_sad.jpg,2
train_1771_surprise.jpg,1
train_1772_angry.jpg,3
train_1772_disgust.jpg,4
train_1772_fear.jpg,5
train_1772_happy.jpg,0
train_1772_neutral.jpg,6
train_1772_sad.jpg,2
train_1772_surprise.jpg,1
train_1773_angry.jpg,3
train_1773_disgust.jpg,4
train_1773_fear.jpg,5
train_1773_happy.jpg,0
train_1773_neutral.jpg,6
train_1773_sad.jpg,2
train_1773_surprise.jpg,1
train_1774_angry.jpg,3
train_1774_disgust.jpg,4
train_1774_fear.jpg,5
train_1774_happy.jpg,0
train_1774_neutral.jpg,6
train_1774_sad.jpg,2
train_1774_surprise.jpg,1
train_1775_angry.jpg,3
train_1775_disgust.jpg,4
train_1775_fear.jpg,5
train_1775_happy.jpg,0
train_1775_neutral.jpg,6
train_1775_sad.jpg,2
train_1775_surprise.jpg,1
train_1776_angry.jpg,3
train_1776_disgust.jpg,4
train_1776_fear.jpg,5
train_1776_happy.jpg,0
train_1776_neutral.jpg,6
train_1776_sad.jpg,2
train_1776_surprise.jpg,1
train_1777_angry.jpg,3
train_1777_disgust.jpg,4
train_1777_fear.jpg,5
train_1777_happy.jpg,0
train_1777_neutral.jpg,6
train_1777_sad.jpg,2
train_1777_surprise.jpg,1
train_1778_angry.jpg,3
train_1778_disgust.jpg,4
train_1778_fear.jpg,5
train_1778_happy.jpg,0
train_1778_neutral.jpg,6
train_1778_sad.jpg,2
train_1778_surprise.jpg,1
train_1779_angry.jpg,3
train_1779_disgust.jpg,4
train_1779_fear.jpg,5
train_1779_happy.jpg,0
train_1779_neutral.jpg,6
train_1779_sad.jpg,2
train_1779_surprise.jpg,1
train_177_angry.jpg,3
train_177_disgust.jpg,4
train_177_fear.jpg,5
train_177_happy.png,0
train_177_neutral.png,6
train_177_sad.jpg,2
train_177_surprise.jpg,1
train_1780_angry.jpg,3
train_1780_disgust.jpg,4
train_1780_fear.jpg,5
train_1780_happy.jpg,0
train_1780_neutral.jpg,6
train_1780_sad.jpg,2
train_1780_surprise.jpg,1
train_1781_angry.jpg,3
train_1781_disgust.jpg,4
train_1781_fear.jpg,5
train_1781_happy.jpg,0
train_1781_neutral.jpg,6
train_1781_sad.jpg,2
train_1781_surprise.jpg,1
train_1782_angry.jpg,3
train_1782_disgust.jpg,4
train_1782_fear.jpg,5
train_1782_happy.jpg,0
train_1782_neutral.jpg,6
train_1782_sad.jpg,2
train_1782_surprise.jpg,1
train_1783_angry.jpg,3
train_1783_disgust.jpg,4
train_1783_fear.jpg,5
train_1783_happy.jpg,0
train_1783_neutral.jpg,6
train_1783_sad.jpg,2
train_1783_surprise.jpg,1
train_1784_angry.jpg,3
train_1784_disgust.jpg,4
train_1784_fear.jpg,5
train_1784_happy.jpg,0
train_1784_neutral.jpg,6
train_1784_sad.jpg,2
train_1784_surprise.jpg,1
train_1785_angry.jpg,3
train_1785_disgust.jpg,4
train_1785_fear.jpg,5
train_1785_happy.jpg,0
train_1785_neutral.jpg,6
train_1785_sad.jpg,2
train_1785_surprise.jpg,1
train_1786_angry.jpg,3
train_1786_disgust.jpg,4
train_1786_fear.jpg,5
train_1786_happy.jpg,0
train_1786_neutral.jpg,6
train_1786_sad.jpg,2
train_1786_surprise.jpg,1
train_1787_angry.jpg,3
train_1787_disgust.jpg,4
train_1787_fear.jpg,5
train_1787_happy.jpg,0
train_1787_neutral.jpg,6
train_1787_sad.jpg,2
train_1787_surprise.jpg,1
train_1788_angry.jpg,3
train_1788_disgust.jpg,4
train_1788_fear.jpg,5
train_1788_happy.jpg,0
train_1788_neutral.jpg,6
train_1788_sad.jpg,2
train_1788_surprise.jpg,1
train_1789_angry.jpg,3
train_1789_disgust.jpg,4
train_1789_fear.jpg,5
train_1789_happy.jpg,0
train_1789_neutral.jpg,6
train_1789_sad.jpg,2
train_1789_surprise.jpg,1
train_178_angry.jpg,3
train_178_disgust.jpg,4
train_178_fear.jpg,5
train_178_happy.png,0
train_178_neutral.png,6
train_178_sad.jpg,2
train_178_surprise.jpg,1
train_1790_angry.jpg,3
train_1790_disgust.jpg,4
train_1790_fear.jpg,5
train_1790_happy.jpg,0
train_1790_neutral.jpg,6
train_1790_sad.jpg,2
train_1790_surprise.jpg,1
train_1791_angry.jpg,3
train_1791_disgust.jpg,4
train_1791_fear.jpg,5
train_1791_happy.jpg,0
train_1791_neutral.jpg,6
train_1791_sad.jpg,2
train_1791_surprise.jpg,1
train_1792_angry.jpg,3
train_1792_disgust.jpg,4
train_1792_fear.jpg,5
train_1792_happy.jpg,0
train_1792_neutral.jpg,6
train_1792_sad.jpg,2
train_1792_surprise.jpg,1
train_1793_angry.jpg,3
train_1793_disgust.jpg,4
train_1793_fear.jpg,5
train_1793_happy.jpg,0
train_1793_neutral.jpg,6
train_1793_sad.jpg,2
train_1793_surprise.jpg,1
train_1794_angry.jpg,3
train_1794_disgust.jpg,4
train_1794_fear.jpg,5
train_1794_happy.jpg,0
train_1794_neutral.jpg,6
train_1794_sad.jpg,2
train_1794_surprise.jpg,1
train_1795_angry.jpg,3
train_1795_disgust.jpg,4
train_1795_fear.jpg,5
train_1795_happy.jpg,0
train_1795_neutral.jpg,6
train_1795_sad.jpg,2
train_1795_surprise.jpg,1
train_1796_angry.jpg,3
train_1796_disgust.jpg,4
train_1796_fear.jpg,5
train_1796_happy.jpg,0
train_1796_neutral.jpg,6
train_1796_sad.jpg,2
train_1796_surprise.jpg,1
train_1797_angry.jpg,3
train_1797_disgust.jpg,4
train_1797_fear.jpg,5
train_1797_happy.jpg,0
train_1797_neutral.jpg,6
train_1797_sad.jpg,2
train_1797_surprise.jpg,1
train_1798_angry.jpg,3
train_1798_disgust.jpg,4
train_1798_fear.jpg,5
train_1798_happy.jpg,0
train_1798_neutral.jpg,6
train_1798_sad.jpg,2
train_1798_surprise.jpg,1
train_1799_angry.jpg,3
train_1799_disgust.jpg,4
train_1799_fear.jpg,5
train_1799_happy.jpg,0
train_1799_neutral.jpg,6
train_1799_sad.jpg,2
train_1799_surprise.jpg,1
train_179_angry.jpg,3
train_179_disgust.jpg,4
train_179_fear.jpg,5
train_179_happy.png,0
train_179_neutral.png,6
train_179_sad.jpg,2
train_179_surprise.jpg,1
train_17_angry.jpg,3
train_17_disgust.jpg,4
train_17_fear.jpg,5
train_17_happy.png,0
train_17_neutral.png,6
train_17_sad.jpg,2
train_17_surprise.jpg,1
train_1800_angry.jpg,3
train_1800_disgust.jpg,4
train_1800_fear.jpg,5
train_1800_happy.jpg,0
train_1800_neutral.jpg,6
train_1800_sad.jpg,2
train_1800_surprise.jpg,1
train_1801_angry.jpg,3
train_1801_disgust.jpg,4
train_1801_fear.jpg,5
train_1801_happy.jpg,0
train_1801_neutral.jpg,6
train_1801_sad.jpg,2
train_1801_surprise.jpg,1
train_1802_angry.jpg,3
train_1802_disgust.jpg,4
train_1802_fear.jpg,5
train_1802_happy.jpg,0
train_1802_neutral.jpg,6
train_1802_sad.jpg,2
train_1802_surprise.jpg,1
train_1803_angry.jpg,3
train_1803_disgust.jpg,4
train_1803_fear.jpg,5
train_1803_happy.jpg,0
train_1803_neutral.jpg,6
train_1803_sad.jpg,2
train_1803_surprise.jpg,1
train_1804_angry.jpg,3
train_1804_disgust.jpg,4
train_1804_fear.jpg,5
train_1804_happy.jpg,0
train_1804_neutral.jpg,6
train_1804_sad.jpg,2
train_1804_surprise.jpg,1
train_1805_angry.jpg,3
train_1805_disgust.jpg,4
train_1805_fear.jpg,5
train_1805_happy.jpg,0
train_1805_neutral.jpg,6
train_1805_sad.jpg,2
train_1805_surprise.jpg,1
train_1806_angry.jpg,3
train_1806_disgust.jpg,4
train_1806_fear.jpg,5
train_1806_happy.jpg,0
train_1806_neutral.jpg,6
train_1806_sad.jpg,2
train_1806_surprise.jpg,1
train_1807_angry.jpg,3
train_1807_disgust.jpg,4
train_1807_fear.jpg,5
train_1807_happy.jpg,0
train_1807_neutral.jpg,6
train_1807_sad.jpg,2
train_1807_surprise.jpg,1
train_1808_angry.jpg,3
train_1808_disgust.jpg,4
train_1808_fear.jpg,5
train_1808_happy.jpg,0
train_1808_neutral.jpg,6
train_1808_sad.jpg,2
train_1808_surprise.jpg,1
train_1809_angry.jpg,3
train_1809_disgust.jpg,4
train_1809_fear.jpg,5
train_1809_happy.jpg,0
train_1809_neutral.jpg,6
train_1809_sad.jpg,2
train_1809_surprise.jpg,1
train_180_angry.jpg,3
train_180_disgust.jpg,4
train_180_fear.jpg,5
train_180_happy.png,0
train_180_neutral.png,6
train_180_sad.jpg,2
train_180_surprise.jpg,1
train_1810_angry.jpg,3
train_1810_disgust.jpg,4
train_1810_fear.jpg,5
train_1810_happy.jpg,0
train_1810_neutral.jpg,6
train_1810_sad.jpg,2
train_1810_surprise.jpg,1
train_1811_angry.jpg,3
train_1811_disgust.jpg,4
train_1811_fear.jpg,5
train_1811_happy.jpg,0
train_1811_neutral.jpg,6
train_1811_sad.jpg,2
train_1811_surprise.jpg,1
train_1812_angry.jpg,3
train_1812_disgust.jpg,4
train_1812_fear.jpg,5
train_1812_happy.jpg,0
train_1812_neutral.jpg,6
train_1812_sad.jpg,2
train_1812_surprise.jpg,1
train_1813_angry.jpg,3
train_1813_disgust.jpg,4
train_1813_fear.jpg,5
train_1813_happy.jpg,0
train_1813_neutral.jpg,6
train_1813_sad.jpg,2
train_1813_surprise.jpg,1
train_1814_angry.jpg,3
train_1814_disgust.jpg,4
train_1814_fear.jpg,5
train_1814_happy.jpg,0
train_1814_neutral.jpg,6
train_1814_sad.jpg,2
train_1814_surprise.jpg,1
train_1815_angry.jpg,3
train_1815_disgust.jpg,4
train_1815_fear.jpg,5
train_1815_happy.jpg,0
train_1815_neutral.jpg,6
train_1815_sad.jpg,2
train_1815_surprise.jpg,1
train_1816_angry.jpg,3
train_1816_disgust.jpg,4
train_1816_fear.jpg,5
train_1816_happy.jpg,0
train_1816_neutral.jpg,6
train_1816_sad.jpg,2
train_1816_surprise.jpg,1
train_1817_angry.jpg,3
train_1817_disgust.jpg,4
train_1817_fear.jpg,5
train_1817_happy.jpg,0
train_1817_neutral.jpg,6
train_1817_sad.jpg,2
train_1817_surprise.jpg,1
train_1818_angry.jpg,3
train_1818_disgust.jpg,4
train_1818_fear.jpg,5
train_1818_happy.jpg,0
train_1818_neutral.jpg,6
train_1818_sad.jpg,2
train_1818_surprise.jpg,1
train_1819_angry.jpg,3
train_1819_disgust.jpg,4
train_1819_fear.jpg,5
train_1819_happy.jpg,0
train_1819_neutral.jpg,6
train_1819_sad.jpg,2
train_1819_surprise.jpg,1
train_181_angry.jpg,3
train_181_disgust.jpg,4
train_181_fear.jpg,5
train_181_happy.png,0
train_181_neutral.png,6
train_181_sad.jpg,2
train_181_surprise.jpg,1
train_1820_angry.jpg,3
train_1820_disgust.jpg,4
train_1820_fear.jpg,5
train_1820_happy.jpg,0
train_1820_neutral.jpg,6
train_1820_sad.jpg,2
train_1820_surprise.jpg,1
train_1821_angry.jpg,3
train_1821_disgust.jpg,4
train_1821_fear.jpg,5
train_1821_happy.jpg,0
train_1821_neutral.jpg,6
train_1821_sad.jpg,2
train_1821_surprise.jpg,1
train_1822_angry.jpg,3
train_1822_disgust.jpg,4
train_1822_fear.jpg,5
train_1822_happy.jpg,0
train_1822_neutral.jpg,6
train_1822_sad.jpg,2
train_1822_surprise.jpg,1
train_1823_angry.jpg,3
train_1823_disgust.jpg,4
train_1823_fear.jpg,5
train_1823_happy.jpg,0
train_1823_neutral.jpg,6
train_1823_sad.jpg,2
train_1823_surprise.jpg,1
train_1824_angry.jpg,3
train_1824_disgust.jpg,4
train_1824_fear.jpg,5
train_1824_happy.jpg,0
train_1824_neutral.jpg,6
train_1824_sad.jpg,2
train_1824_surprise.jpg,1
train_1825_angry.jpg,3
train_1825_disgust.jpg,4
train_1825_fear.jpg,5
train_1825_happy.jpg,0
train_1825_neutral.jpg,6
train_1825_sad.jpg,2
train_1825_surprise.jpg,1
train_1826_angry.jpg,3
train_1826_disgust.jpg,4
train_1826_fear.jpg,5
train_1826_happy.jpg,0
train_1826_neutral.jpg,6
train_1826_sad.jpg,2
train_1826_surprise.jpg,1
train_1827_angry.jpg,3
train_1827_disgust.jpg,4
train_1827_fear.jpg,5
train_1827_happy.jpg,0
train_1827_neutral.jpg,6
train_1827_sad.jpg,2
train_1827_surprise.jpg,1
train_1828_angry.jpg,3
train_1828_disgust.jpg,4
train_1828_fear.jpg,5
train_1828_happy.jpg,0
train_1828_neutral.jpg,6
train_1828_sad.jpg,2
train_1828_surprise.jpg,1
train_1829_angry.jpg,3
train_1829_disgust.jpg,4
train_1829_fear.jpg,5
train_1829_happy.jpg,0
train_1829_neutral.jpg,6
train_1829_sad.jpg,2
train_1829_surprise.jpg,1
train_182_angry.jpg,3
train_182_disgust.jpg,4
train_182_fear.jpg,5
train_182_happy.png,0
train_182_neutral.png,6
train_182_sad.jpg,2
train_182_surprise.jpg,1
train_1830_angry.jpg,3
train_1830_disgust.jpg,4
train_1830_fear.jpg,5
train_1830_happy.jpg,0
train_1830_neutral.jpg,6
train_1830_sad.jpg,2
train_1830_surprise.jpg,1
train_1831_angry.jpg,3
train_1831_disgust.jpg,4
train_1831_fear.jpg,5
train_1831_happy.jpg,0
train_1831_neutral.jpg,6
train_1831_sad.jpg,2
train_1831_surprise.jpg,1
train_1832_angry.jpg,3
train_1832_disgust.jpg,4
train_1832_fear.jpg,5
train_1832_happy.jpg,0
train_1832_neutral.jpg,6
train_1832_sad.jpg,2
train_1832_surprise.jpg,1
train_1833_angry.jpg,3
train_1833_disgust.jpg,4
train_1833_fear.jpg,5
train_1833_happy.jpg,0
train_1833_neutral.jpg,6
train_1833_sad.jpg,2
train_1833_surprise.jpg,1
train_1834_angry.jpg,3
train_1834_disgust.jpg,4
train_1834_fear.jpg,5
train_1834_happy.jpg,0
train_1834_neutral.jpg,6
train_1834_sad.jpg,2
train_1834_surprise.jpg,1
train_1835_angry.jpg,3
train_1835_disgust.jpg,4
train_1835_fear.jpg,5
train_1835_happy.jpg,0
train_1835_neutral.jpg,6
train_1835_sad.jpg,2
train_1835_surprise.jpg,1
train_1836_angry.jpg,3
train_1836_disgust.jpg,4
train_1836_fear.jpg,5
train_1836_happy.jpg,0
train_1836_neutral.jpg,6
train_1836_sad.jpg,2
train_1836_surprise.jpg,1
train_1837_angry.jpg,3
train_1837_disgust.jpg,4
train_1837_fear.jpg,5
train_1837_happy.jpg,0
train_1837_neutral.jpg,6
train_1837_sad.jpg,2
train_1837_surprise.jpg,1
train_1838_angry.jpg,3
train_1838_disgust.jpg,4
train_1838_fear.jpg,5
train_1838_happy.jpg,0
train_1838_neutral.jpg,6
train_1838_sad.jpg,2
train_1838_surprise.jpg,1
train_1839_angry.jpg,3
train_1839_disgust.jpg,4
train_1839_fear.jpg,5
train_1839_happy.jpg,0
train_1839_neutral.jpg,6
train_1839_sad.jpg,2
train_1839_surprise.jpg,1
train_183_angry.jpg,3
train_183_disgust.jpg,4
train_183_fear.jpg,5
train_183_happy.png,0
train_183_neutral.png,6
train_183_sad.jpg,2
train_183_surprise.jpg,1
train_1840_angry.jpg,3
train_1840_disgust.jpg,4
train_1840_fear.jpg,5
train_1840_happy.jpg,0
train_1840_neutral.jpg,6
train_1840_sad.jpg,2
train_1840_surprise.jpg,1
train_1841_angry.jpg,3
train_1841_disgust.jpg,4
train_1841_fear.jpg,5
train_1841_happy.jpg,0
train_1841_neutral.jpg,6
train_1841_sad.jpg,2
train_1841_surprise.jpg,1
train_1842_angry.jpg,3
train_1842_disgust.jpg,4
train_1842_fear.jpg,5
train_1842_happy.jpg,0
train_1842_neutral.jpg,6
train_1842_sad.jpg,2
train_1842_surprise.jpg,1
train_1843_angry.jpg,3
train_1843_disgust.jpg,4
train_1843_fear.jpg,5
train_1843_happy.jpg,0
train_1843_neutral.jpg,6
train_1843_sad.jpg,2
train_1843_surprise.jpg,1
train_1844_angry.jpg,3
train_1844_disgust.jpg,4
train_1844_fear.jpg,5
train_1844_happy.jpg,0
train_1844_neutral.jpg,6
train_1844_sad.jpg,2
train_1844_surprise.jpg,1
train_1845_angry.jpg,3
train_1845_disgust.jpg,4
train_1845_fear.jpg,5
train_1845_happy.jpg,0
train_1845_neutral.jpg,6
train_1845_sad.jpg,2
train_1845_surprise.jpg,1
train_1846_angry.jpg,3
train_1846_disgust.jpg,4
train_1846_fear.jpg,5
train_1846_happy.jpg,0
train_1846_neutral.jpg,6
train_1846_sad.jpg,2
train_1846_surprise.jpg,1
train_1847_angry.jpg,3
train_1847_disgust.jpg,4
train_1847_fear.jpg,5
train_1847_happy.jpg,0
train_1847_neutral.jpg,6
train_1847_sad.jpg,2
train_1847_surprise.jpg,1
train_1848_angry.jpg,3
train_1848_disgust.jpg,4
train_1848_fear.jpg,5
train_1848_happy.jpg,0
train_1848_neutral.jpg,6
train_1848_sad.jpg,2
train_1848_surprise.jpg,1
train_1849_angry.jpg,3
train_1849_disgust.jpg,4
train_1849_fear.jpg,5
train_1849_happy.jpg,0
train_1849_neutral.jpg,6
train_1849_sad.jpg,2
train_1849_surprise.jpg,1
train_184_angry.jpg,3
train_184_disgust.jpg,4
train_184_fear.jpg,5
train_184_happy.png,0
train_184_neutral.png,6
train_184_sad.jpg,2
train_184_surprise.jpg,1
train_1850_angry.jpg,3
train_1850_disgust.jpg,4
train_1850_fear.jpg,5
train_1850_happy.jpg,0
train_1850_neutral.jpg,6
train_1850_sad.jpg,2
train_1850_surprise.jpg,1
train_1851_angry.jpg,3
train_1851_disgust.jpg,4
train_1851_fear.jpg,5
train_1851_happy.jpg,0
train_1851_neutral.jpg,6
train_1851_sad.jpg,2
train_1851_surprise.jpg,1
train_1852_angry.jpg,3
train_1852_disgust.jpg,4
train_1852_fear.jpg,5
train_1852_happy.jpg,0
train_1852_neutral.jpg,6
train_1852_sad.jpg,2
train_1852_surprise.jpg,1
train_1853_angry.jpg,3
train_1853_disgust.jpg,4
train_1853_fear.jpg,5
train_1853_happy.jpg,0
train_1853_neutral.jpg,6
train_1853_sad.jpg,2
train_1853_surprise.jpg,1
train_1854_angry.jpg,3
train_1854_disgust.jpg,4
train_1854_fear.jpg,5
train_1854_happy.jpg,0
train_1854_neutral.jpg,6
train_1854_sad.jpg,2
train_1854_surprise.jpg,1
train_1855_angry.jpg,3
train_1855_disgust.jpg,4
train_1855_fear.jpg,5
train_1855_happy.jpg,0
train_1855_neutral.jpg,6
train_1855_sad.jpg,2
train_1855_surprise.jpg,1
train_1856_angry.jpg,3
train_1856_disgust.jpg,4
train_1856_fear.jpg,5
train_1856_happy.jpg,0
train_1856_neutral.jpg,6
train_1856_sad.jpg,2
train_1856_surprise.jpg,1
train_1857_angry.jpg,3
train_1857_disgust.jpg,4
train_1857_fear.jpg,5
train_1857_happy.jpg,0
train_1857_neutral.jpg,6
train_1857_sad.jpg,2
train_1857_surprise.jpg,1
train_1858_angry.jpg,3
train_1858_disgust.jpg,4
train_1858_fear.jpg,5
train_1858_happy.jpg,0
train_1858_neutral.jpg,6
train_1858_sad.jpg,2
train_1858_surprise.jpg,1
train_1859_angry.jpg,3
train_1859_disgust.jpg,4
train_1859_fear.jpg,5
train_1859_happy.jpg,0
train_1859_neutral.jpg,6
train_1859_sad.jpg,2
train_1859_surprise.jpg,1
train_185_angry.jpg,3
train_185_disgust.jpg,4
train_185_fear.jpg,5
train_185_happy.png,0
train_185_neutral.png,6
train_185_sad.jpg,2
train_185_surprise.jpg,1
train_1860_angry.jpg,3
train_1860_disgust.jpg,4
train_1860_fear.jpg,5
train_1860_happy.jpg,0
train_1860_neutral.jpg,6
train_1860_sad.jpg,2
train_1860_surprise.jpg,1
train_1861_angry.jpg,3
train_1861_disgust.jpg,4
train_1861_fear.jpg,5
train_1861_happy.jpg,0
train_1861_neutral.jpg,6
train_1861_sad.jpg,2
train_1861_surprise.jpg,1
train_1862_angry.jpg,3
train_1862_disgust.jpg,4
train_1862_fear.jpg,5
train_1862_happy.jpg,0
train_1862_neutral.jpg,6
train_1862_sad.jpg,2
train_1862_surprise.jpg,1
train_1863_angry.jpg,3
train_1863_disgust.jpg,4
train_1863_fear.jpg,5
train_1863_happy.jpg,0
train_1863_neutral.jpg,6
train_1863_sad.jpg,2
train_1863_surprise.jpg,1
train_1864_angry.jpg,3
train_1864_disgust.jpg,4
train_1864_fear.jpg,5
train_1864_happy.jpg,0
train_1864_neutral.jpg,6
train_1864_sad.jpg,2
train_1864_surprise.jpg,1
train_1865_angry.jpg,3
train_1865_disgust.jpg,4
train_1865_fear.jpg,5
train_1865_happy.jpg,0
train_1865_neutral.jpg,6
train_1865_sad.jpg,2
train_1865_surprise.jpg,1
train_1866_angry.jpg,3
train_1866_disgust.jpg,4
train_1866_fear.jpg,5
train_1866_happy.jpg,0
train_1866_neutral.jpg,6
train_1866_sad.jpg,2
train_1866_surprise.jpg,1
train_1867_angry.jpg,3
train_1867_disgust.jpg,4
train_1867_fear.jpg,5
train_1867_happy.jpg,0
train_1867_neutral.jpg,6
train_1867_sad.jpg,2
train_1867_surprise.jpg,1
train_1868_angry.jpg,3
train_1868_disgust.jpg,4
train_1868_fear.jpg,5
train_1868_happy.jpg,0
train_1868_neutral.jpg,6
train_1868_sad.jpg,2
train_1868_surprise.jpg,1
train_1869_angry.jpg,3
train_1869_disgust.jpg,4
train_1869_fear.jpg,5
train_1869_happy.jpg,0
train_1869_neutral.jpg,6
train_1869_sad.jpg,2
train_1869_surprise.jpg,1
train_186_angry.jpg,3
train_186_disgust.jpg,4
train_186_fear.jpg,5
train_186_happy.png,0
train_186_neutral.png,6
train_186_sad.jpg,2
train_186_surprise.jpg,1
train_1870_angry.jpg,3
train_1870_disgust.jpg,4
train_1870_fear.jpg,5
train_1870_happy.jpg,0
train_1870_neutral.jpg,6
train_1870_sad.jpg,2
train_1870_surprise.jpg,1
train_1871_angry.jpg,3
train_1871_disgust.jpg,4
train_1871_fear.jpg,5
train_1871_happy.jpg,0
train_1871_neutral.jpg,6
train_1871_sad.jpg,2
train_1871_surprise.jpg,1
train_1872_angry.jpg,3
train_1872_disgust.jpg,4
train_1872_fear.jpg,5
train_1872_happy.jpg,0
train_1872_neutral.jpg,6
train_1872_sad.jpg,2
train_1872_surprise.jpg,1
train_1873_angry.jpg,3
train_1873_disgust.jpg,4
train_1873_fear.jpg,5
train_1873_happy.jpg,0
train_1873_neutral.jpg,6
train_1873_sad.jpg,2
train_1873_surprise.jpg,1
train_1874_angry.jpg,3
train_1874_disgust.jpg,4
train_1874_fear.jpg,5
train_1874_happy.jpg,0
train_1874_neutral.jpg,6
train_1874_sad.jpg,2
train_1874_surprise.jpg,1
train_1875_angry.jpg,3
train_1875_disgust.jpg,4
train_1875_fear.jpg,5
train_1875_happy.jpg,0
train_1875_neutral.jpg,6
train_1875_sad.jpg,2
train_1875_surprise.jpg,1
train_1876_angry.jpg,3
train_1876_disgust.jpg,4
train_1876_fear.jpg,5
train_1876_happy.jpg,0
train_1876_neutral.jpg,6
train_1876_sad.jpg,2
train_1876_surprise.jpg,1
train_1877_angry.jpg,3
train_1877_disgust.jpg,4
train_1877_fear.jpg,5
train_1877_happy.jpg,0
train_1877_neutral.jpg,6
train_1877_sad.jpg,2
train_1877_surprise.jpg,1
train_1878_angry.jpg,3
train_1878_disgust.jpg,4
train_1878_fear.jpg,5
train_1878_happy.jpg,0
train_1878_neutral.jpg,6
train_1878_sad.jpg,2
train_1878_surprise.jpg,1
train_1879_angry.jpg,3
train_1879_disgust.jpg,4
train_1879_fear.jpg,5
train_1879_happy.jpg,0
train_1879_neutral.jpg,6
train_1879_sad.jpg,2
train_1879_surprise.jpg,1
train_187_angry.jpg,3
train_187_disgust.jpg,4
train_187_fear.jpg,5
train_187_happy.png,0
train_187_neutral.png,6
train_187_sad.jpg,2
train_187_surprise.jpg,1
train_1880_angry.jpg,3
train_1880_disgust.jpg,4
train_1880_fear.jpg,5
train_1880_happy.jpg,0
train_1880_neutral.jpg,6
train_1880_sad.jpg,2
train_1880_surprise.jpg,1
train_1881_angry.jpg,3
train_1881_disgust.jpg,4
train_1881_fear.jpg,5
train_1881_happy.jpg,0
train_1881_neutral.jpg,6
train_1881_sad.jpg,2
train_1881_surprise.jpg,1
train_1882_angry.jpg,3
train_1882_disgust.jpg,4
train_1882_fear.jpg,5
train_1882_happy.jpg,0
train_1882_neutral.jpg,6
train_1882_sad.jpg,2
train_1882_surprise.jpg,1
train_1883_angry.jpg,3
train_1883_disgust.jpg,4
train_1883_fear.jpg,5
train_1883_happy.jpg,0
train_1883_neutral.jpg,6
train_1883_sad.jpg,2
train_1883_surprise.jpg,1
train_1884_angry.jpg,3
train_1884_disgust.jpg,4
train_1884_fear.jpg,5
train_1884_happy.jpg,0
train_1884_neutral.jpg,6
train_1884_sad.jpg,2
train_1884_surprise.jpg,1
train_1885_angry.jpg,3
train_1885_disgust.jpg,4
train_1885_fear.jpg,5
train_1885_happy.jpg,0
train_1885_neutral.jpg,6
train_1885_sad.jpg,2
train_1885_surprise.jpg,1
train_1886_angry.jpg,3
train_1886_disgust.jpg,4
train_1886_fear.jpg,5
train_1886_happy.jpg,0
train_1886_neutral.jpg,6
train_1886_sad.jpg,2
train_1886_surprise.jpg,1
train_1887_angry.jpg,3
train_1887_disgust.jpg,4
train_1887_fear.jpg,5
train_1887_happy.jpg,0
train_1887_neutral.jpg,6
train_1887_sad.jpg,2
train_1887_surprise.jpg,1
train_1888_angry.jpg,3
train_1888_disgust.jpg,4
train_1888_fear.jpg,5
train_1888_happy.jpg,0
train_1888_neutral.jpg,6
train_1888_sad.jpg,2
train_1888_surprise.jpg,1
train_1889_angry.jpg,3
train_1889_disgust.jpg,4
train_1889_fear.jpg,5
train_1889_happy.jpg,0
train_1889_neutral.jpg,6
train_1889_sad.jpg,2
train_1889_surprise.jpg,1
train_188_angry.jpg,3
train_188_disgust.jpg,4
train_188_fear.jpg,5
train_188_happy.png,0
train_188_neutral.png,6
train_188_sad.jpg,2
train_188_surprise.jpg,1
train_1890_angry.jpg,3
train_1890_disgust.jpg,4
train_1890_fear.jpg,5
train_1890_happy.jpg,0
train_1890_neutral.jpg,6
train_1890_sad.jpg,2
train_1890_surprise.jpg,1
train_1891_angry.jpg,3
train_1891_disgust.jpg,4
train_1891_fear.jpg,5
train_1891_happy.jpg,0
train_1891_neutral.jpg,6
train_1891_sad.jpg,2
train_1891_surprise.jpg,1
train_1892_angry.jpg,3
train_1892_disgust.jpg,4
train_1892_fear.jpg,5
train_1892_happy.jpg,0
train_1892_neutral.jpg,6
train_1892_sad.jpg,2
train_1892_surprise.jpg,1
train_1893_angry.jpg,3
train_1893_disgust.jpg,4
train_1893_fear.jpg,5
train_1893_happy.jpg,0
train_1893_neutral.jpg,6
train_1893_sad.jpg,2
train_1893_surprise.jpg,1
train_1894_angry.jpg,3
train_1894_disgust.jpg,4
train_1894_fear.jpg,5
train_1894_happy.jpg,0
train_1894_neutral.jpg,6
train_1894_sad.jpg,2
train_1894_surprise.jpg,1
train_1895_angry.jpg,3
train_1895_disgust.jpg,4
train_1895_fear.jpg,5
train_1895_happy.jpg,0
train_1895_neutral.jpg,6
train_1895_sad.jpg,2
train_1895_surprise.jpg,1
train_1896_angry.jpg,3
train_1896_disgust.jpg,4
train_1896_fear.jpg,5
train_1896_happy.jpg,0
train_1896_neutral.jpg,6
train_1896_sad.jpg,2
train_1896_surprise.jpg,1
train_1897_angry.jpg,3
train_1897_disgust.jpg,4
train_1897_fear.jpg,5
train_1897_happy.jpg,0
train_1897_neutral.jpg,6
train_1897_sad.jpg,2
train_1897_surprise.jpg,1
train_1898_angry.jpg,3
train_1898_disgust.jpg,4
train_1898_fear.jpg,5
train_1898_happy.jpg,0
train_1898_neutral.jpg,6
train_1898_sad.jpg,2
train_1898_surprise.jpg,1
train_1899_angry.jpg,3
train_1899_disgust.jpg,4
train_1899_fear.jpg,5
train_1899_happy.jpg,0
train_1899_neutral.jpg,6
train_1899_sad.jpg,2
train_1899_surprise.jpg,1
train_189_angry.jpg,3
train_189_disgust.jpg,4
train_189_fear.jpg,5
train_189_happy.png,0
train_189_neutral.png,6
train_189_sad.jpg,2
train_189_surprise.jpg,1
train_18_angry.jpg,3
train_18_disgust.jpg,4
train_18_fear.jpg,5
train_18_happy.png,0
train_18_neutral.png,6
train_18_sad.jpg,2
train_18_surprise.jpg,1
train_1900_angry.jpg,3
train_1900_disgust.jpg,4
train_1900_fear.jpg,5
train_1900_happy.jpg,0
train_1900_neutral.jpg,6
train_1900_sad.jpg,2
train_1900_surprise.jpg,1
train_1901_angry.jpg,3
train_1901_disgust.jpg,4
train_1901_fear.jpg,5
train_1901_happy.jpg,0
train_1901_neutral.jpg,6
train_1901_sad.jpg,2
train_1901_surprise.jpg,1
train_1902_angry.jpg,3
train_1902_disgust.jpg,4
train_1902_fear.jpg,5
train_1902_happy.jpg,0
train_1902_neutral.jpg,6
train_1902_sad.jpg,2
train_1902_surprise.jpg,1
train_1903_angry.jpg,3
train_1903_disgust.jpg,4
train_1903_fear.jpg,5
train_1903_happy.jpg,0
train_1903_neutral.jpg,6
train_1903_sad.jpg,2
train_1903_surprise.jpg,1
train_1904_angry.jpg,3
train_1904_disgust.jpg,4
train_1904_fear.jpg,5
train_1904_happy.jpg,0
train_1904_neutral.jpg,6
train_1904_sad.jpg,2
train_1904_surprise.jpg,1
train_1905_angry.jpg,3
train_1905_disgust.jpg,4
train_1905_fear.jpg,5
train_1905_happy.jpg,0
train_1905_neutral.jpg,6
train_1905_sad.jpg,2
train_1905_surprise.jpg,1
train_1906_angry.jpg,3
train_1906_disgust.jpg,4
train_1906_fear.jpg,5
train_1906_happy.jpg,0
train_1906_neutral.jpg,6
train_1906_sad.jpg,2
train_1906_surprise.jpg,1
train_1907_angry.jpg,3
train_1907_disgust.jpg,4
train_1907_fear.jpg,5
train_1907_happy.jpg,0
train_1907_neutral.jpg,6
train_1907_sad.jpg,2
train_1907_surprise.jpg,1
train_1908_angry.jpg,3
train_1908_disgust.jpg,4
train_1908_fear.jpg,5
train_1908_happy.jpg,0
train_1908_neutral.jpg,6
train_1908_sad.jpg,2
train_1908_surprise.jpg,1
train_1909_angry.jpg,3
train_1909_disgust.jpg,4
train_1909_fear.jpg,5
train_1909_happy.jpg,0
train_1909_neutral.jpg,6
train_1909_sad.jpg,2
train_1909_surprise.jpg,1
train_190_angry.jpg,3
train_190_disgust.jpg,4
train_190_fear.jpg,5
train_190_happy.png,0
train_190_neutral.png,6
train_190_sad.jpg,2
train_190_surprise.jpg,1
train_1910_angry.jpg,3
train_1910_disgust.jpg,4
train_1910_fear.jpg,5
train_1910_happy.jpg,0
train_1910_neutral.jpg,6
train_1910_sad.jpg,2
train_1910_surprise.jpg,1
train_1911_angry.jpg,3
train_1911_disgust.jpg,4
train_1911_fear.jpg,5
train_1911_happy.jpg,0
train_1911_neutral.jpg,6
train_1911_sad.jpg,2
train_1911_surprise.jpg,1
train_1912_angry.jpg,3
train_1912_disgust.jpg,4
train_1912_fear.jpg,5
train_1912_happy.jpg,0
train_1912_neutral.jpg,6
train_1912_sad.jpg,2
train_1912_surprise.jpg,1
train_1913_angry.jpg,3
train_1913_disgust.jpg,4
train_1913_fear.jpg,5
train_1913_happy.jpg,0
train_1913_neutral.jpg,6
train_1913_sad.jpg,2
train_1913_surprise.jpg,1
train_1914_angry.jpg,3
train_1914_disgust.jpg,4
train_1914_fear.jpg,5
train_1914_happy.jpg,0
train_1914_neutral.jpg,6
train_1914_sad.jpg,2
train_1914_surprise.jpg,1
train_1915_angry.jpg,3
train_1915_disgust.jpg,4
train_1915_fear.jpg,5
train_1915_happy.jpg,0
train_1915_neutral.jpg,6
train_1915_sad.jpg,2
train_1915_surprise.jpg,1
train_1916_angry.jpg,3
train_1916_disgust.jpg,4
train_1916_fear.jpg,5
train_1916_happy.jpg,0
train_1916_neutral.jpg,6
train_1916_sad.jpg,2
train_1916_surprise.jpg,1
train_1917_angry.jpg,3
train_1917_disgust.jpg,4
train_1917_fear.jpg,5
train_1917_happy.jpg,0
train_1917_neutral.jpg,6
train_1917_sad.jpg,2
train_1917_surprise.jpg,1
train_1918_angry.jpg,3
train_1918_disgust.jpg,4
train_1918_fear.jpg,5
train_1918_happy.jpg,0
train_1918_neutral.jpg,6
train_1918_sad.jpg,2
train_1918_surprise.jpg,1
train_1919_angry.jpg,3
train_1919_disgust.jpg,4
train_1919_fear.jpg,5
train_1919_happy.jpg,0
train_1919_neutral.jpg,6
train_1919_sad.jpg,2
train_1919_surprise.jpg,1
train_191_angry.jpg,3
train_191_disgust.jpg,4
train_191_fear.jpg,5
train_191_happy.png,0
train_191_neutral.png,6
train_191_sad.jpg,2
train_191_surprise.jpg,1
train_1920_angry.jpg,3
train_1920_disgust.jpg,4
train_1920_fear.jpg,5
train_1920_happy.jpg,0
train_1920_neutral.jpg,6
train_1920_sad.jpg,2
train_1920_surprise.jpg,1
train_1921_angry.jpg,3
train_1921_disgust.jpg,4
train_1921_fear.jpg,5
train_1921_happy.jpg,0
train_1921_neutral.jpg,6
train_1921_sad.jpg,2
train_1921_surprise.jpg,1
train_1922_angry.jpg,3
train_1922_disgust.jpg,4
train_1922_fear.jpg,5
train_1922_happy.jpg,0
train_1922_neutral.jpg,6
train_1922_sad.jpg,2
train_1922_surprise.jpg,1
train_1923_angry.jpg,3
train_1923_disgust.jpg,4
train_1923_fear.jpg,5
train_1923_happy.jpg,0
train_1923_neutral.jpg,6
train_1923_sad.jpg,2
train_1923_surprise.jpg,1
train_1924_angry.jpg,3
train_1924_disgust.jpg,4
train_1924_fear.jpg,5
train_1924_happy.jpg,0
train_1924_neutral.jpg,6
train_1924_sad.jpg,2
train_1924_surprise.jpg,1
train_1925_angry.jpg,3
train_1925_disgust.jpg,4
train_1925_fear.jpg,5
train_1925_happy.jpg,0
train_1925_neutral.jpg,6
train_1925_sad.jpg,2
train_1925_surprise.jpg,1
train_1926_angry.jpg,3
train_1926_disgust.jpg,4
train_1926_fear.jpg,5
train_1926_happy.jpg,0
train_1926_neutral.jpg,6
train_1926_sad.jpg,2
train_1926_surprise.jpg,1
train_1927_angry.jpg,3
train_1927_disgust.jpg,4
train_1927_fear.jpg,5
train_1927_happy.jpg,0
train_1927_neutral.jpg,6
train_1927_sad.jpg,2
train_1927_surprise.jpg,1
train_1928_angry.jpg,3
train_1928_disgust.jpg,4
train_1928_fear.jpg,5
train_1928_happy.jpg,0
train_1928_neutral.jpg,6
train_1928_sad.jpg,2
train_1928_surprise.jpg,1
train_1929_angry.jpg,3
train_1929_disgust.jpg,4
train_1929_fear.jpg,5
train_1929_happy.jpg,0
train_1929_neutral.jpg,6
train_1929_sad.jpg,2
train_1929_surprise.jpg,1
train_192_angry.jpg,3
train_192_disgust.jpg,4
train_192_fear.jpg,5
train_192_happy.png,0
train_192_neutral.png,6
train_192_sad.jpg,2
train_192_surprise.jpg,1
train_1930_angry.jpg,3
train_1930_disgust.jpg,4
train_1930_fear.jpg,5
train_1930_happy.jpg,0
train_1930_neutral.jpg,6
train_1930_sad.jpg,2
train_1930_surprise.jpg,1
train_1931_angry.jpg,3
train_1931_disgust.jpg,4
train_1931_fear.jpg,5
train_1931_happy.jpg,0
train_1931_neutral.jpg,6
train_1931_sad.jpg,2
train_1931_surprise.jpg,1
train_1932_angry.jpg,3
train_1932_disgust.jpg,4
train_1932_fear.jpg,5
train_1932_happy.jpg,0
train_1932_neutral.jpg,6
train_1932_sad.jpg,2
train_1932_surprise.jpg,1
train_1933_angry.jpg,3
train_1933_disgust.jpg,4
train_1933_fear.jpg,5
train_1933_happy.jpg,0
train_1933_neutral.jpg,6
train_1933_sad.jpg,2
train_1933_surprise.jpg,1
train_1934_angry.jpg,3
train_1934_disgust.jpg,4
train_1934_fear.jpg,5
train_1934_happy.jpg,0
train_1934_neutral.jpg,6
train_1934_sad.jpg,2
train_1934_surprise.jpg,1
train_1935_angry.jpg,3
train_1935_disgust.jpg,4
train_1935_fear.jpg,5
train_1935_happy.jpg,0
train_1935_neutral.jpg,6
train_1935_sad.jpg,2
train_1935_surprise.jpg,1
train_1936_angry.jpg,3
train_1936_disgust.jpg,4
train_1936_fear.jpg,5
train_1936_happy.jpg,0
train_1936_neutral.jpg,6
train_1936_sad.jpg,2
train_1936_surprise.jpg,1
train_1937_angry.jpg,3
train_1937_disgust.jpg,4
train_1937_fear.jpg,5
train_1937_happy.jpg,0
train_1937_neutral.jpg,6
train_1937_sad.jpg,2
train_1937_surprise.jpg,1
train_1938_angry.jpg,3
train_1938_disgust.jpg,4
train_1938_fear.jpg,5
train_1938_happy.jpg,0
train_1938_neutral.jpg,6
train_1938_sad.jpg,2
train_1938_surprise.jpg,1
train_1939_angry.jpg,3
train_1939_disgust.jpg,4
train_1939_fear.jpg,5
train_1939_happy.jpg,0
train_1939_neutral.jpg,6
train_1939_sad.jpg,2
train_1939_surprise.jpg,1
train_193_angry.jpg,3
train_193_disgust.jpg,4
train_193_fear.jpg,5
train_193_happy.png,0
train_193_neutral.png,6
train_193_sad.jpg,2
train_193_surprise.jpg,1
train_1940_angry.jpg,3
train_1940_disgust.jpg,4
train_1940_fear.jpg,5
train_1940_happy.jpg,0
train_1940_neutral.jpg,6
train_1940_sad.jpg,2
train_1940_surprise.jpg,1
train_1941_angry.jpg,3
train_1941_disgust.jpg,4
train_1941_fear.jpg,5
train_1941_happy.jpg,0
train_1941_neutral.jpg,6
train_1941_sad.jpg,2
train_1941_surprise.jpg,1
train_1942_angry.jpg,3
train_1942_disgust.jpg,4
train_1942_fear.jpg,5
train_1942_happy.jpg,0
train_1942_neutral.jpg,6
train_1942_sad.jpg,2
train_1942_surprise.jpg,1
train_1943_angry.jpg,3
train_1943_disgust.jpg,4
train_1943_fear.jpg,5
train_1943_happy.jpg,0
train_1943_neutral.jpg,6
train_1943_sad.jpg,2
train_1943_surprise.jpg,1
train_1944_angry.jpg,3
train_1944_disgust.jpg,4
train_1944_fear.jpg,5
train_1944_happy.jpg,0
train_1944_neutral.jpg,6
train_1944_sad.jpg,2
train_1944_surprise.jpg,1
train_1945_angry.jpg,3
train_1945_disgust.jpg,4
train_1945_fear.jpg,5
train_1945_happy.jpg,0
train_1945_neutral.jpg,6
train_1945_sad.jpg,2
train_1945_surprise.jpg,1
train_1946_angry.jpg,3
train_1946_disgust.jpg,4
train_1946_fear.jpg,5
train_1946_happy.jpg,0
train_1946_neutral.jpg,6
train_1946_sad.jpg,2
train_1946_surprise.jpg,1
train_1947_angry.jpg,3
train_1947_disgust.jpg,4
train_1947_fear.jpg,5
train_1947_happy.jpg,0
train_1947_neutral.jpg,6
train_1947_sad.jpg,2
train_1947_surprise.jpg,1
train_1948_angry.jpg,3
train_1948_disgust.jpg,4
train_1948_fear.jpg,5
train_1948_happy.jpg,0
train_1948_neutral.jpg,6
train_1948_sad.jpg,2
train_1948_surprise.jpg,1
train_1949_angry.jpg,3
train_1949_disgust.jpg,4
train_1949_fear.jpg,5
train_1949_happy.jpg,0
train_1949_neutral.jpg,6
train_1949_sad.jpg,2
train_1949_surprise.jpg,1
train_194_angry.jpg,3
train_194_disgust.jpg,4
train_194_fear.jpg,5
train_194_happy.png,0
train_194_neutral.png,6
train_194_sad.jpg,2
train_194_surprise.jpg,1
train_1950_angry.jpg,3
train_1950_disgust.jpg,4
train_1950_fear.jpg,5
train_1950_happy.jpg,0
train_1950_neutral.jpg,6
train_1950_sad.jpg,2
train_1950_surprise.jpg,1
train_1951_angry.jpg,3
train_1951_disgust.jpg,4
train_1951_fear.jpg,5
train_1951_happy.jpg,0
train_1951_neutral.jpg,6
train_1951_sad.jpg,2
train_1951_surprise.jpg,1
train_1952_angry.jpg,3
train_1952_disgust.jpg,4
train_1952_fear.jpg,5
train_1952_happy.jpg,0
train_1952_neutral.jpg,6
train_1952_sad.jpg,2
train_1952_surprise.jpg,1
train_1953_angry.jpg,3
train_1953_disgust.jpg,4
train_1953_fear.jpg,5
train_1953_happy.jpg,0
train_1953_neutral.jpg,6
train_1953_sad.jpg,2
train_1953_surprise.jpg,1
train_1954_angry.jpg,3
train_1954_disgust.jpg,4
train_1954_fear.jpg,5
train_1954_happy.jpg,0
train_1954_neutral.jpg,6
train_1954_sad.jpg,2
train_1954_surprise.jpg,1
train_1955_angry.jpg,3
train_1955_disgust.jpg,4
train_1955_fear.jpg,5
train_1955_happy.jpg,0
train_1955_neutral.jpg,6
train_1955_sad.jpg,2
train_1955_surprise.jpg,1
train_1956_angry.jpg,3
train_1956_disgust.jpg,4
train_1956_fear.jpg,5
train_1956_happy.jpg,0
train_1956_neutral.jpg,6
train_1956_sad.jpg,2
train_1956_surprise.jpg,1
train_1957_angry.jpg,3
train_1957_disgust.jpg,4
train_1957_fear.jpg,5
train_1957_happy.jpg,0
train_1957_neutral.jpg,6
train_1957_sad.jpg,2
train_1957_surprise.jpg,1
train_1958_angry.jpg,3
train_1958_disgust.jpg,4
train_1958_fear.jpg,5
train_1958_happy.jpg,0
train_1958_neutral.jpg,6
train_1958_sad.jpg,2
train_1958_surprise.jpg,1
train_1959_angry.jpg,3
train_1959_disgust.jpg,4
train_1959_fear.jpg,5
train_1959_happy.jpg,0
train_1959_neutral.jpg,6
train_1959_sad.jpg,2
train_1959_surprise.jpg,1
train_195_angry.jpg,3
train_195_disgust.jpg,4
train_195_fear.jpg,5
train_195_happy.png,0
train_195_neutral.png,6
train_195_sad.jpg,2
train_195_surprise.jpg,1
train_1960_angry.jpg,3
train_1960_disgust.jpg,4
train_1960_fear.jpg,5
train_1960_happy.jpg,0
train_1960_neutral.jpg,6
train_1960_sad.jpg,2
train_1960_surprise.jpg,1
train_1961_angry.jpg,3
train_1961_disgust.jpg,4
train_1961_fear.jpg,5
train_1961_happy.jpg,0
train_1961_neutral.jpg,6
train_1961_sad.jpg,2
train_1961_surprise.jpg,1
train_1962_angry.jpg,3
train_1962_disgust.jpg,4
train_1962_fear.jpg,5
train_1962_happy.jpg,0
train_1962_neutral.jpg,6
train_1962_sad.jpg,2
train_1962_surprise.jpg,1
train_1963_angry.jpg,3
train_1963_disgust.jpg,4
train_1963_fear.jpg,5
train_1963_happy.jpg,0
train_1963_neutral.jpg,6
train_1963_sad.jpg,2
train_1963_surprise.jpg,1
train_1964_angry.jpg,3
train_1964_disgust.jpg,4
train_1964_fear.jpg,5
train_1964_happy.jpg,0
train_1964_neutral.jpg,6
train_1964_sad.jpg,2
train_1964_surprise.jpg,1
train_1965_angry.jpg,3
train_1965_disgust.jpg,4
train_1965_fear.jpg,5
train_1965_happy.jpg,0
train_1965_neutral.jpg,6
train_1965_sad.jpg,2
train_1965_surprise.jpg,1
train_1966_angry.jpg,3
train_1966_disgust.jpg,4
train_1966_fear.jpg,5
train_1966_happy.jpg,0
train_1966_neutral.jpg,6
train_1966_sad.jpg,2
train_1966_surprise.jpg,1
train_1967_angry.jpg,3
train_1967_disgust.jpg,4
train_1967_fear.jpg,5
train_1967_happy.jpg,0
train_1967_neutral.jpg,6
train_1967_sad.jpg,2
train_1967_surprise.jpg,1
train_1968_angry.jpg,3
train_1968_disgust.jpg,4
train_1968_fear.jpg,5
train_1968_happy.jpg,0
train_1968_neutral.jpg,6
train_1968_sad.jpg,2
train_1968_surprise.jpg,1
train_1969_angry.jpg,3
train_1969_disgust.jpg,4
train_1969_fear.jpg,5
train_1969_happy.jpg,0
train_1969_neutral.jpg,6
train_1969_sad.jpg,2
train_1969_surprise.jpg,1
train_196_angry.jpg,3
train_196_disgust.jpg,4
train_196_fear.jpg,5
train_196_happy.png,0
train_196_neutral.png,6
train_196_sad.jpg,2
train_196_surprise.jpg,1
train_1970_angry.jpg,3
train_1970_disgust.jpg,4
train_1970_fear.jpg,5
train_1970_happy.jpg,0
train_1970_neutral.jpg,6
train_1970_sad.jpg,2
train_1970_surprise.jpg,1
train_1971_angry.jpg,3
train_1971_disgust.jpg,4
train_1971_fear.jpg,5
train_1971_happy.jpg,0
train_1971_neutral.jpg,6
train_1971_sad.jpg,2
train_1971_surprise.jpg,1
train_1972_angry.jpg,3
train_1972_disgust.jpg,4
train_1972_fear.jpg,5
train_1972_happy.jpg,0
train_1972_neutral.jpg,6
train_1972_sad.jpg,2
train_1972_surprise.jpg,1
train_1973_angry.jpg,3
train_1973_disgust.jpg,4
train_1973_fear.jpg,5
train_1973_happy.jpg,0
train_1973_neutral.jpg,6
train_1973_sad.jpg,2
train_1973_surprise.jpg,1
train_1974_angry.jpg,3
train_1974_disgust.jpg,4
train_1974_fear.jpg,5
train_1974_happy.jpg,0
train_1974_neutral.jpg,6
train_1974_sad.jpg,2
train_1974_surprise.jpg,1
train_1975_angry.jpg,3
train_1975_disgust.jpg,4
train_1975_fear.jpg,5
train_1975_happy.jpg,0
train_1975_neutral.jpg,6
train_1975_sad.jpg,2
train_1975_surprise.jpg,1
train_1976_angry.jpg,3
train_1976_disgust.jpg,4
train_1976_fear.jpg,5
train_1976_happy.jpg,0
train_1976_neutral.jpg,6
train_1976_sad.jpg,2
train_1976_surprise.jpg,1
train_1977_angry.jpg,3
train_1977_disgust.jpg,4
train_1977_fear.jpg,5
train_1977_happy.jpg,0
train_1977_neutral.jpg,6
train_1977_sad.jpg,2
train_1977_surprise.jpg,1
train_1978_angry.jpg,3
train_1978_disgust.jpg,4
train_1978_fear.jpg,5
train_1978_happy.jpg,0
train_1978_neutral.jpg,6
train_1978_sad.jpg,2
train_1978_surprise.jpg,1
train_1979_angry.jpg,3
train_1979_disgust.jpg,4
train_1979_fear.jpg,5
train_1979_happy.jpg,0
train_1979_neutral.jpg,6
train_1979_sad.jpg,2
train_1979_surprise.jpg,1
train_197_angry.jpg,3
train_197_disgust.jpg,4
train_197_fear.jpg,5
train_197_happy.png,0
train_197_neutral.png,6
train_197_sad.jpg,2
train_197_surprise.jpg,1
train_1980_angry.jpg,3
train_1980_disgust.jpg,4
train_1980_fear.jpg,5
train_1980_happy.jpg,0
train_1980_neutral.jpg,6
train_1980_sad.jpg,2
train_1980_surprise.jpg,1
train_1981_angry.jpg,3
train_1981_disgust.jpg,4
train_1981_fear.jpg,5
train_1981_happy.jpg,0
train_1981_neutral.jpg,6
train_1981_sad.jpg,2
train_1981_surprise.jpg,1
train_1982_angry.jpg,3
train_1982_disgust.jpg,4
train_1982_fear.jpg,5
train_1982_happy.jpg,0
train_1982_neutral.jpg,6
train_1982_sad.jpg,2
train_1982_surprise.jpg,1
train_1983_angry.jpg,3
train_1983_disgust.jpg,4
train_1983_fear.jpg,5
train_1983_happy.jpg,0
train_1983_neutral.jpg,6
train_1983_sad.jpg,2
train_1983_surprise.jpg,1
train_1984_angry.jpg,3
train_1984_disgust.jpg,4
train_1984_fear.jpg,5
train_1984_happy.jpg,0
train_1984_neutral.jpg,6
train_1984_sad.jpg,2
train_1984_surprise.jpg,1
train_1985_angry.jpg,3
train_1985_disgust.jpg,4
train_1985_fear.jpg,5
train_1985_happy.jpg,0
train_1985_neutral.jpg,6
train_1985_sad.jpg,2
train_1985_surprise.jpg,1
train_1986_angry.jpg,3
train_1986_disgust.jpg,4
train_1986_fear.jpg,5
train_1986_happy.jpg,0
train_1986_neutral.jpg,6
train_1986_sad.jpg,2
train_1986_surprise.jpg,1
train_1987_angry.jpg,3
train_1987_disgust.jpg,4
train_1987_fear.jpg,5
train_1987_happy.jpg,0
train_1987_neutral.jpg,6
train_1987_sad.jpg,2
train_1987_surprise.jpg,1
train_1988_angry.jpg,3
train_1988_disgust.jpg,4
train_1988_fear.jpg,5
train_1988_happy.jpg,0
train_1988_neutral.jpg,6
train_1988_sad.jpg,2
train_1988_surprise.jpg,1
train_1989_angry.jpg,3
train_1989_disgust.jpg,4
train_1989_fear.jpg,5
train_1989_happy.jpg,0
train_1989_neutral.jpg,6
train_1989_sad.jpg,2
train_1989_surprise.jpg,1
train_198_angry.jpg,3
train_198_disgust.jpg,4
train_198_fear.jpg,5
train_198_happy.png,0
train_198_neutral.png,6
train_198_sad.jpg,2
train_198_surprise.jpg,1
train_1990_angry.jpg,3
train_1990_disgust.jpg,4
train_1990_fear.jpg,5
train_1990_happy.jpg,0
train_1990_neutral.jpg,6
train_1990_sad.jpg,2
train_1990_surprise.jpg,1
train_1991_angry.jpg,3
train_1991_disgust.jpg,4
train_1991_fear.jpg,5
train_1991_happy.jpg,0
train_1991_neutral.jpg,6
train_1991_sad.jpg,2
train_1991_surprise.jpg,1
train_1992_angry.jpg,3
train_1992_disgust.jpg,4
train_1992_fear.jpg,5
train_1992_happy.jpg,0
train_1992_neutral.jpg,6
train_1992_sad.jpg,2
train_1992_surprise.jpg,1
train_1993_angry.jpg,3
train_1993_disgust.jpg,4
train_1993_fear.jpg,5
train_1993_happy.jpg,0
train_1993_neutral.jpg,6
train_1993_sad.jpg,2
train_1993_surprise.jpg,1
train_1994_angry.jpg,3
train_1994_disgust.jpg,4
train_1994_fear.jpg,5
train_1994_happy.jpg,0
train_1994_neutral.jpg,6
train_1994_sad.jpg,2
train_1994_surprise.jpg,1
train_1995_angry.jpg,3
train_1995_disgust.jpg,4
train_1995_fear.jpg,5
train_1995_happy.jpg,0
train_1995_neutral.jpg,6
train_1995_sad.jpg,2
train_1995_surprise.jpg,1
train_1996_angry.jpg,3
train_1996_disgust.jpg,4
train_1996_fear.jpg,5
train_1996_happy.jpg,0
train_1996_neutral.jpg,6
train_1996_sad.jpg,2
train_1996_surprise.jpg,1
train_1997_angry.jpg,3
train_1997_disgust.jpg,4
train_1997_fear.jpg,5
train_1997_happy.jpg,0
train_1997_neutral.jpg,6
train_1997_sad.jpg,2
train_1997_surprise.jpg,1
train_1998_angry.jpg,3
train_1998_disgust.jpg,4
train_1998_fear.jpg,5
train_1998_happy.jpg,0
train_1998_neutral.jpg,6
train_1998_sad.jpg,2
train_1998_surprise.jpg,1
train_1999_angry.jpg,3
train_1999_disgust.jpg,4
train_1999_fear.jpg,5
train_1999_happy.jpg,0
train_1999_neutral.jpg,6
train_1999_sad.jpg,2
train_1999_surprise.jpg,1
train_199_angry.jpg,3
train_199_disgust.jpg,4
train_199_fear.jpg,5
train_199_happy.png,0
train_199_neutral.png,6
train_199_sad.jpg,2
train_199_surprise.jpg,1
train_19_angry.jpg,3
train_19_disgust.jpg,4
train_19_fear.jpg,5
train_19_happy.png,0
train_19_neutral.png,6
train_19_sad.jpg,2
train_19_surprise.jpg,1
train_1_angry.jpg,3
train_1_disgust.jpg,4
train_1_fear.jpg,5
train_1_happy.png,0
train_1_neutral.png,6
train_1_sad.jpg,2
train_1_surprise.jpg,1
train_2000_angry.jpg,3
train_2000_disgust.jpg,4
train_2000_fear.jpg,5
train_2000_happy.jpg,0
train_2000_neutral.jpg,6
train_2000_sad.jpg,2
train_2000_surprise.jpg,1
train_2001_angry.jpg,3
train_2001_disgust.jpg,4
train_2001_fear.jpg,5
train_2001_happy.jpg,0
train_2001_neutral.jpg,6
train_2001_sad.jpg,2
train_2001_surprise.jpg,1
train_2002_angry.jpg,3
train_2002_disgust.jpg,4
train_2002_fear.jpg,5
train_2002_happy.jpg,0
train_2002_neutral.jpg,6
train_2002_sad.jpg,2
train_2002_surprise.jpg,1
train_2003_angry.jpg,3
train_2003_disgust.jpg,4
train_2003_fear.jpg,5
train_2003_happy.jpg,0
train_2003_neutral.jpg,6
train_2003_sad.jpg,2
train_2003_surprise.jpg,1
train_2004_angry.jpg,3
train_2004_disgust.jpg,4
train_2004_fear.jpg,5
train_2004_happy.jpg,0
train_2004_neutral.jpg,6
train_2004_sad.jpg,2
train_2004_surprise.jpg,1
train_2005_angry.jpg,3
train_2005_disgust.jpg,4
train_2005_fear.jpg,5
train_2005_happy.jpg,0
train_2005_neutral.jpg,6
train_2005_sad.jpg,2
train_2005_surprise.jpg,1
train_2006_angry.jpg,3
train_2006_disgust.jpg,4
train_2006_fear.jpg,5
train_2006_happy.jpg,0
train_2006_neutral.jpg,6
train_2006_sad.jpg,2
train_2006_surprise.jpg,1
train_2007_angry.jpg,3
train_2007_disgust.jpg,4
train_2007_fear.jpg,5
train_2007_happy.jpg,0
train_2007_neutral.jpg,6
train_2007_sad.jpg,2
train_2007_surprise.jpg,1
train_2008_angry.jpg,3
train_2008_disgust.jpg,4
train_2008_fear.jpg,5
train_2008_happy.jpg,0
train_2008_neutral.jpg,6
train_2008_sad.jpg,2
train_2008_surprise.jpg,1
train_2009_angry.jpg,3
train_2009_disgust.jpg,4
train_2009_fear.jpg,5
train_2009_happy.jpg,0
train_2009_neutral.jpg,6
train_2009_sad.jpg,2
train_2009_surprise.jpg,1
train_200_angry.jpg,3
train_200_disgust.jpg,4
train_200_fear.jpg,5
train_200_happy.png,0
train_200_neutral.png,6
train_200_sad.jpg,2
train_200_surprise.jpg,1
train_2010_angry.jpg,3
train_2010_disgust.jpg,4
train_2010_fear.jpg,5
train_2010_happy.jpg,0
train_2010_neutral.jpg,6
train_2010_sad.jpg,2
train_2010_surprise.jpg,1
train_2011_angry.jpg,3
train_2011_disgust.jpg,4
train_2011_fear.jpg,5
train_2011_happy.jpg,0
train_2011_neutral.jpg,6
train_2011_sad.jpg,2
train_2011_surprise.jpg,1
train_2012_angry.jpg,3
train_2012_disgust.jpg,4
train_2012_fear.jpg,5
train_2012_happy.jpg,0
train_2012_neutral.jpg,6
train_2012_sad.jpg,2
train_2012_surprise.jpg,1
train_2013_angry.jpg,3
train_2013_disgust.jpg,4
train_2013_fear.jpg,5
train_2013_happy.jpg,0
train_2013_neutral.jpg,6
train_2013_sad.jpg,2
train_2013_surprise.jpg,1
train_2014_angry.jpg,3
train_2014_disgust.jpg,4
train_2014_fear.jpg,5
train_2014_happy.jpg,0
train_2014_neutral.jpg,6
train_2014_sad.jpg,2
train_2014_surprise.jpg,1
train_2015_angry.jpg,3
train_2015_disgust.jpg,4
train_2015_fear.jpg,5
train_2015_happy.jpg,0
train_2015_neutral.jpg,6
train_2015_sad.jpg,2
train_2015_surprise.jpg,1
train_2016_angry.jpg,3
train_2016_disgust.jpg,4
train_2016_fear.jpg,5
train_2016_happy.jpg,0
train_2016_neutral.jpg,6
train_2016_sad.jpg,2
train_2016_surprise.jpg,1
train_2017_angry.jpg,3
train_2017_disgust.jpg,4
train_2017_fear.jpg,5
train_2017_happy.jpg,0
train_2017_neutral.jpg,6
train_2017_sad.jpg,2
train_2017_surprise.jpg,1
train_2018_angry.jpg,3
train_2018_disgust.jpg,4
train_2018_fear.jpg,5
train_2018_happy.jpg,0
train_2018_neutral.jpg,6
train_2018_sad.jpg,2
train_2018_surprise.jpg,1
train_2019_angry.jpg,3
train_2019_disgust.jpg,4
train_2019_fear.jpg,5
train_2019_happy.jpg,0
train_2019_neutral.jpg,6
train_2019_sad.jpg,2
train_2019_surprise.jpg,1
train_201_angry.jpg,3
train_201_disgust.jpg,4
train_201_fear.jpg,5
train_201_happy.png,0
train_201_neutral.png,6
train_201_sad.jpg,2
train_201_surprise.jpg,1
train_2020_angry.jpg,3
train_2020_disgust.jpg,4
train_2020_fear.jpg,5
train_2020_happy.jpg,0
train_2020_neutral.jpg,6
train_2020_sad.jpg,2
train_2020_surprise.jpg,1
train_2021_angry.jpg,3
train_2021_disgust.jpg,4
train_2021_fear.jpg,5
train_2021_happy.jpg,0
train_2021_neutral.jpg,6
train_2021_sad.jpg,2
train_2021_surprise.jpg,1
train_2022_angry.jpg,3
train_2022_disgust.jpg,4
train_2022_fear.jpg,5
train_2022_happy.jpg,0
train_2022_neutral.jpg,6
train_2022_sad.jpg,2
train_2022_surprise.jpg,1
train_2023_angry.jpg,3
train_2023_disgust.jpg,4
train_2023_fear.jpg,5
train_2023_happy.jpg,0
train_2023_neutral.jpg,6
train_2023_sad.jpg,2
train_2023_surprise.jpg,1
train_2024_angry.jpg,3
train_2024_disgust.jpg,4
train_2024_fear.jpg,5
train_2024_happy.jpg,0
train_2024_neutral.jpg,6
train_2024_sad.jpg,2
train_2024_surprise.jpg,1
train_2025_angry.jpg,3
train_2025_disgust.jpg,4
train_2025_fear.jpg,5
train_2025_happy.jpg,0
train_2025_neutral.jpg,6
train_2025_sad.jpg,2
train_2025_surprise.jpg,1
train_2026_angry.jpg,3
train_2026_disgust.jpg,4
train_2026_fear.jpg,5
train_2026_happy.jpg,0
train_2026_neutral.jpg,6
train_2026_sad.jpg,2
train_2026_surprise.jpg,1
train_2027_angry.jpg,3
train_2027_disgust.jpg,4
train_2027_fear.jpg,5
train_2027_happy.jpg,0
train_2027_neutral.jpg,6
train_2027_sad.jpg,2
train_2027_surprise.jpg,1
train_2028_angry.jpg,3
train_2028_disgust.jpg,4
train_2028_fear.jpg,5
train_2028_happy.jpg,0
train_2028_neutral.jpg,6
train_2028_sad.jpg,2
train_2028_surprise.jpg,1
train_2029_angry.jpg,3
train_2029_disgust.jpg,4
train_2029_fear.jpg,5
train_2029_happy.jpg,0
train_2029_neutral.jpg,6
train_2029_sad.jpg,2
train_2029_surprise.jpg,1
train_202_angry.jpg,3
train_202_disgust.jpg,4
train_202_fear.jpg,5
train_202_happy.png,0
train_202_neutral.png,6
train_202_sad.jpg,2
train_202_surprise.jpg,1
train_2030_angry.jpg,3
train_2030_disgust.jpg,4
train_2030_fear.jpg,5
train_2030_happy.jpg,0
train_2030_neutral.jpg,6
train_2030_sad.jpg,2
train_2030_surprise.jpg,1
train_2031_angry.jpg,3
train_2031_disgust.jpg,4
train_2031_fear.jpg,5
train_2031_happy.jpg,0
train_2031_neutral.jpg,6
train_2031_sad.jpg,2
train_2031_surprise.jpg,1
train_2032_angry.jpg,3
train_2032_disgust.jpg,4
train_2032_fear.jpg,5
train_2032_happy.jpg,0
train_2032_neutral.jpg,6
train_2032_sad.jpg,2
train_2032_surprise.jpg,1
train_2033_angry.jpg,3
train_2033_disgust.jpg,4
train_2033_fear.jpg,5
train_2033_happy.jpg,0
train_2033_neutral.jpg,6
train_2033_sad.jpg,2
train_2033_surprise.jpg,1
train_2034_angry.jpg,3
train_2034_disgust.jpg,4
train_2034_fear.jpg,5
train_2034_happy.jpg,0
train_2034_neutral.jpg,6
train_2034_sad.jpg,2
train_2034_surprise.jpg,1
train_2035_angry.jpg,3
train_2035_disgust.jpg,4
train_2035_fear.jpg,5
train_2035_happy.jpg,0
train_2035_neutral.jpg,6
train_2035_sad.jpg,2
train_2035_surprise.jpg,1
train_2036_angry.jpg,3
train_2036_disgust.jpg,4
train_2036_fear.jpg,5
train_2036_happy.jpg,0
train_2036_neutral.jpg,6
train_2036_sad.jpg,2
train_2036_surprise.jpg,1
train_2037_angry.jpg,3
train_2037_disgust.jpg,4
train_2037_fear.jpg,5
train_2037_happy.jpg,0
train_2037_neutral.jpg,6
train_2037_sad.jpg,2
train_2037_surprise.jpg,1
train_2038_angry.jpg,3
train_2038_disgust.jpg,4
train_2038_fear.jpg,5
train_2038_happy.jpg,0
train_2038_neutral.jpg,6
train_2038_sad.jpg,2
train_2038_surprise.jpg,1
train_2039_angry.jpg,3
train_2039_disgust.jpg,4
train_2039_fear.jpg,5
train_2039_happy.jpg,0
train_2039_neutral.jpg,6
train_2039_sad.jpg,2
train_2039_surprise.jpg,1
train_203_angry.jpg,3
train_203_disgust.jpg,4
train_203_fear.jpg,5
train_203_happy.png,0
train_203_neutral.png,6
train_203_sad.jpg,2
train_203_surprise.jpg,1
train_2040_angry.jpg,3
train_2040_disgust.jpg,4
train_2040_fear.jpg,5
train_2040_happy.jpg,0
train_2040_neutral.jpg,6
train_2040_sad.jpg,2
train_2040_surprise.jpg,1
train_2041_angry.jpg,3
train_2041_disgust.jpg,4
train_2041_fear.jpg,5
train_2041_happy.jpg,0
train_2041_neutral.jpg,6
train_2041_sad.jpg,2
train_2041_surprise.jpg,1
train_2042_angry.jpg,3
train_2042_disgust.jpg,4
train_2042_fear.jpg,5
train_2042_happy.jpg,0
train_2042_neutral.jpg,6
train_2042_sad.jpg,2
train_2042_surprise.jpg,1
train_2043_angry.jpg,3
train_2043_disgust.jpg,4
train_2043_fear.jpg,5
train_2043_happy.jpg,0
train_2043_neutral.jpg,6
train_2043_sad.jpg,2
train_2043_surprise.jpg,1
train_2044_angry.jpg,3
train_2044_disgust.jpg,4
train_2044_fear.jpg,5
train_2044_happy.jpg,0
train_2044_neutral.jpg,6
train_2044_sad.jpg,2
train_2044_surprise.jpg,1
train_2045_angry.jpg,3
train_2045_disgust.jpg,4
train_2045_fear.jpg,5
train_2045_happy.jpg,0
train_2045_neutral.jpg,6
train_2045_sad.jpg,2
train_2045_surprise.jpg,1
train_2046_angry.jpg,3
train_2046_disgust.jpg,4
train_2046_fear.jpg,5
train_2046_happy.jpg,0
train_2046_neutral.jpg,6
train_2046_sad.jpg,2
train_2046_surprise.jpg,1
train_2047_angry.jpg,3
train_2047_disgust.jpg,4
train_2047_fear.jpg,5
train_2047_happy.jpg,0
train_2047_neutral.jpg,6
train_2047_sad.jpg,2
train_2047_surprise.jpg,1
train_2048_angry.jpg,3
train_2048_disgust.jpg,4
train_2048_fear.jpg,5
train_2048_happy.jpg,0
train_2048_neutral.jpg,6
train_2048_sad.jpg,2
train_2048_surprise.jpg,1
train_2049_angry.jpg,3
train_2049_disgust.jpg,4
train_2049_fear.jpg,5
train_2049_happy.jpg,0
train_2049_neutral.jpg,6
train_2049_sad.jpg,2
train_2049_surprise.jpg,1
train_204_angry.jpg,3
train_204_disgust.jpg,4
train_204_fear.jpg,5
train_204_happy.png,0
train_204_neutral.png,6
train_204_sad.jpg,2
train_204_surprise.jpg,1
train_2050_angry.jpg,3
train_2050_disgust.jpg,4
train_2050_fear.jpg,5
train_2050_happy.jpg,0
train_2050_neutral.jpg,6
train_2050_sad.jpg,2
train_2050_surprise.jpg,1
train_2051_angry.jpg,3
train_2051_disgust.jpg,4
train_2051_fear.jpg,5
train_2051_happy.jpg,0
train_2051_neutral.jpg,6
train_2051_sad.jpg,2
train_2051_surprise.jpg,1
train_2052_angry.jpg,3
train_2052_disgust.jpg,4
train_2052_fear.jpg,5
train_2052_happy.jpg,0
train_2052_neutral.jpg,6
train_2052_sad.jpg,2
train_2052_surprise.jpg,1
train_2053_angry.jpg,3
train_2053_disgust.jpg,4
train_2053_fear.jpg,5
train_2053_happy.jpg,0
train_2053_neutral.jpg,6
train_2053_sad.jpg,2
train_2053_surprise.jpg,1
train_2054_angry.jpg,3
train_2054_disgust.jpg,4
train_2054_fear.jpg,5
train_2054_happy.jpg,0
train_2054_neutral.jpg,6
train_2054_sad.jpg,2
train_2054_surprise.jpg,1
train_2055_angry.jpg,3
train_2055_disgust.jpg,4
train_2055_fear.jpg,5
train_2055_happy.jpg,0
train_2055_neutral.jpg,6
train_2055_sad.jpg,2
train_2055_surprise.jpg,1
train_2056_angry.jpg,3
train_2056_disgust.jpg,4
train_2056_fear.jpg,5
train_2056_happy.jpg,0
train_2056_neutral.jpg,6
train_2056_sad.jpg,2
train_2056_surprise.jpg,1
train_2057_angry.jpg,3
train_2057_disgust.jpg,4
train_2057_fear.jpg,5
train_2057_happy.jpg,0
train_2057_neutral.jpg,6
train_2057_sad.jpg,2
train_2057_surprise.jpg,1
train_2058_angry.jpg,3
train_2058_disgust.jpg,4
train_2058_fear.jpg,5
train_2058_happy.jpg,0
train_2058_neutral.jpg,6
train_2058_sad.jpg,2
train_2058_surprise.jpg,1
train_2059_angry.jpg,3
train_2059_disgust.jpg,4
train_2059_fear.jpg,5
train_2059_happy.jpg,0
train_2059_neutral.jpg,6
train_2059_sad.jpg,2
train_2059_surprise.jpg,1
train_205_angry.jpg,3
train_205_disgust.jpg,4
train_205_fear.jpg,5
train_205_happy.png,0
train_205_neutral.png,6
train_205_sad.jpg,2
train_205_surprise.jpg,1
train_2060_angry.jpg,3
train_2060_disgust.jpg,4
train_2060_fear.jpg,5
train_2060_happy.jpg,0
train_2060_neutral.jpg,6
train_2060_sad.jpg,2
train_2060_surprise.jpg,1
train_2061_angry.jpg,3
train_2061_disgust.jpg,4
train_2061_fear.jpg,5
train_2061_happy.jpg,0
train_2061_neutral.jpg,6
train_2061_sad.jpg,2
train_2061_surprise.jpg,1
train_2062_angry.jpg,3
train_2062_disgust.jpg,4
train_2062_fear.jpg,5
train_2062_happy.jpg,0
train_2062_neutral.jpg,6
train_2062_sad.jpg,2
train_2062_surprise.jpg,1
train_2063_angry.jpg,3
train_2063_disgust.jpg,4
train_2063_fear.jpg,5
train_2063_happy.jpg,0
train_2063_neutral.jpg,6
train_2063_sad.jpg,2
train_2063_surprise.jpg,1
train_2064_angry.jpg,3
train_2064_disgust.jpg,4
train_2064_fear.jpg,5
train_2064_happy.jpg,0
train_2064_neutral.jpg,6
train_2064_sad.jpg,2
train_2064_surprise.jpg,1
train_2065_angry.jpg,3
train_2065_disgust.jpg,4
train_2065_fear.jpg,5
train_2065_happy.jpg,0
train_2065_neutral.jpg,6
train_2065_sad.jpg,2
train_2065_surprise.jpg,1
train_2066_angry.jpg,3
train_2066_disgust.jpg,4
train_2066_fear.jpg,5
train_2066_happy.jpg,0
train_2066_neutral.jpg,6
train_2066_sad.jpg,2
train_2066_surprise.jpg,1
train_2067_angry.jpg,3
train_2067_disgust.jpg,4
train_2067_fear.jpg,5
train_2067_happy.jpg,0
train_2067_neutral.jpg,6
train_2067_sad.jpg,2
train_2067_surprise.jpg,1
train_2068_angry.jpg,3
train_2068_disgust.jpg,4
train_2068_fear.jpg,5
train_2068_happy.jpg,0
train_2068_neutral.jpg,6
train_2068_sad.jpg,2
train_2068_surprise.jpg,1
train_2069_angry.jpg,3
train_2069_disgust.jpg,4
train_2069_fear.jpg,5
train_2069_happy.jpg,0
train_2069_neutral.jpg,6
train_2069_sad.jpg,2
train_2069_surprise.jpg,1
train_206_angry.jpg,3
train_206_disgust.jpg,4
train_206_fear.jpg,5
train_206_happy.png,0
train_206_neutral.png,6
train_206_sad.jpg,2
train_206_surprise.jpg,1
train_2070_angry.jpg,3
train_2070_disgust.jpg,4
train_2070_fear.jpg,5
train_2070_happy.jpg,0
train_2070_neutral.jpg,6
train_2070_sad.jpg,2
train_2070_surprise.jpg,1
train_2071_angry.jpg,3
train_2071_disgust.jpg,4
train_2071_fear.jpg,5
train_2071_happy.jpg,0
train_2071_neutral.jpg,6
train_2071_sad.jpg,2
train_2071_surprise.jpg,1
train_2072_angry.jpg,3
train_2072_disgust.jpg,4
train_2072_fear.jpg,5
train_2072_happy.jpg,0
train_2072_neutral.jpg,6
train_2072_sad.jpg,2
train_2072_surprise.jpg,1
train_2073_angry.jpg,3
train_2073_disgust.jpg,4
train_2073_fear.jpg,5
train_2073_happy.jpg,0
train_2073_neutral.jpg,6
train_2073_sad.jpg,2
train_2073_surprise.jpg,1
train_2074_angry.jpg,3
train_2074_disgust.jpg,4
train_2074_fear.jpg,5
train_2074_happy.jpg,0
train_2074_neutral.jpg,6
train_2074_sad.jpg,2
train_2074_surprise.jpg,1
train_2075_angry.jpg,3
train_2075_disgust.jpg,4
train_2075_fear.jpg,5
train_2075_happy.jpg,0
train_2075_neutral.jpg,6
train_2075_sad.jpg,2
train_2075_surprise.jpg,1
train_2076_angry.jpg,3
train_2076_disgust.jpg,4
train_2076_fear.jpg,5
train_2076_happy.jpg,0
train_2076_neutral.jpg,6
train_2076_sad.jpg,2
train_2076_surprise.jpg,1
train_2077_angry.jpg,3
train_2077_disgust.jpg,4
train_2077_fear.jpg,5
train_2077_happy.jpg,0
train_2077_neutral.jpg,6
train_2077_sad.jpg,2
train_2077_surprise.jpg,1
train_2078_angry.jpg,3
train_2078_disgust.jpg,4
train_2078_fear.jpg,5
train_2078_happy.jpg,0
train_2078_neutral.jpg,6
train_2078_sad.jpg,2
train_2078_surprise.jpg,1
train_2079_angry.jpg,3
train_2079_disgust.jpg,4
train_2079_fear.jpg,5
train_2079_happy.jpg,0
train_2079_neutral.jpg,6
train_2079_sad.jpg,2
train_2079_surprise.jpg,1
train_207_angry.jpg,3
train_207_disgust.jpg,4
train_207_fear.jpg,5
train_207_happy.png,0
train_207_neutral.png,6
train_207_sad.jpg,2
train_207_surprise.jpg,1
train_2080_angry.jpg,3
train_2080_disgust.jpg,4
train_2080_fear.jpg,5
train_2080_happy.jpg,0
train_2080_neutral.jpg,6
train_2080_sad.jpg,2
train_2080_surprise.jpg,1
train_2081_angry.jpg,3
train_2081_disgust.jpg,4
train_2081_fear.jpg,5
train_2081_happy.jpg,0
train_2081_neutral.jpg,6
train_2081_sad.jpg,2
train_2081_surprise.jpg,1
train_2082_angry.jpg,3
train_2082_disgust.jpg,4
train_2082_fear.jpg,5
train_2082_happy.jpg,0
train_2082_neutral.jpg,6
train_2082_sad.jpg,2
train_2082_surprise.jpg,1
train_2083_angry.jpg,3
train_2083_disgust.jpg,4
train_2083_fear.jpg,5
train_2083_happy.jpg,0
train_2083_neutral.jpg,6
train_2083_sad.jpg,2
train_2083_surprise.jpg,1
train_2084_angry.jpg,3
train_2084_disgust.jpg,4
train_2084_fear.jpg,5
train_2084_happy.jpg,0
train_2084_neutral.jpg,6
train_2084_sad.jpg,2
train_2084_surprise.jpg,1
train_2085_angry.jpg,3
train_2085_disgust.jpg,4
train_2085_fear.jpg,5
train_2085_happy.jpg,0
train_2085_neutral.jpg,6
train_2085_sad.jpg,2
train_2085_surprise.jpg,1
train_2086_angry.jpg,3
train_2086_disgust.jpg,4
train_2086_fear.jpg,5
train_2086_happy.jpg,0
train_2086_neutral.jpg,6
train_2086_sad.jpg,2
train_2086_surprise.jpg,1
train_2087_angry.jpg,3
train_2087_disgust.jpg,4
train_2087_fear.jpg,5
train_2087_happy.jpg,0
train_2087_neutral.jpg,6
train_2087_sad.jpg,2
train_2087_surprise.jpg,1
train_2088_angry.jpg,3
train_2088_disgust.jpg,4
train_2088_fear.jpg,5
train_2088_happy.jpg,0
train_2088_neutral.jpg,6
train_2088_sad.jpg,2
train_2088_surprise.jpg,1
train_2089_angry.jpg,3
train_2089_disgust.jpg,4
train_2089_fear.jpg,5
train_2089_happy.jpg,0
train_2089_neutral.jpg,6
train_2089_sad.jpg,2
train_2089_surprise.jpg,1
train_208_angry.jpg,3
train_208_disgust.jpg,4
train_208_fear.jpg,5
train_208_happy.png,0
train_208_neutral.png,6
train_208_sad.jpg,2
train_208_surprise.jpg,1
train_2090_angry.jpg,3
train_2090_disgust.jpg,4
train_2090_fear.jpg,5
train_2090_happy.jpg,0
train_2090_neutral.jpg,6
train_2090_sad.jpg,2
train_2090_surprise.jpg,1
train_2091_angry.jpg,3
train_2091_disgust.jpg,4
train_2091_fear.jpg,5
train_2091_happy.jpg,0
train_2091_neutral.jpg,6
train_2091_sad.jpg,2
train_2091_surprise.jpg,1
train_2092_angry.jpg,3
train_2092_disgust.jpg,4
train_2092_fear.jpg,5
train_2092_happy.jpg,0
train_2092_neutral.jpg,6
train_2092_sad.jpg,2
train_2092_surprise.jpg,1
train_2093_angry.jpg,3
train_2093_disgust.jpg,4
train_2093_fear.jpg,5
train_2093_happy.jpg,0
train_2093_neutral.jpg,6
train_2093_sad.jpg,2
train_2093_surprise.jpg,1
train_2094_angry.jpg,3
train_2094_disgust.jpg,4
train_2094_fear.jpg,5
train_2094_happy.jpg,0
train_2094_neutral.jpg,6
train_2094_sad.jpg,2
train_2094_surprise.jpg,1
train_2095_angry.jpg,3
train_2095_disgust.jpg,4
train_2095_fear.jpg,5
train_2095_happy.jpg,0
train_2095_neutral.jpg,6
train_2095_sad.jpg,2
train_2095_surprise.jpg,1
train_2096_angry.jpg,3
train_2096_disgust.jpg,4
train_2096_fear.jpg,5
train_2096_happy.jpg,0
train_2096_neutral.jpg,6
train_2096_sad.jpg,2
train_2096_surprise.jpg,1
train_2097_angry.jpg,3
train_2097_disgust.jpg,4
train_2097_fear.jpg,5
train_2097_happy.jpg,0
train_2097_neutral.jpg,6
train_2097_sad.jpg,2
train_2097_surprise.jpg,1
train_2098_angry.jpg,3
train_2098_disgust.jpg,4
train_2098_fear.jpg,5
train_2098_happy.jpg,0
train_2098_neutral.jpg,6
train_2098_sad.jpg,2
train_2098_surprise.jpg,1
train_2099_angry.jpg,3
train_2099_disgust.jpg,4
train_2099_fear.jpg,5
train_2099_happy.jpg,0
train_2099_neutral.jpg,6
train_2099_sad.jpg,2
train_2099_surprise.jpg,1
train_209_angry.jpg,3
train_209_disgust.jpg,4
train_209_fear.jpg,5
train_209_happy.png,0
train_209_neutral.png,6
train_209_sad.jpg,2
train_209_surprise.jpg,1
train_20_angry.jpg,3
train_20_disgust.jpg,4
train_20_fear.jpg,5
train_20_happy.png,0
train_20_neutral.png,6
train_20_sad.jpg,2
train_20_surprise.jpg,1
train_2100_angry.jpg,3
train_2100_disgust.jpg,4
train_2100_fear.jpg,5
train_2100_happy.jpg,0
train_2100_neutral.jpg,6
train_2100_sad.jpg,2
train_2100_surprise.jpg,1
train_2101_angry.jpg,3
train_2101_disgust.jpg,4
train_2101_fear.jpg,5
train_2101_happy.jpg,0
train_2101_neutral.jpg,6
train_2101_sad.jpg,2
train_2101_surprise.jpg,1
train_2102_angry.jpg,3
train_2102_disgust.jpg,4
train_2102_fear.jpg,5
train_2102_happy.jpg,0
train_2102_neutral.jpg,6
train_2102_sad.jpg,2
train_2102_surprise.jpg,1
train_2103_angry.jpg,3
train_2103_disgust.jpg,4
train_2103_fear.jpg,5
train_2103_happy.jpg,0
train_2103_neutral.jpg,6
train_2103_sad.jpg,2
train_2103_surprise.jpg,1
train_2104_angry.jpg,3
train_2104_disgust.jpg,4
train_2104_fear.jpg,5
train_2104_happy.jpg,0
train_2104_neutral.jpg,6
train_2104_sad.jpg,2
train_2104_surprise.jpg,1
train_2105_angry.jpg,3
train_2105_disgust.jpg,4
train_2105_fear.jpg,5
train_2105_happy.jpg,0
train_2105_neutral.jpg,6
train_2105_sad.jpg,2
train_2105_surprise.jpg,1
train_2106_angry.jpg,3
train_2106_disgust.jpg,4
train_2106_fear.jpg,5
train_2106_happy.jpg,0
train_2106_neutral.jpg,6
train_2106_sad.jpg,2
train_2106_surprise.jpg,1
train_2107_angry.jpg,3
train_2107_disgust.jpg,4
train_2107_fear.jpg,5
train_2107_happy.jpg,0
train_2107_neutral.jpg,6
train_2107_sad.jpg,2
train_2107_surprise.jpg,1
train_2108_angry.jpg,3
train_2108_disgust.jpg,4
train_2108_fear.jpg,5
train_2108_happy.jpg,0
train_2108_neutral.jpg,6
train_2108_sad.jpg,2
train_2108_surprise.jpg,1
train_2109_angry.jpg,3
train_2109_disgust.jpg,4
train_2109_fear.jpg,5
train_2109_happy.jpg,0
train_2109_neutral.jpg,6
train_2109_sad.jpg,2
train_2109_surprise.jpg,1
train_210_angry.jpg,3
train_210_disgust.jpg,4
train_210_fear.jpg,5
train_210_happy.png,0
train_210_neutral.png,6
train_210_sad.jpg,2
train_210_surprise.jpg,1
train_2110_angry.jpg,3
train_2110_disgust.jpg,4
train_2110_fear.jpg,5
train_2110_happy.jpg,0
train_2110_neutral.jpg,6
train_2110_sad.jpg,2
train_2110_surprise.jpg,1
train_2111_angry.jpg,3
train_2111_disgust.jpg,4
train_2111_fear.jpg,5
train_2111_happy.jpg,0
train_2111_neutral.jpg,6
train_2111_sad.jpg,2
train_2111_surprise.jpg,1
train_2112_angry.jpg,3
train_2112_disgust.jpg,4
train_2112_fear.jpg,5
train_2112_happy.jpg,0
train_2112_neutral.jpg,6
train_2112_sad.jpg,2
train_2112_surprise.jpg,1
train_2113_angry.jpg,3
train_2113_disgust.jpg,4
train_2113_fear.jpg,5
train_2113_happy.jpg,0
train_2113_neutral.jpg,6
train_2113_sad.jpg,2
train_2113_surprise.jpg,1
train_2114_angry.jpg,3
train_2114_disgust.jpg,4
train_2114_fear.jpg,5
train_2114_happy.jpg,0
train_2114_neutral.jpg,6
train_2114_sad.jpg,2
train_2114_surprise.jpg,1
train_2115_angry.jpg,3
train_2115_disgust.jpg,4
train_2115_fear.jpg,5
train_2115_happy.jpg,0
train_2115_neutral.jpg,6
train_2115_sad.jpg,2
train_2115_surprise.jpg,1
train_2116_angry.jpg,3
train_2116_disgust.jpg,4
train_2116_fear.jpg,5
train_2116_happy.jpg,0
train_2116_neutral.jpg,6
train_2116_sad.jpg,2
train_2116_surprise.jpg,1
train_2117_angry.jpg,3
train_2117_disgust.jpg,4
train_2117_fear.jpg,5
train_2117_happy.jpg,0
train_2117_neutral.jpg,6
train_2117_sad.jpg,2
train_2117_surprise.jpg,1
train_2118_angry.jpg,3
train_2118_disgust.jpg,4
train_2118_fear.jpg,5
train_2118_happy.jpg,0
train_2118_neutral.jpg,6
train_2118_sad.jpg,2
train_2118_surprise.jpg,1
train_2119_angry.jpg,3
train_2119_disgust.jpg,4
train_2119_fear.jpg,5
train_2119_happy.jpg,0
train_2119_neutral.jpg,6
train_2119_sad.jpg,2
train_2119_surprise.jpg,1
train_211_angry.jpg,3
train_211_disgust.jpg,4
train_211_fear.jpg,5
train_211_happy.png,0
train_211_neutral.png,6
train_211_sad.jpg,2
train_211_surprise.jpg,1
train_2120_angry.jpg,3
train_2120_disgust.jpg,4
train_2120_fear.jpg,5
train_2120_happy.jpg,0
train_2120_neutral.jpg,6
train_2120_sad.jpg,2
train_2120_surprise.jpg,1
train_2121_angry.jpg,3
train_2121_disgust.jpg,4
train_2121_fear.jpg,5
train_2121_happy.jpg,0
train_2121_neutral.jpg,6
train_2121_sad.jpg,2
train_2121_surprise.jpg,1
train_2122_angry.jpg,3
train_2122_disgust.jpg,4
train_2122_fear.jpg,5
train_2122_happy.jpg,0
train_2122_neutral.jpg,6
train_2122_sad.jpg,2
train_2122_surprise.jpg,1
train_2123_angry.jpg,3
train_2123_disgust.jpg,4
train_2123_fear.jpg,5
train_2123_happy.jpg,0
train_2123_neutral.jpg,6
train_2123_sad.jpg,2
train_2123_surprise.jpg,1
train_2124_angry.jpg,3
train_2124_disgust.jpg,4
train_2124_fear.jpg,5
train_2124_happy.jpg,0
train_2124_neutral.jpg,6
train_2124_sad.jpg,2
train_2124_surprise.jpg,1
train_2125_angry.jpg,3
train_2125_disgust.jpg,4
train_2125_fear.jpg,5
train_2125_happy.jpg,0
train_2125_neutral.jpg,6
train_2125_sad.jpg,2
train_2125_surprise.jpg,1
train_2126_angry.jpg,3
train_2126_disgust.jpg,4
train_2126_fear.jpg,5
train_2126_happy.jpg,0
train_2126_neutral.jpg,6
train_2126_sad.jpg,2
train_2126_surprise.jpg,1
train_2127_angry.jpg,3
train_2127_disgust.jpg,4
train_2127_fear.jpg,5
train_2127_happy.jpg,0
train_2127_neutral.jpg,6
train_2127_sad.jpg,2
train_2127_surprise.jpg,1
train_2128_angry.jpg,3
train_2128_disgust.jpg,4
train_2128_fear.jpg,5
train_2128_happy.jpg,0
train_2128_neutral.jpg,6
train_2128_sad.jpg,2
train_2128_surprise.jpg,1
train_2129_angry.jpg,3
train_2129_disgust.jpg,4
train_2129_fear.jpg,5
train_2129_happy.jpg,0
train_2129_neutral.jpg,6
train_2129_sad.jpg,2
train_2129_surprise.jpg,1
train_212_angry.jpg,3
train_212_disgust.jpg,4
train_212_fear.jpg,5
train_212_happy.png,0
train_212_neutral.png,6
train_212_sad.jpg,2
train_212_surprise.jpg,1
train_2130_angry.jpg,3
train_2130_disgust.jpg,4
train_2130_fear.jpg,5
train_2130_happy.jpg,0
train_2130_neutral.jpg,6
train_2130_sad.jpg,2
train_2130_surprise.jpg,1
train_2131_angry.jpg,3
train_2131_disgust.jpg,4
train_2131_fear.jpg,5
train_2131_happy.jpg,0
train_2131_neutral.jpg,6
train_2131_sad.jpg,2
train_2131_surprise.jpg,1
train_2132_angry.jpg,3
train_2132_disgust.jpg,4
train_2132_fear.jpg,5
train_2132_happy.jpg,0
train_2132_neutral.jpg,6
train_2132_sad.jpg,2
train_2132_surprise.jpg,1
train_2133_angry.jpg,3
train_2133_disgust.jpg,4
train_2133_fear.jpg,5
train_2133_happy.jpg,0
train_2133_neutral.jpg,6
train_2133_sad.jpg,2
train_2133_surprise.jpg,1
train_2134_angry.jpg,3
train_2134_disgust.jpg,4
train_2134_fear.jpg,5
train_2134_happy.jpg,0
train_2134_neutral.jpg,6
train_2134_sad.jpg,2
train_2134_surprise.jpg,1
train_2135_angry.jpg,3
train_2135_disgust.jpg,4
train_2135_fear.jpg,5
train_2135_happy.jpg,0
train_2135_neutral.jpg,6
train_2135_sad.jpg,2
train_2135_surprise.jpg,1
train_2136_angry.jpg,3
train_2136_disgust.jpg,4
train_2136_fear.jpg,5
train_2136_happy.jpg,0
train_2136_neutral.jpg,6
train_2136_sad.jpg,2
train_2136_surprise.jpg,1
train_2137_angry.jpg,3
train_2137_disgust.jpg,4
train_2137_fear.jpg,5
train_2137_happy.jpg,0
train_2137_neutral.jpg,6
train_2137_sad.jpg,2
train_2137_surprise.jpg,1
train_2138_angry.jpg,3
train_2138_disgust.jpg,4
train_2138_fear.jpg,5
train_2138_happy.jpg,0
train_2138_neutral.jpg,6
train_2138_sad.jpg,2
train_2138_surprise.jpg,1
train_2139_angry.jpg,3
train_2139_disgust.jpg,4
train_2139_fear.jpg,5
train_2139_happy.jpg,0
train_2139_neutral.jpg,6
train_2139_sad.jpg,2
train_2139_surprise.jpg,1
train_213_angry.jpg,3
train_213_disgust.jpg,4
train_213_fear.jpg,5
train_213_happy.png,0
train_213_neutral.png,6
train_213_sad.jpg,2
train_213_surprise.jpg,1
train_2140_angry.jpg,3
train_2140_disgust.jpg,4
train_2140_fear.jpg,5
train_2140_happy.jpg,0
train_2140_neutral.jpg,6
train_2140_sad.jpg,2
train_2140_surprise.jpg,1
train_2141_angry.jpg,3
train_2141_disgust.jpg,4
train_2141_fear.jpg,5
train_2141_happy.jpg,0
train_2141_neutral.jpg,6
train_2141_sad.jpg,2
train_2141_surprise.jpg,1
train_2142_angry.jpg,3
train_2142_disgust.jpg,4
train_2142_fear.jpg,5
train_2142_happy.jpg,0
train_2142_neutral.jpg,6
train_2142_sad.jpg,2
train_2142_surprise.jpg,1
train_2143_angry.jpg,3
train_2143_disgust.jpg,4
train_2143_fear.jpg,5
train_2143_happy.jpg,0
train_2143_neutral.jpg,6
train_2143_sad.jpg,2
train_2143_surprise.jpg,1
train_2144_angry.jpg,3
train_2144_disgust.jpg,4
train_2144_fear.jpg,5
train_2144_happy.jpg,0
train_2144_neutral.jpg,6
train_2144_sad.jpg,2
train_2144_surprise.jpg,1
train_2145_angry.jpg,3
train_2145_disgust.jpg,4
train_2145_fear.jpg,5
train_2145_happy.jpg,0
train_2145_neutral.jpg,6
train_2145_sad.jpg,2
train_2145_surprise.jpg,1
train_2146_angry.jpg,3
train_2146_disgust.jpg,4
train_2146_fear.jpg,5
train_2146_happy.jpg,0
train_2146_neutral.jpg,6
train_2146_sad.jpg,2
train_2146_surprise.jpg,1
train_2147_angry.jpg,3
train_2147_disgust.jpg,4
train_2147_fear.jpg,5
train_2147_happy.jpg,0
train_2147_neutral.jpg,6
train_2147_sad.jpg,2
train_2147_surprise.jpg,1
train_2148_angry.jpg,3
train_2148_disgust.jpg,4
train_2148_fear.jpg,5
train_2148_happy.jpg,0
train_2148_neutral.jpg,6
train_2148_sad.jpg,2
train_2148_surprise.jpg,1
train_2149_angry.jpg,3
train_2149_disgust.jpg,4
train_2149_fear.jpg,5
train_2149_happy.jpg,0
train_2149_neutral.jpg,6
train_2149_sad.jpg,2
train_2149_surprise.jpg,1
train_214_angry.jpg,3
train_214_disgust.jpg,4
train_214_fear.jpg,5
train_214_happy.png,0
train_214_neutral.png,6
train_214_sad.jpg,2
train_214_surprise.jpg,1
train_2150_angry.jpg,3
train_2150_disgust.jpg,4
train_2150_fear.jpg,5
train_2150_happy.jpg,0
train_2150_neutral.jpg,6
train_2150_sad.jpg,2
train_2150_surprise.jpg,1
train_2151_angry.jpg,3
train_2151_disgust.jpg,4
train_2151_fear.jpg,5
train_2151_happy.jpg,0
train_2151_neutral.jpg,6
train_2151_sad.jpg,2
train_2151_surprise.jpg,1
train_2152_angry.jpg,3
train_2152_disgust.jpg,4
train_2152_fear.jpg,5
train_2152_happy.jpg,0
train_2152_neutral.jpg,6
train_2152_sad.jpg,2
train_2152_surprise.jpg,1
train_2153_angry.jpg,3
train_2153_disgust.jpg,4
train_2153_fear.jpg,5
train_2153_happy.jpg,0
train_2153_neutral.jpg,6
train_2153_sad.jpg,2
train_2153_surprise.jpg,1
train_2154_angry.jpg,3
train_2154_disgust.jpg,4
train_2154_fear.jpg,5
train_2154_happy.jpg,0
train_2154_neutral.jpg,6
train_2154_sad.jpg,2
train_2154_surprise.jpg,1
train_2155_angry.jpg,3
train_2155_disgust.jpg,4
train_2155_fear.jpg,5
train_2155_happy.jpg,0
train_2155_neutral.jpg,6
train_2155_sad.jpg,2
train_2155_surprise.jpg,1
train_2156_angry.jpg,3
train_2156_disgust.jpg,4
train_2156_fear.jpg,5
train_2156_happy.jpg,0
train_2156_neutral.jpg,6
train_2156_sad.jpg,2
train_2156_surprise.jpg,1
train_2157_angry.jpg,3
train_2157_disgust.jpg,4
train_2157_fear.jpg,5
train_2157_happy.jpg,0
train_2157_neutral.jpg,6
train_2157_sad.jpg,2
train_2157_surprise.jpg,1
train_2158_angry.jpg,3
train_2158_disgust.jpg,4
train_2158_fear.jpg,5
train_2158_happy.jpg,0
train_2158_neutral.jpg,6
train_2158_sad.jpg,2
train_2158_surprise.jpg,1
train_2159_angry.jpg,3
train_2159_disgust.jpg,4
train_2159_fear.jpg,5
train_2159_happy.jpg,0
train_2159_neutral.jpg,6
train_2159_sad.jpg,2
train_2159_surprise.jpg,1
train_215_angry.jpg,3
train_215_disgust.jpg,4
train_215_fear.jpg,5
train_215_happy.png,0
train_215_neutral.png,6
train_215_sad.jpg,2
train_215_surprise.jpg,1
train_2160_angry.jpg,3
train_2160_disgust.jpg,4
train_2160_fear.jpg,5
train_2160_happy.jpg,0
train_2160_neutral.jpg,6
train_2160_sad.jpg,2
train_2160_surprise.jpg,1
train_2161_angry.jpg,3
train_2161_disgust.jpg,4
train_2161_fear.jpg,5
train_2161_happy.jpg,0
train_2161_neutral.jpg,6
train_2161_sad.jpg,2
train_2161_surprise.jpg,1
train_2162_angry.jpg,3
train_2162_disgust.jpg,4
train_2162_fear.jpg,5
train_2162_happy.jpg,0
train_2162_neutral.jpg,6
train_2162_sad.jpg,2
train_2162_surprise.jpg,1
train_2163_angry.jpg,3
train_2163_disgust.jpg,4
train_2163_fear.jpg,5
train_2163_happy.jpg,0
train_2163_neutral.jpg,6
train_2163_sad.jpg,2
train_2163_surprise.jpg,1
train_2164_angry.jpg,3
train_2164_disgust.jpg,4
train_2164_fear.jpg,5
train_2164_happy.jpg,0
train_2164_neutral.jpg,6
train_2164_sad.jpg,2
train_2164_surprise.jpg,1
train_2165_angry.jpg,3
train_2165_disgust.jpg,4
train_2165_fear.jpg,5
train_2165_happy.jpg,0
train_2165_neutral.jpg,6
train_2165_sad.jpg,2
train_2165_surprise.jpg,1
train_2166_angry.jpg,3
train_2166_disgust.jpg,4
train_2166_fear.jpg,5
train_2166_happy.jpg,0
train_2166_neutral.jpg,6
train_2166_sad.jpg,2
train_2166_surprise.jpg,1
train_2167_angry.jpg,3
train_2167_disgust.jpg,4
train_2167_fear.jpg,5
train_2167_happy.jpg,0
train_2167_neutral.jpg,6
train_2167_sad.jpg,2
train_2167_surprise.jpg,1
train_2168_angry.jpg,3
train_2168_disgust.jpg,4
train_2168_fear.jpg,5
train_2168_happy.jpg,0
train_2168_neutral.jpg,6
train_2168_sad.jpg,2
train_2168_surprise.jpg,1
train_2169_angry.jpg,3
train_2169_disgust.jpg,4
train_2169_fear.jpg,5
train_2169_happy.jpg,0
train_2169_neutral.jpg,6
train_2169_sad.jpg,2
train_2169_surprise.jpg,1
train_216_angry.jpg,3
train_216_disgust.jpg,4
train_216_fear.jpg,5
train_216_happy.png,0
train_216_neutral.png,6
train_216_sad.jpg,2
train_216_surprise.jpg,1
train_2170_angry.jpg,3
train_2170_disgust.jpg,4
train_2170_fear.jpg,5
train_2170_happy.jpg,0
train_2170_neutral.jpg,6
train_2170_sad.jpg,2
train_2170_surprise.jpg,1
train_2171_angry.jpg,3
train_2171_disgust.jpg,4
train_2171_fear.jpg,5
train_2171_happy.jpg,0
train_2171_neutral.jpg,6
train_2171_sad.jpg,2
train_2171_surprise.jpg,1
train_2172_angry.jpg,3
train_2172_disgust.jpg,4
train_2172_fear.jpg,5
train_2172_happy.jpg,0
train_2172_neutral.jpg,6
train_2172_sad.jpg,2
train_2172_surprise.jpg,1
train_2173_angry.jpg,3
train_2173_disgust.jpg,4
train_2173_fear.jpg,5
train_2173_happy.jpg,0
train_2173_neutral.jpg,6
train_2173_sad.jpg,2
train_2173_surprise.jpg,1
train_2174_angry.jpg,3
train_2174_disgust.jpg,4
train_2174_fear.jpg,5
train_2174_happy.jpg,0
train_2174_neutral.jpg,6
train_2174_sad.jpg,2
train_2174_surprise.jpg,1
train_2175_angry.jpg,3
train_2175_disgust.jpg,4
train_2175_fear.jpg,5
train_2175_happy.jpg,0
train_2175_neutral.jpg,6
train_2175_sad.jpg,2
train_2175_surprise.jpg,1
train_2176_angry.jpg,3
train_2176_disgust.jpg,4
train_2176_fear.jpg,5
train_2176_happy.jpg,0
train_2176_neutral.jpg,6
train_2176_sad.jpg,2
train_2176_surprise.jpg,1
train_2177_angry.jpg,3
train_2177_disgust.jpg,4
train_2177_fear.jpg,5
train_2177_happy.jpg,0
train_2177_neutral.jpg,6
train_2177_sad.jpg,2
train_2177_surprise.jpg,1
train_2178_angry.jpg,3
train_2178_disgust.jpg,4
train_2178_fear.jpg,5
train_2178_happy.jpg,0
train_2178_neutral.jpg,6
train_2178_sad.jpg,2
train_2178_surprise.jpg,1
train_2179_angry.jpg,3
train_2179_disgust.jpg,4
train_2179_fear.jpg,5
train_2179_happy.jpg,0
train_2179_neutral.jpg,6
train_2179_sad.jpg,2
train_2179_surprise.jpg,1
train_217_angry.jpg,3
train_217_disgust.jpg,4
train_217_fear.jpg,5
train_217_happy.png,0
train_217_neutral.png,6
train_217_sad.jpg,2
train_217_surprise.jpg,1
train_2180_angry.jpg,3
train_2180_disgust.jpg,4
train_2180_fear.jpg,5
train_2180_happy.jpg,0
train_2180_neutral.jpg,6
train_2180_sad.jpg,2
train_2180_surprise.jpg,1
train_2181_angry.jpg,3
train_2181_disgust.jpg,4
train_2181_fear.jpg,5
train_2181_happy.jpg,0
train_2181_neutral.jpg,6
train_2181_sad.jpg,2
train_2181_surprise.jpg,1
train_2182_angry.jpg,3
train_2182_disgust.jpg,4
train_2182_fear.jpg,5
train_2182_happy.jpg,0
train_2182_neutral.jpg,6
train_2182_sad.jpg,2
train_2182_surprise.jpg,1
train_2183_angry.jpg,3
train_2183_disgust.jpg,4
train_2183_fear.jpg,5
train_2183_happy.jpg,0
train_2183_neutral.jpg,6
train_2183_sad.jpg,2
train_2183_surprise.jpg,1
train_2184_angry.jpg,3
train_2184_disgust.jpg,4
train_2184_fear.jpg,5
train_2184_happy.jpg,0
train_2184_neutral.jpg,6
train_2184_sad.jpg,2
train_2184_surprise.jpg,1
train_2185_angry.jpg,3
train_2185_disgust.jpg,4
train_2185_fear.jpg,5
train_2185_happy.jpg,0
train_2185_neutral.jpg,6
train_2185_sad.jpg,2
train_2185_surprise.jpg,1
train_2186_angry.jpg,3
train_2186_disgust.jpg,4
train_2186_fear.jpg,5
train_2186_happy.jpg,0
train_2186_neutral.jpg,6
train_2186_sad.jpg,2
train_2186_surprise.jpg,1
train_2187_angry.jpg,3
train_2187_disgust.jpg,4
train_2187_fear.jpg,5
train_2187_happy.jpg,0
train_2187_neutral.jpg,6
train_2187_sad.jpg,2
train_2187_surprise.jpg,1
train_2188_angry.jpg,3
train_2188_disgust.jpg,4
train_2188_fear.jpg,5
train_2188_happy.jpg,0
train_2188_neutral.jpg,6
train_2188_sad.jpg,2
train_2188_surprise.jpg,1
train_2189_angry.jpg,3
train_2189_disgust.jpg,4
train_2189_fear.jpg,5
train_2189_happy.jpg,0
train_2189_neutral.jpg,6
train_2189_sad.jpg,2
train_2189_surprise.jpg,1
train_218_angry.jpg,3
train_218_disgust.jpg,4
train_218_fear.jpg,5
train_218_happy.png,0
train_218_neutral.png,6
train_218_sad.jpg,2
train_218_surprise.jpg,1
train_2190_angry.jpg,3
train_2190_disgust.jpg,4
train_2190_fear.jpg,5
train_2190_happy.jpg,0
train_2190_neutral.jpg,6
train_2190_sad.jpg,2
train_2190_surprise.jpg,1
train_2191_angry.jpg,3
train_2191_disgust.jpg,4
train_2191_fear.jpg,5
train_2191_happy.jpg,0
train_2191_neutral.jpg,6
train_2191_sad.jpg,2
train_2191_surprise.jpg,1
train_2192_angry.jpg,3
train_2192_disgust.jpg,4
train_2192_fear.jpg,5
train_2192_happy.jpg,0
train_2192_neutral.jpg,6
train_2192_sad.jpg,2
train_2192_surprise.jpg,1
train_2193_angry.jpg,3
train_2193_disgust.jpg,4
train_2193_fear.jpg,5
train_2193_happy.jpg,0
train_2193_neutral.jpg,6
train_2193_sad.jpg,2
train_2193_surprise.jpg,1
train_2194_angry.jpg,3
train_2194_disgust.jpg,4
train_2194_fear.jpg,5
train_2194_happy.jpg,0
train_2194_neutral.jpg,6
train_2194_sad.jpg,2
train_2194_surprise.jpg,1
train_2195_angry.jpg,3
train_2195_disgust.jpg,4
train_2195_fear.jpg,5
train_2195_happy.jpg,0
train_2195_neutral.jpg,6
train_2195_sad.jpg,2
train_2195_surprise.jpg,1
train_2196_angry.jpg,3
train_2196_disgust.jpg,4
train_2196_fear.jpg,5
train_2196_happy.jpg,0
train_2196_neutral.jpg,6
train_2196_sad.jpg,2
train_2196_surprise.jpg,1
train_2197_angry.jpg,3
train_2197_disgust.jpg,4
train_2197_fear.jpg,5
train_2197_happy.jpg,0
train_2197_neutral.jpg,6
train_2197_sad.jpg,2
train_2197_surprise.jpg,1
train_2198_angry.jpg,3
train_2198_disgust.jpg,4
train_2198_fear.jpg,5
train_2198_happy.jpg,0
train_2198_neutral.jpg,6
train_2198_sad.jpg,2
train_2198_surprise.jpg,1
train_2199_angry.jpg,3
train_2199_disgust.jpg,4
train_2199_fear.jpg,5
train_2199_happy.jpg,0
train_2199_neutral.jpg,6
train_2199_sad.jpg,2
train_2199_surprise.jpg,1
train_219_angry.jpg,3
train_219_disgust.jpg,4
train_219_fear.jpg,5
train_219_happy.png,0
train_219_neutral.png,6
train_219_sad.jpg,2
train_219_surprise.jpg,1
train_21_angry.jpg,3
train_21_disgust.jpg,4
train_21_fear.jpg,5
train_21_happy.png,0
train_21_neutral.png,6
train_21_sad.jpg,2
train_21_surprise.jpg,1
train_2200_angry.jpg,3
train_2200_disgust.jpg,4
train_2200_fear.jpg,5
train_2200_happy.jpg,0
train_2200_neutral.jpg,6
train_2200_sad.jpg,2
train_2200_surprise.jpg,1
train_2201_angry.jpg,3
train_2201_disgust.jpg,4
train_2201_fear.jpg,5
train_2201_happy.jpg,0
train_2201_neutral.jpg,6
train_2201_sad.jpg,2
train_2201_surprise.jpg,1
train_2202_angry.jpg,3
train_2202_disgust.jpg,4
train_2202_fear.jpg,5
train_2202_happy.jpg,0
train_2202_neutral.jpg,6
train_2202_sad.jpg,2
train_2202_surprise.jpg,1
train_2203_angry.jpg,3
train_2203_disgust.jpg,4
train_2203_fear.jpg,5
train_2203_happy.jpg,0
train_2203_neutral.jpg,6
train_2203_sad.jpg,2
train_2203_surprise.jpg,1
train_2204_angry.jpg,3
train_2204_disgust.jpg,4
train_2204_fear.jpg,5
train_2204_happy.jpg,0
train_2204_neutral.jpg,6
train_2204_sad.jpg,2
train_2204_surprise.jpg,1
train_2205_angry.jpg,3
train_2205_disgust.jpg,4
train_2205_fear.jpg,5
train_2205_happy.jpg,0
train_2205_neutral.jpg,6
train_2205_sad.jpg,2
train_2205_surprise.jpg,1
train_2206_angry.jpg,3
train_2206_disgust.jpg,4
train_2206_fear.jpg,5
train_2206_happy.jpg,0
train_2206_neutral.jpg,6
train_2206_sad.jpg,2
train_2206_surprise.jpg,1
train_2207_angry.jpg,3
train_2207_disgust.jpg,4
train_2207_fear.jpg,5
train_2207_happy.jpg,0
train_2207_neutral.jpg,6
train_2207_sad.jpg,2
train_2207_surprise.jpg,1
train_2208_angry.jpg,3
train_2208_disgust.jpg,4
train_2208_fear.jpg,5
train_2208_happy.jpg,0
train_2208_neutral.jpg,6
train_2208_sad.jpg,2
train_2208_surprise.jpg,1
train_2209_angry.jpg,3
train_2209_disgust.jpg,4
train_2209_fear.jpg,5
train_2209_happy.jpg,0
train_2209_neutral.jpg,6
train_2209_sad.jpg,2
train_2209_surprise.jpg,1
train_220_angry.jpg,3
train_220_disgust.jpg,4
train_220_fear.jpg,5
train_220_happy.png,0
train_220_neutral.png,6
train_220_sad.jpg,2
train_220_surprise.jpg,1
train_2210_angry.jpg,3
train_2210_disgust.jpg,4
train_2210_fear.jpg,5
train_2210_happy.jpg,0
train_2210_neutral.jpg,6
train_2210_sad.jpg,2
train_2210_surprise.jpg,1
train_2211_angry.jpg,3
train_2211_disgust.jpg,4
train_2211_fear.jpg,5
train_2211_happy.jpg,0
train_2211_neutral.jpg,6
train_2211_sad.jpg,2
train_2211_surprise.jpg,1
train_2212_angry.jpg,3
train_2212_disgust.jpg,4
train_2212_fear.jpg,5
train_2212_happy.jpg,0
train_2212_neutral.jpg,6
train_2212_sad.jpg,2
train_2212_surprise.jpg,1
train_2213_angry.jpg,3
train_2213_disgust.jpg,4
train_2213_fear.jpg,5
train_2213_happy.jpg,0
train_2213_neutral.jpg,6
train_2213_sad.jpg,2
train_2213_surprise.jpg,1
train_2214_angry.jpg,3
train_2214_disgust.jpg,4
train_2214_fear.jpg,5
train_2214_happy.jpg,0
train_2214_neutral.jpg,6
train_2214_sad.jpg,2
train_2214_surprise.jpg,1
train_2215_angry.jpg,3
train_2215_disgust.jpg,4
train_2215_fear.jpg,5
train_2215_happy.jpg,0
train_2215_neutral.jpg,6
train_2215_sad.jpg,2
train_2215_surprise.jpg,1
train_2216_angry.jpg,3
train_2216_disgust.jpg,4
train_2216_fear.jpg,5
train_2216_happy.jpg,0
train_2216_neutral.jpg,6
train_2216_sad.jpg,2
train_2216_surprise.jpg,1
train_2217_angry.jpg,3
train_2217_disgust.jpg,4
train_2217_fear.jpg,5
train_2217_happy.jpg,0
train_2217_neutral.jpg,6
train_2217_sad.jpg,2
train_2217_surprise.jpg,1
train_2218_angry.jpg,3
train_2218_disgust.jpg,4
train_2218_fear.jpg,5
train_2218_happy.jpg,0
train_2218_neutral.jpg,6
train_2218_sad.jpg,2
train_2218_surprise.jpg,1
train_2219_angry.jpg,3
train_2219_disgust.jpg,4
train_2219_fear.jpg,5
train_2219_happy.jpg,0
train_2219_neutral.jpg,6
train_2219_sad.jpg,2
train_2219_surprise.jpg,1
train_221_angry.jpg,3
train_221_disgust.jpg,4
train_221_fear.jpg,5
train_221_happy.png,0
train_221_neutral.png,6
train_221_sad.jpg,2
train_221_surprise.jpg,1
train_2220_angry.jpg,3
train_2220_disgust.jpg,4
train_2220_fear.jpg,5
train_2220_happy.jpg,0
train_2220_neutral.jpg,6
train_2220_sad.jpg,2
train_2220_surprise.jpg,1
train_2221_angry.jpg,3
train_2221_disgust.jpg,4
train_2221_fear.jpg,5
train_2221_happy.jpg,0
train_2221_neutral.jpg,6
train_2221_sad.jpg,2
train_2221_surprise.jpg,1
train_2222_angry.jpg,3
train_2222_disgust.jpg,4
train_2222_fear.jpg,5
train_2222_happy.jpg,0
train_2222_neutral.jpg,6
train_2222_sad.jpg,2
train_2222_surprise.jpg,1
train_2223_angry.jpg,3
train_2223_disgust.jpg,4
train_2223_fear.jpg,5
train_2223_happy.jpg,0
train_2223_neutral.jpg,6
train_2223_sad.jpg,2
train_2223_surprise.jpg,1
train_2224_angry.jpg,3
train_2224_disgust.jpg,4
train_2224_fear.jpg,5
train_2224_happy.jpg,0
train_2224_neutral.jpg,6
train_2224_sad.jpg,2
train_2224_surprise.jpg,1
train_2225_angry.jpg,3
train_2225_disgust.jpg,4
train_2225_fear.jpg,5
train_2225_happy.jpg,0
train_2225_neutral.jpg,6
train_2225_sad.jpg,2
train_2225_surprise.jpg,1
train_2226_angry.jpg,3
train_2226_disgust.jpg,4
train_2226_fear.jpg,5
train_2226_happy.jpg,0
train_2226_neutral.jpg,6
train_2226_sad.jpg,2
train_2226_surprise.jpg,1
train_2227_angry.jpg,3
train_2227_disgust.jpg,4
train_2227_fear.jpg,5
train_2227_happy.jpg,0
train_2227_neutral.jpg,6
train_2227_sad.jpg,2
train_2227_surprise.jpg,1
train_2228_angry.jpg,3
train_2228_disgust.jpg,4
train_2228_fear.jpg,5
train_2228_happy.jpg,0
train_2228_neutral.jpg,6
train_2228_sad.jpg,2
train_2228_surprise.jpg,1
train_2229_angry.jpg,3
train_2229_disgust.jpg,4
train_2229_fear.jpg,5
train_2229_happy.jpg,0
train_2229_neutral.jpg,6
train_2229_sad.jpg,2
train_2229_surprise.jpg,1
train_222_angry.jpg,3
train_222_disgust.jpg,4
train_222_fear.jpg,5
train_222_happy.png,0
train_222_neutral.png,6
train_222_sad.jpg,2
train_222_surprise.jpg,1
train_2230_angry.jpg,3
train_2230_fear.jpg,5
train_2230_happy.jpg,0
train_2230_neutral.jpg,6
train_2230_sad.jpg,2
train_2230_surprise.jpg,1
train_2231_angry.jpg,3
train_2231_fear.jpg,5
train_2231_happy.jpg,0
train_2231_neutral.jpg,6
train_2231_sad.jpg,2
train_2231_surprise.jpg,1
train_2232_angry.jpg,3
train_2232_fear.jpg,5
train_2232_happy.jpg,0
train_2232_neutral.jpg,6
train_2232_sad.jpg,2
train_2232_surprise.jpg,1
train_2233_angry.jpg,3
train_2233_fear.jpg,5
train_2233_happy.jpg,0
train_2233_neutral.jpg,6
train_2233_sad.jpg,2
train_2233_surprise.jpg,1
train_2234_angry.jpg,3
train_2234_fear.jpg,5
train_2234_happy.jpg,0
train_2234_neutral.jpg,6
train_2234_sad.jpg,2
train_2234_surprise.jpg,1
train_2235_angry.jpg,3
train_2235_fear.jpg,5
train_2235_happy.jpg,0
train_2235_neutral.jpg,6
train_2235_sad.jpg,2
train_2235_surprise.jpg,1
train_2236_angry.jpg,3
train_2236_fear.jpg,5
train_2236_happy.jpg,0
train_2236_neutral.jpg,6
train_2236_sad.jpg,2
train_2236_surprise.jpg,1
train_2237_angry.jpg,3
train_2237_fear.jpg,5
train_2237_happy.jpg,0
train_2237_neutral.jpg,6
train_2237_sad.jpg,2
train_2237_surprise.jpg,1
train_2238_angry.jpg,3
train_2238_fear.jpg,5
train_2238_happy.jpg,0
train_2238_neutral.jpg,6
train_2238_sad.jpg,2
train_2238_surprise.jpg,1
train_2239_angry.jpg,3
train_2239_fear.jpg,5
train_2239_happy.jpg,0
train_2239_neutral.jpg,6
train_2239_sad.jpg,2
train_2239_surprise.jpg,1
train_223_angry.jpg,3
train_223_disgust.jpg,4
train_223_fear.jpg,5
train_223_happy.png,0
train_223_neutral.png,6
train_223_sad.jpg,2
train_223_surprise.jpg,1
train_2240_angry.jpg,3
train_2240_fear.jpg,5
train_2240_happy.jpg,0
train_2240_neutral.jpg,6
train_2240_sad.jpg,2
train_2240_surprise.jpg,1
train_2241_angry.jpg,3
train_2241_fear.jpg,5
train_2241_happy.jpg,0
train_2241_neutral.jpg,6
train_2241_sad.jpg,2
train_2241_surprise.jpg,1
train_2242_angry.jpg,3
train_2242_fear.jpg,5
train_2242_happy.jpg,0
train_2242_neutral.jpg,6
train_2242_sad.jpg,2
train_2242_surprise.jpg,1
train_2243_angry.jpg,3
train_2243_fear.jpg,5
train_2243_happy.jpg,0
train_2243_neutral.jpg,6
train_2243_sad.jpg,2
train_2243_surprise.jpg,1
train_2244_angry.jpg,3
train_2244_fear.jpg,5
train_2244_happy.jpg,0
train_2244_neutral.jpg,6
train_2244_sad.jpg,2
train_2244_surprise.jpg,1
train_2245_angry.jpg,3
train_2245_fear.jpg,5
train_2245_happy.jpg,0
train_2245_neutral.jpg,6
train_2245_sad.jpg,2
train_2245_surprise.jpg,1
train_2246_angry.jpg,3
train_2246_fear.jpg,5
train_2246_happy.jpg,0
train_2246_neutral.jpg,6
train_2246_sad.jpg,2
train_2246_surprise.jpg,1
train_2247_angry.jpg,3
train_2247_fear.jpg,5
train_2247_happy.jpg,0
train_2247_neutral.jpg,6
train_2247_sad.jpg,2
train_2247_surprise.jpg,1
train_2248_angry.jpg,3
train_2248_fear.jpg,5
train_2248_happy.jpg,0
train_2248_neutral.jpg,6
train_2248_sad.jpg,2
train_2248_surprise.jpg,1
train_2249_angry.jpg,3
train_2249_fear.jpg,5
train_2249_happy.jpg,0
train_2249_neutral.jpg,6
train_2249_sad.jpg,2
train_2249_surprise.jpg,1
train_224_angry.jpg,3
train_224_disgust.jpg,4
train_224_fear.jpg,5
train_224_happy.png,0
train_224_neutral.png,6
train_224_sad.jpg,2
train_224_surprise.jpg,1
train_2250_angry.jpg,3
train_2250_fear.jpg,5
train_2250_happy.jpg,0
train_2250_neutral.jpg,6
train_2250_sad.jpg,2
train_2250_surprise.jpg,1
train_2251_angry.jpg,3
train_2251_fear.jpg,5
train_2251_happy.jpg,0
train_2251_neutral.jpg,6
train_2251_sad.jpg,2
train_2251_surprise.jpg,1
train_2252_angry.jpg,3
train_2252_fear.jpg,5
train_2252_happy.jpg,0
train_2252_neutral.jpg,6
train_2252_sad.jpg,2
train_2252_surprise.jpg,1
train_2253_angry.jpg,3
train_2253_fear.jpg,5
train_2253_happy.jpg,0
train_2253_neutral.jpg,6
train_2253_sad.jpg,2
train_2253_surprise.jpg,1
train_2254_angry.jpg,3
train_2254_fear.jpg,5
train_2254_happy.jpg,0
train_2254_neutral.jpg,6
train_2254_sad.jpg,2
train_2254_surprise.jpg,1
train_2255_angry.jpg,3
train_2255_fear.jpg,5
train_2255_happy.jpg,0
train_2255_neutral.jpg,6
train_2255_sad.jpg,2
train_2255_surprise.jpg,1
train_2256_angry.jpg,3
train_2256_fear.jpg,5
train_2256_happy.jpg,0
train_2256_neutral.jpg,6
train_2256_sad.jpg,2
train_2256_surprise.jpg,1
train_2257_angry.jpg,3
train_2257_fear.jpg,5
train_2257_happy.jpg,0
train_2257_neutral.jpg,6
train_2257_sad.jpg,2
train_2257_surprise.jpg,1
train_2258_angry.jpg,3
train_2258_fear.jpg,5
train_2258_happy.jpg,0
train_2258_neutral.jpg,6
train_2258_sad.jpg,2
train_2258_surprise.jpg,1
train_2259_angry.jpg,3
train_2259_fear.jpg,5
train_2259_happy.jpg,0
train_2259_neutral.jpg,6
train_2259_sad.jpg,2
train_2259_surprise.jpg,1
train_225_angry.jpg,3
train_225_disgust.jpg,4
train_225_fear.jpg,5
train_225_happy.png,0
train_225_neutral.png,6
train_225_sad.jpg,2
train_225_surprise.jpg,1
train_2260_angry.jpg,3
train_2260_fear.jpg,5
train_2260_happy.jpg,0
train_2260_neutral.jpg,6
train_2260_sad.jpg,2
train_2260_surprise.jpg,1
train_2261_angry.jpg,3
train_2261_fear.jpg,5
train_2261_happy.jpg,0
train_2261_neutral.jpg,6
train_2261_sad.jpg,2
train_2261_surprise.jpg,1
train_2262_angry.jpg,3
train_2262_fear.jpg,5
train_2262_happy.jpg,0
train_2262_neutral.jpg,6
train_2262_sad.jpg,2
train_2262_surprise.jpg,1
train_2263_angry.jpg,3
train_2263_fear.jpg,5
train_2263_happy.jpg,0
train_2263_neutral.jpg,6
train_2263_sad.jpg,2
train_2263_surprise.jpg,1
train_2264_angry.jpg,3
train_2264_fear.jpg,5
train_2264_happy.jpg,0
train_2264_neutral.jpg,6
train_2264_sad.jpg,2
train_2264_surprise.jpg,1
train_2265_angry.jpg,3
train_2265_fear.jpg,5
train_2265_happy.jpg,0
train_2265_neutral.jpg,6
train_2265_sad.jpg,2
train_2265_surprise.jpg,1
train_2266_angry.jpg,3
train_2266_fear.jpg,5
train_2266_happy.jpg,0
train_2266_neutral.jpg,6
train_2266_sad.jpg,2
train_2266_surprise.jpg,1
train_2267_angry.jpg,3
train_2267_fear.jpg,5
train_2267_happy.jpg,0
train_2267_neutral.jpg,6
train_2267_sad.jpg,2
train_2267_surprise.jpg,1
train_2268_angry.jpg,3
train_2268_fear.jpg,5
train_2268_happy.jpg,0
train_2268_neutral.jpg,6
train_2268_sad.jpg,2
train_2268_surprise.jpg,1
train_2269_angry.jpg,3
train_2269_fear.jpg,5
train_2269_happy.jpg,0
train_2269_neutral.jpg,6
train_2269_sad.jpg,2
train_2269_surprise.jpg,1
train_226_angry.jpg,3
train_226_disgust.jpg,4
train_226_fear.jpg,5
train_226_happy.png,0
train_226_neutral.png,6
train_226_sad.jpg,2
train_226_surprise.jpg,1
train_2270_angry.jpg,3
train_2270_fear.jpg,5
train_2270_happy.jpg,0
train_2270_neutral.jpg,6
train_2270_sad.jpg,2
train_2270_surprise.jpg,1
train_2271_angry.jpg,3
train_2271_fear.jpg,5
train_2271_happy.jpg,0
train_2271_neutral.jpg,6
train_2271_sad.jpg,2
train_2271_surprise.jpg,1
train_2272_angry.jpg,3
train_2272_fear.jpg,5
train_2272_happy.jpg,0
train_2272_neutral.jpg,6
train_2272_sad.jpg,2
train_2272_surprise.jpg,1
train_2273_angry.jpg,3
train_2273_fear.jpg,5
train_2273_happy.jpg,0
train_2273_neutral.jpg,6
train_2273_sad.jpg,2
train_2273_surprise.jpg,1
train_2274_angry.jpg,3
train_2274_fear.jpg,5
train_2274_happy.jpg,0
train_2274_neutral.jpg,6
train_2274_sad.jpg,2
train_2274_surprise.jpg,1
train_2275_angry.jpg,3
train_2275_fear.jpg,5
train_2275_happy.jpg,0
train_2275_neutral.jpg,6
train_2275_sad.jpg,2
train_2275_surprise.jpg,1
train_2276_angry.jpg,3
train_2276_fear.jpg,5
train_2276_happy.jpg,0
train_2276_neutral.jpg,6
train_2276_sad.jpg,2
train_2276_surprise.jpg,1
train_2277_angry.jpg,3
train_2277_fear.jpg,5
train_2277_happy.jpg,0
train_2277_neutral.jpg,6
train_2277_sad.jpg,2
train_2277_surprise.jpg,1
train_2278_angry.jpg,3
train_2278_fear.jpg,5
train_2278_happy.jpg,0
train_2278_neutral.jpg,6
train_2278_sad.jpg,2
train_2278_surprise.jpg,1
train_2279_angry.jpg,3
train_2279_fear.jpg,5
train_2279_happy.jpg,0
train_2279_neutral.jpg,6
train_2279_sad.jpg,2
train_2279_surprise.jpg,1
train_227_angry.jpg,3
train_227_disgust.jpg,4
train_227_fear.jpg,5
train_227_happy.png,0
train_227_neutral.png,6
train_227_sad.jpg,2
train_227_surprise.jpg,1
train_2280_angry.jpg,3
train_2280_fear.jpg,5
train_2280_happy.jpg,0
train_2280_neutral.jpg,6
train_2280_sad.jpg,2
train_2280_surprise.jpg,1
train_2281_angry.jpg,3
train_2281_fear.jpg,5
train_2281_happy.jpg,0
train_2281_neutral.jpg,6
train_2281_sad.jpg,2
train_2281_surprise.jpg,1
train_2282_angry.jpg,3
train_2282_fear.jpg,5
train_2282_happy.jpg,0
train_2282_neutral.jpg,6
train_2282_sad.jpg,2
train_2282_surprise.jpg,1
train_2283_angry.jpg,3
train_2283_fear.jpg,5
train_2283_happy.jpg,0
train_2283_neutral.jpg,6
train_2283_sad.jpg,2
train_2283_surprise.jpg,1
train_2284_angry.jpg,3
train_2284_fear.jpg,5
train_2284_happy.jpg,0
train_2284_neutral.jpg,6
train_2284_sad.jpg,2
train_2284_surprise.jpg,1
train_2285_angry.jpg,3
train_2285_fear.jpg,5
train_2285_happy.jpg,0
train_2285_neutral.jpg,6
train_2285_sad.jpg,2
train_2285_surprise.jpg,1
train_2286_angry.jpg,3
train_2286_fear.jpg,5
train_2286_happy.jpg,0
train_2286_neutral.jpg,6
train_2286_sad.jpg,2
train_2286_surprise.jpg,1
train_2287_angry.jpg,3
train_2287_fear.jpg,5
train_2287_happy.jpg,0
train_2287_neutral.jpg,6
train_2287_sad.jpg,2
train_2287_surprise.jpg,1
train_2288_angry.jpg,3
train_2288_fear.jpg,5
train_2288_happy.jpg,0
train_2288_neutral.jpg,6
train_2288_sad.jpg,2
train_2288_surprise.jpg,1
train_2289_angry.jpg,3
train_2289_fear.jpg,5
train_2289_happy.jpg,0
train_2289_neutral.jpg,6
train_2289_sad.jpg,2
train_2289_surprise.jpg,1
train_228_angry.jpg,3
train_228_disgust.jpg,4
train_228_fear.jpg,5
train_228_happy.png,0
train_228_neutral.png,6
train_228_sad.jpg,2
train_228_surprise.jpg,1
train_2290_angry.jpg,3
train_2290_fear.jpg,5
train_2290_happy.jpg,0
train_2290_neutral.jpg,6
train_2290_sad.jpg,2
train_2290_surprise.jpg,1
train_2291_angry.jpg,3
train_2291_fear.jpg,5
train_2291_happy.jpg,0
train_2291_neutral.jpg,6
train_2291_sad.jpg,2
train_2291_surprise.jpg,1
train_2292_angry.jpg,3
train_2292_fear.jpg,5
train_2292_happy.jpg,0
train_2292_neutral.jpg,6
train_2292_sad.jpg,2
train_2292_surprise.jpg,1
train_2293_angry.jpg,3
train_2293_fear.jpg,5
train_2293_happy.jpg,0
train_2293_neutral.jpg,6
train_2293_sad.jpg,2
train_2293_surprise.jpg,1
train_2294_angry.jpg,3
train_2294_fear.jpg,5
train_2294_happy.jpg,0
train_2294_neutral.jpg,6
train_2294_sad.jpg,2
train_2294_surprise.jpg,1
train_2295_angry.jpg,3
train_2295_fear.jpg,5
train_2295_happy.jpg,0
train_2295_neutral.jpg,6
train_2295_sad.jpg,2
train_2295_surprise.jpg,1
train_2296_angry.jpg,3
train_2296_fear.jpg,5
train_2296_happy.jpg,0
train_2296_neutral.jpg,6
train_2296_sad.jpg,2
train_2296_surprise.jpg,1
train_2297_angry.jpg,3
train_2297_fear.jpg,5
train_2297_happy.jpg,0
train_2297_neutral.jpg,6
train_2297_sad.jpg,2
train_2297_surprise.jpg,1
train_2298_angry.jpg,3
train_2298_fear.jpg,5
train_2298_happy.jpg,0
train_2298_neutral.jpg,6
train_2298_sad.jpg,2
train_2298_surprise.jpg,1
train_2299_angry.jpg,3
train_2299_fear.jpg,5
train_2299_happy.jpg,0
train_2299_neutral.jpg,6
train_2299_sad.jpg,2
train_2299_surprise.jpg,1
train_229_angry.jpg,3
train_229_disgust.jpg,4
train_229_fear.jpg,5
train_229_happy.png,0
train_229_neutral.png,6
train_229_sad.jpg,2
train_229_surprise.jpg,1
train_22_angry.jpg,3
train_22_disgust.jpg,4
train_22_fear.jpg,5
train_22_happy.png,0
train_22_neutral.png,6
train_22_sad.jpg,2
train_22_surprise.jpg,1
train_2300_angry.jpg,3
train_2300_fear.jpg,5
train_2300_happy.jpg,0
train_2300_neutral.jpg,6
train_2300_sad.jpg,2
train_2300_surprise.jpg,1
train_2301_angry.jpg,3
train_2301_fear.jpg,5
train_2301_happy.jpg,0
train_2301_neutral.jpg,6
train_2301_sad.jpg,2
train_2301_surprise.jpg,1
train_2302_angry.jpg,3
train_2302_fear.jpg,5
train_2302_happy.jpg,0
train_2302_neutral.jpg,6
train_2302_sad.jpg,2
train_2302_surprise.jpg,1
train_2303_angry.jpg,3
train_2303_fear.jpg,5
train_2303_happy.jpg,0
train_2303_neutral.jpg,6
train_2303_sad.jpg,2
train_2303_surprise.jpg,1
train_2304_angry.jpg,3
train_2304_fear.jpg,5
train_2304_happy.jpg,0
train_2304_neutral.jpg,6
train_2304_sad.jpg,2
train_2304_surprise.jpg,1
train_2305_angry.jpg,3
train_2305_fear.jpg,5
train_2305_happy.jpg,0
train_2305_neutral.jpg,6
train_2305_sad.jpg,2
train_2305_surprise.jpg,1
train_2306_angry.jpg,3
train_2306_fear.jpg,5
train_2306_happy.jpg,0
train_2306_neutral.jpg,6
train_2306_sad.jpg,2
train_2306_surprise.jpg,1
train_2307_angry.jpg,3
train_2307_fear.jpg,5
train_2307_happy.jpg,0
train_2307_neutral.jpg,6
train_2307_sad.jpg,2
train_2307_surprise.jpg,1
train_2308_angry.jpg,3
train_2308_fear.jpg,5
train_2308_happy.jpg,0
train_2308_neutral.jpg,6
train_2308_sad.jpg,2
train_2308_surprise.jpg,1
train_2309_angry.jpg,3
train_2309_fear.jpg,5
train_2309_happy.jpg,0
train_2309_neutral.jpg,6
train_2309_sad.jpg,2
train_2309_surprise.jpg,1
train_230_angry.jpg,3
train_230_disgust.jpg,4
train_230_fear.jpg,5
train_230_happy.png,0
train_230_neutral.png,6
train_230_sad.jpg,2
train_230_surprise.jpg,1
train_2310_angry.jpg,3
train_2310_fear.jpg,5
train_2310_happy.jpg,0
train_2310_neutral.jpg,6
train_2310_sad.jpg,2
train_2310_surprise.jpg,1
train_2311_angry.jpg,3
train_2311_fear.jpg,5
train_2311_happy.jpg,0
train_2311_neutral.jpg,6
train_2311_sad.jpg,2
train_2311_surprise.jpg,1
train_2312_angry.jpg,3
train_2312_fear.jpg,5
train_2312_happy.jpg,0
train_2312_neutral.jpg,6
train_2312_sad.jpg,2
train_2312_surprise.jpg,1
train_2313_angry.jpg,3
train_2313_fear.jpg,5
train_2313_happy.jpg,0
train_2313_neutral.jpg,6
train_2313_sad.jpg,2
train_2313_surprise.jpg,1
train_2314_angry.jpg,3
train_2314_fear.jpg,5
train_2314_happy.jpg,0
train_2314_neutral.jpg,6
train_2314_sad.jpg,2
train_2314_surprise.jpg,1
train_2315_angry.jpg,3
train_2315_fear.jpg,5
train_2315_happy.jpg,0
train_2315_neutral.jpg,6
train_2315_sad.jpg,2
train_2315_surprise.jpg,1
train_2316_angry.jpg,3
train_2316_fear.jpg,5
train_2316_happy.jpg,0
train_2316_neutral.jpg,6
train_2316_sad.jpg,2
train_2316_surprise.jpg,1
train_2317_angry.jpg,3
train_2317_fear.jpg,5
train_2317_happy.jpg,0
train_2317_neutral.jpg,6
train_2317_sad.jpg,2
train_2317_surprise.jpg,1
train_2318_angry.jpg,3
train_2318_fear.jpg,5
train_2318_happy.jpg,0
train_2318_neutral.jpg,6
train_2318_sad.jpg,2
train_2318_surprise.jpg,1
train_2319_angry.jpg,3
train_2319_fear.jpg,5
train_2319_happy.jpg,0
train_2319_neutral.jpg,6
train_2319_sad.jpg,2
train_2319_surprise.jpg,1
train_231_angry.jpg,3
train_231_disgust.jpg,4
train_231_fear.jpg,5
train_231_happy.png,0
train_231_neutral.png,6
train_231_sad.jpg,2
train_231_surprise.jpg,1
train_2320_angry.jpg,3
train_2320_fear.jpg,5
train_2320_happy.jpg,0
train_2320_neutral.jpg,6
train_2320_sad.jpg,2
train_2320_surprise.jpg,1
train_2321_angry.jpg,3
train_2321_fear.jpg,5
train_2321_happy.jpg,0
train_2321_neutral.jpg,6
train_2321_sad.jpg,2
train_2321_surprise.jpg,1
train_2322_angry.jpg,3
train_2322_fear.jpg,5
train_2322_happy.jpg,0
train_2322_neutral.jpg,6
train_2322_sad.jpg,2
train_2322_surprise.jpg,1
train_2323_angry.jpg,3
train_2323_fear.jpg,5
train_2323_happy.jpg,0
train_2323_neutral.jpg,6
train_2323_sad.jpg,2
train_2323_surprise.jpg,1
train_2324_angry.jpg,3
train_2324_fear.jpg,5
train_2324_happy.jpg,0
train_2324_neutral.jpg,6
train_2324_sad.jpg,2
train_2324_surprise.jpg,1
train_2325_angry.jpg,3
train_2325_fear.jpg,5
train_2325_happy.jpg,0
train_2325_neutral.jpg,6
train_2325_sad.jpg,2
train_2325_surprise.jpg,1
train_2326_angry.jpg,3
train_2326_fear.jpg,5
train_2326_happy.jpg,0
train_2326_neutral.jpg,6
train_2326_sad.jpg,2
train_2326_surprise.jpg,1
train_2327_angry.jpg,3
train_2327_fear.jpg,5
train_2327_happy.jpg,0
train_2327_neutral.jpg,6
train_2327_sad.jpg,2
train_2327_surprise.jpg,1
train_2328_angry.jpg,3
train_2328_fear.jpg,5
train_2328_happy.jpg,0
train_2328_neutral.jpg,6
train_2328_sad.jpg,2
train_2328_surprise.jpg,1
train_2329_angry.jpg,3
train_2329_fear.jpg,5
train_2329_happy.jpg,0
train_2329_neutral.jpg,6
train_2329_sad.jpg,2
train_2329_surprise.jpg,1
train_232_angry.jpg,3
train_232_disgust.jpg,4
train_232_fear.jpg,5
train_232_happy.png,0
train_232_neutral.png,6
train_232_sad.jpg,2
train_232_surprise.jpg,1
train_2330_angry.jpg,3
train_2330_fear.jpg,5
train_2330_happy.jpg,0
train_2330_neutral.jpg,6
train_2330_sad.jpg,2
train_2330_surprise.jpg,1
train_2331_angry.jpg,3
train_2331_fear.jpg,5
train_2331_happy.jpg,0
train_2331_neutral.jpg,6
train_2331_sad.jpg,2
train_2331_surprise.jpg,1
train_2332_angry.jpg,3
train_2332_fear.jpg,5
train_2332_happy.jpg,0
train_2332_neutral.jpg,6
train_2332_sad.jpg,2
train_2332_surprise.jpg,1
train_2333_angry.jpg,3
train_2333_fear.jpg,5
train_2333_happy.jpg,0
train_2333_neutral.jpg,6
train_2333_sad.jpg,2
train_2333_surprise.jpg,1
train_2334_angry.jpg,3
train_2334_fear.jpg,5
train_2334_happy.jpg,0
train_2334_neutral.jpg,6
train_2334_sad.jpg,2
train_2334_surprise.jpg,1
train_2335_angry.jpg,3
train_2335_fear.jpg,5
train_2335_happy.jpg,0
train_2335_neutral.jpg,6
train_2335_sad.jpg,2
train_2335_surprise.jpg,1
train_2336_angry.jpg,3
train_2336_fear.jpg,5
train_2336_happy.jpg,0
train_2336_neutral.jpg,6
train_2336_sad.jpg,2
train_2336_surprise.jpg,1
train_2337_angry.jpg,3
train_2337_fear.jpg,5
train_2337_happy.jpg,0
train_2337_neutral.jpg,6
train_2337_sad.jpg,2
train_2337_surprise.jpg,1
train_2338_angry.jpg,3
train_2338_fear.jpg,5
train_2338_happy.jpg,0
train_2338_neutral.jpg,6
train_2338_sad.jpg,2
train_2338_surprise.jpg,1
train_2339_angry.jpg,3
train_2339_fear.jpg,5
train_2339_happy.jpg,0
train_2339_neutral.jpg,6
train_2339_sad.jpg,2
train_2339_surprise.jpg,1
train_233_angry.jpg,3
train_233_disgust.jpg,4
train_233_fear.jpg,5
train_233_happy.png,0
train_233_neutral.png,6
train_233_sad.jpg,2
train_233_surprise.jpg,1
train_2340_angry.jpg,3
train_2340_fear.jpg,5
train_2340_happy.jpg,0
train_2340_neutral.jpg,6
train_2340_sad.jpg,2
train_2340_surprise.jpg,1
train_2341_angry.jpg,3
train_2341_fear.jpg,5
train_2341_happy.jpg,0
train_2341_neutral.jpg,6
train_2341_sad.jpg,2
train_2341_surprise.jpg,1
train_2342_angry.jpg,3
train_2342_fear.jpg,5
train_2342_happy.jpg,0
train_2342_neutral.jpg,6
train_2342_sad.jpg,2
train_2342_surprise.jpg,1
train_2343_angry.jpg,3
train_2343_fear.jpg,5
train_2343_happy.jpg,0
train_2343_neutral.jpg,6
train_2343_sad.jpg,2
train_2343_surprise.jpg,1
train_2344_angry.jpg,3
train_2344_fear.jpg,5
train_2344_happy.jpg,0
train_2344_neutral.jpg,6
train_2344_sad.jpg,2
train_2344_surprise.jpg,1
train_2345_angry.jpg,3
train_2345_fear.jpg,5
train_2345_happy.jpg,0
train_2345_neutral.jpg,6
train_2345_sad.jpg,2
train_2345_surprise.jpg,1
train_2346_angry.jpg,3
train_2346_fear.jpg,5
train_2346_happy.jpg,0
train_2346_neutral.jpg,6
train_2346_sad.jpg,2
train_2346_surprise.jpg,1
train_2347_angry.jpg,3
train_2347_fear.jpg,5
train_2347_happy.jpg,0
train_2347_neutral.jpg,6
train_2347_sad.jpg,2
train_2347_surprise.jpg,1
train_2348_angry.jpg,3
train_2348_fear.jpg,5
train_2348_happy.jpg,0
train_2348_neutral.jpg,6
train_2348_sad.jpg,2
train_2348_surprise.jpg,1
train_2349_angry.jpg,3
train_2349_fear.jpg,5
train_2349_happy.jpg,0
train_2349_neutral.jpg,6
train_2349_sad.jpg,2
train_2349_surprise.jpg,1
train_234_angry.jpg,3
train_234_disgust.jpg,4
train_234_fear.jpg,5
train_234_happy.png,0
train_234_neutral.png,6
train_234_sad.jpg,2
train_234_surprise.jpg,1
train_2350_angry.jpg,3
train_2350_fear.jpg,5
train_2350_happy.jpg,0
train_2350_neutral.jpg,6
train_2350_sad.jpg,2
train_2350_surprise.jpg,1
train_2351_angry.jpg,3
train_2351_fear.jpg,5
train_2351_happy.jpg,0
train_2351_neutral.jpg,6
train_2351_sad.jpg,2
train_2351_surprise.jpg,1
train_2352_angry.jpg,3
train_2352_fear.jpg,5
train_2352_happy.jpg,0
train_2352_neutral.jpg,6
train_2352_sad.jpg,2
train_2352_surprise.jpg,1
train_2353_angry.jpg,3
train_2353_fear.jpg,5
train_2353_happy.jpg,0
train_2353_neutral.jpg,6
train_2353_sad.jpg,2
train_2353_surprise.jpg,1
train_2354_angry.jpg,3
train_2354_fear.jpg,5
train_2354_happy.jpg,0
train_2354_neutral.jpg,6
train_2354_sad.jpg,2
train_2354_surprise.jpg,1
train_2355_angry.jpg,3
train_2355_fear.jpg,5
train_2355_happy.jpg,0
train_2355_neutral.jpg,6
train_2355_sad.jpg,2
train_2355_surprise.jpg,1
train_2356_angry.jpg,3
train_2356_fear.jpg,5
train_2356_happy.jpg,0
train_2356_neutral.jpg,6
train_2356_sad.jpg,2
train_2356_surprise.jpg,1
train_2357_angry.jpg,3
train_2357_fear.jpg,5
train_2357_happy.jpg,0
train_2357_neutral.jpg,6
train_2357_sad.jpg,2
train_2357_surprise.jpg,1
train_2358_angry.jpg,3
train_2358_fear.jpg,5
train_2358_happy.jpg,0
train_2358_neutral.jpg,6
train_2358_sad.jpg,2
train_2358_surprise.jpg,1
train_2359_angry.jpg,3
train_2359_fear.jpg,5
train_2359_happy.jpg,0
train_2359_neutral.jpg,6
train_2359_sad.jpg,2
train_2359_surprise.jpg,1
train_235_angry.jpg,3
train_235_disgust.jpg,4
train_235_fear.jpg,5
train_235_happy.png,0
train_235_neutral.png,6
train_235_sad.jpg,2
train_235_surprise.jpg,1
train_2360_angry.jpg,3
train_2360_fear.jpg,5
train_2360_happy.jpg,0
train_2360_neutral.jpg,6
train_2360_sad.jpg,2
train_2360_surprise.jpg,1
train_2361_angry.jpg,3
train_2361_fear.jpg,5
train_2361_happy.jpg,0
train_2361_neutral.jpg,6
train_2361_sad.jpg,2
train_2361_surprise.jpg,1
train_2362_angry.jpg,3
train_2362_fear.jpg,5
train_2362_happy.jpg,0
train_2362_neutral.jpg,6
train_2362_sad.jpg,2
train_2362_surprise.jpg,1
train_2363_angry.jpg,3
train_2363_fear.jpg,5
train_2363_happy.jpg,0
train_2363_neutral.jpg,6
train_2363_sad.jpg,2
train_2363_surprise.jpg,1
train_2364_angry.jpg,3
train_2364_fear.jpg,5
train_2364_happy.jpg,0
train_2364_neutral.jpg,6
train_2364_sad.jpg,2
train_2364_surprise.jpg,1
train_2365_angry.jpg,3
train_2365_fear.jpg,5
train_2365_happy.jpg,0
train_2365_neutral.jpg,6
train_2365_sad.jpg,2
train_2365_surprise.jpg,1
train_2366_angry.jpg,3
train_2366_fear.jpg,5
train_2366_happy.jpg,0
train_2366_neutral.jpg,6
train_2366_sad.jpg,2
train_2366_surprise.jpg,1
train_2367_angry.jpg,3
train_2367_fear.jpg,5
train_2367_happy.jpg,0
train_2367_neutral.jpg,6
train_2367_sad.jpg,2
train_2367_surprise.jpg,1
train_2368_angry.jpg,3
train_2368_fear.jpg,5
train_2368_happy.jpg,0
train_2368_neutral.jpg,6
train_2368_sad.jpg,2
train_2368_surprise.jpg,1
train_2369_angry.jpg,3
train_2369_fear.jpg,5
train_2369_happy.jpg,0
train_2369_neutral.jpg,6
train_2369_sad.jpg,2
train_2369_surprise.jpg,1
train_236_angry.jpg,3
train_236_disgust.jpg,4
train_236_fear.jpg,5
train_236_happy.png,0
train_236_neutral.png,6
train_236_sad.jpg,2
train_236_surprise.jpg,1
train_2370_angry.jpg,3
train_2370_fear.jpg,5
train_2370_happy.jpg,0
train_2370_neutral.jpg,6
train_2370_sad.jpg,2
train_2370_surprise.jpg,1
train_2371_angry.jpg,3
train_2371_fear.jpg,5
train_2371_happy.jpg,0
train_2371_neutral.jpg,6
train_2371_sad.jpg,2
train_2371_surprise.jpg,1
train_2372_angry.jpg,3
train_2372_fear.jpg,5
train_2372_happy.jpg,0
train_2372_neutral.jpg,6
train_2372_sad.jpg,2
train_2372_surprise.jpg,1
train_2373_angry.jpg,3
train_2373_fear.jpg,5
train_2373_happy.jpg,0
train_2373_neutral.jpg,6
train_2373_sad.jpg,2
train_2373_surprise.jpg,1
train_2374_angry.jpg,3
train_2374_fear.jpg,5
train_2374_happy.jpg,0
train_2374_neutral.jpg,6
train_2374_sad.jpg,2
train_2374_surprise.jpg,1
train_2375_angry.jpg,3
train_2375_fear.jpg,5
train_2375_happy.jpg,0
train_2375_neutral.jpg,6
train_2375_sad.jpg,2
train_2375_surprise.jpg,1
train_2376_angry.jpg,3
train_2376_fear.jpg,5
train_2376_happy.jpg,0
train_2376_neutral.jpg,6
train_2376_sad.jpg,2
train_2376_surprise.jpg,1
train_2377_angry.jpg,3
train_2377_fear.jpg,5
train_2377_happy.jpg,0
train_2377_neutral.jpg,6
train_2377_sad.jpg,2
train_2377_surprise.jpg,1
train_2378_angry.jpg,3
train_2378_fear.jpg,5
train_2378_happy.jpg,0
train_2378_neutral.jpg,6
train_2378_sad.jpg,2
train_2378_surprise.jpg,1
train_2379_angry.jpg,3
train_2379_fear.jpg,5
train_2379_happy.jpg,0
train_2379_neutral.jpg,6
train_2379_sad.jpg,2
train_2379_surprise.jpg,1
train_237_angry.jpg,3
train_237_disgust.jpg,4
train_237_fear.jpg,5
train_237_happy.png,0
train_237_neutral.png,6
train_237_sad.jpg,2
train_237_surprise.jpg,1
train_2380_angry.jpg,3
train_2380_fear.jpg,5
train_2380_happy.jpg,0
train_2380_neutral.jpg,6
train_2380_sad.jpg,2
train_2380_surprise.jpg,1
train_2381_angry.jpg,3
train_2381_fear.jpg,5
train_2381_happy.jpg,0
train_2381_neutral.jpg,6
train_2381_sad.jpg,2
train_2381_surprise.jpg,1
train_2382_angry.jpg,3
train_2382_fear.jpg,5
train_2382_happy.jpg,0
train_2382_neutral.jpg,6
train_2382_sad.jpg,2
train_2382_surprise.jpg,1
train_2383_angry.jpg,3
train_2383_fear.jpg,5
train_2383_happy.jpg,0
train_2383_neutral.jpg,6
train_2383_sad.jpg,2
train_2383_surprise.jpg,1
train_2384_angry.jpg,3
train_2384_fear.jpg,5
train_2384_happy.jpg,0
train_2384_neutral.jpg,6
train_2384_sad.jpg,2
train_2384_surprise.jpg,1
train_2385_angry.jpg,3
train_2385_fear.jpg,5
train_2385_happy.jpg,0
train_2385_neutral.jpg,6
train_2385_sad.jpg,2
train_2385_surprise.jpg,1
train_2386_angry.jpg,3
train_2386_fear.jpg,5
train_2386_happy.jpg,0
train_2386_neutral.jpg,6
train_2386_sad.jpg,2
train_2386_surprise.jpg,1
train_2387_angry.jpg,3
train_2387_fear.jpg,5
train_2387_happy.jpg,0
train_2387_neutral.jpg,6
train_2387_sad.jpg,2
train_2387_surprise.jpg,1
train_2388_angry.jpg,3
train_2388_fear.jpg,5
train_2388_happy.jpg,0
train_2388_neutral.jpg,6
train_2388_sad.jpg,2
train_2388_surprise.jpg,1
train_2389_angry.jpg,3
train_2389_fear.jpg,5
train_2389_happy.jpg,0
train_2389_neutral.jpg,6
train_2389_sad.jpg,2
train_2389_surprise.jpg,1
train_238_angry.jpg,3
train_238_disgust.jpg,4
train_238_fear.jpg,5
train_238_happy.png,0
train_238_neutral.png,6
train_238_sad.jpg,2
train_238_surprise.jpg,1
train_2390_angry.jpg,3
train_2390_fear.jpg,5
train_2390_happy.jpg,0
train_2390_neutral.jpg,6
train_2390_sad.jpg,2
train_2390_surprise.jpg,1
train_2391_angry.jpg,3
train_2391_fear.jpg,5
train_2391_happy.jpg,0
train_2391_neutral.jpg,6
train_2391_sad.jpg,2
train_2391_surprise.jpg,1
train_2392_angry.jpg,3
train_2392_fear.jpg,5
train_2392_happy.jpg,0
train_2392_neutral.jpg,6
train_2392_sad.jpg,2
train_2392_surprise.jpg,1
train_2393_angry.jpg,3
train_2393_fear.jpg,5
train_2393_happy.jpg,0
train_2393_neutral.jpg,6
train_2393_sad.jpg,2
train_2393_surprise.jpg,1
train_2394_angry.jpg,3
train_2394_fear.jpg,5
train_2394_happy.jpg,0
train_2394_neutral.jpg,6
train_2394_sad.jpg,2
train_2394_surprise.jpg,1
train_2395_angry.jpg,3
train_2395_fear.jpg,5
train_2395_happy.jpg,0
train_2395_neutral.jpg,6
train_2395_sad.jpg,2
train_2395_surprise.jpg,1
train_2396_angry.jpg,3
train_2396_fear.jpg,5
train_2396_happy.jpg,0
train_2396_neutral.jpg,6
train_2396_sad.jpg,2
train_2396_surprise.jpg,1
train_2397_angry.jpg,3
train_2397_fear.jpg,5
train_2397_happy.jpg,0
train_2397_neutral.jpg,6
train_2397_sad.jpg,2
train_2397_surprise.jpg,1
train_2398_angry.jpg,3
train_2398_fear.jpg,5
train_2398_happy.jpg,0
train_2398_neutral.jpg,6
train_2398_sad.jpg,2
train_2398_surprise.jpg,1
train_2399_angry.jpg,3
train_2399_fear.jpg,5
train_2399_happy.jpg,0
train_2399_neutral.jpg,6
train_2399_sad.jpg,2
train_2399_surprise.jpg,1
train_239_angry.jpg,3
train_239_disgust.jpg,4
train_239_fear.jpg,5
train_239_happy.png,0
train_239_neutral.png,6
train_239_sad.jpg,2
train_239_surprise.jpg,1
train_23_angry.jpg,3
train_23_disgust.jpg,4
train_23_fear.jpg,5
train_23_happy.png,0
train_23_neutral.png,6
train_23_sad.jpg,2
train_23_surprise.jpg,1
train_2400_angry.jpg,3
train_2400_fear.jpg,5
train_2400_happy.jpg,0
train_2400_neutral.jpg,6
train_2400_sad.jpg,2
train_2400_surprise.jpg,1
train_2401_angry.jpg,3
train_2401_fear.jpg,5
train_2401_happy.jpg,0
train_2401_neutral.jpg,6
train_2401_sad.jpg,2
train_2401_surprise.jpg,1
train_2402_angry.jpg,3
train_2402_fear.jpg,5
train_2402_happy.jpg,0
train_2402_neutral.jpg,6
train_2402_sad.jpg,2
train_2402_surprise.jpg,1
train_2403_angry.jpg,3
train_2403_fear.jpg,5
train_2403_happy.jpg,0
train_2403_neutral.jpg,6
train_2403_sad.jpg,2
train_2403_surprise.jpg,1
train_2404_angry.jpg,3
train_2404_fear.jpg,5
train_2404_happy.jpg,0
train_2404_neutral.jpg,6
train_2404_sad.jpg,2
train_2404_surprise.jpg,1
train_2405_angry.jpg,3
train_2405_fear.jpg,5
train_2405_happy.jpg,0
train_2405_neutral.jpg,6
train_2405_sad.jpg,2
train_2405_surprise.jpg,1
train_2406_angry.jpg,3
train_2406_fear.jpg,5
train_2406_happy.jpg,0
train_2406_neutral.jpg,6
train_2406_sad.jpg,2
train_2406_surprise.jpg,1
train_2407_angry.jpg,3
train_2407_fear.jpg,5
train_2407_happy.jpg,0
train_2407_neutral.jpg,6
train_2407_sad.jpg,2
train_2407_surprise.jpg,1
train_2408_angry.jpg,3
train_2408_fear.jpg,5
train_2408_happy.jpg,0
train_2408_neutral.jpg,6
train_2408_sad.jpg,2
train_2408_surprise.jpg,1
train_2409_angry.jpg,3
train_2409_fear.jpg,5
train_2409_happy.jpg,0
train_2409_neutral.jpg,6
train_2409_sad.jpg,2
train_2409_surprise.jpg,1
train_240_angry.jpg,3
train_240_disgust.jpg,4
train_240_fear.jpg,5
train_240_happy.png,0
train_240_neutral.png,6
train_240_sad.jpg,2
train_240_surprise.jpg,1
train_2410_angry.jpg,3
train_2410_fear.jpg,5
train_2410_happy.jpg,0
train_2410_neutral.jpg,6
train_2410_sad.jpg,2
train_2410_surprise.jpg,1
train_2411_angry.jpg,3
train_2411_fear.jpg,5
train_2411_happy.jpg,0
train_2411_neutral.jpg,6
train_2411_sad.jpg,2
train_2411_surprise.jpg,1
train_2412_angry.jpg,3
train_2412_fear.jpg,5
train_2412_happy.jpg,0
train_2412_neutral.jpg,6
train_2412_sad.jpg,2
train_2412_surprise.jpg,1
train_2413_angry.jpg,3
train_2413_fear.jpg,5
train_2413_happy.jpg,0
train_2413_neutral.jpg,6
train_2413_sad.jpg,2
train_2413_surprise.jpg,1
train_2414_angry.jpg,3
train_2414_fear.jpg,5
train_2414_happy.jpg,0
train_2414_neutral.jpg,6
train_2414_sad.jpg,2
train_2414_surprise.jpg,1
train_2415_angry.jpg,3
train_2415_fear.jpg,5
train_2415_happy.jpg,0
train_2415_neutral.jpg,6
train_2415_sad.jpg,2
train_2415_surprise.jpg,1
train_2416_angry.jpg,3
train_2416_fear.jpg,5
train_2416_happy.jpg,0
train_2416_neutral.jpg,6
train_2416_sad.jpg,2
train_2416_surprise.jpg,1
train_2417_angry.jpg,3
train_2417_fear.jpg,5
train_2417_happy.jpg,0
train_2417_neutral.jpg,6
train_2417_sad.jpg,2
train_2417_surprise.jpg,1
train_2418_angry.jpg,3
train_2418_fear.jpg,5
train_2418_happy.jpg,0
train_2418_neutral.jpg,6
train_2418_sad.jpg,2
train_2418_surprise.jpg,1
train_2419_angry.jpg,3
train_2419_fear.jpg,5
train_2419_happy.jpg,0
train_2419_neutral.jpg,6
train_2419_sad.jpg,2
train_2419_surprise.jpg,1
train_241_angry.jpg,3
train_241_disgust.jpg,4
train_241_fear.jpg,5
train_241_happy.png,0
train_241_neutral.png,6
train_241_sad.jpg,2
train_241_surprise.jpg,1
train_2420_angry.jpg,3
train_2420_fear.jpg,5
train_2420_happy.jpg,0
train_2420_neutral.jpg,6
train_2420_sad.jpg,2
train_2420_surprise.jpg,1
train_2421_angry.jpg,3
train_2421_fear.jpg,5
train_2421_happy.jpg,0
train_2421_neutral.jpg,6
train_2421_sad.jpg,2
train_2421_surprise.jpg,1
train_2422_angry.jpg,3
train_2422_fear.jpg,5
train_2422_happy.jpg,0
train_2422_neutral.jpg,6
train_2422_sad.jpg,2
train_2422_surprise.jpg,1
train_2423_angry.jpg,3
train_2423_fear.jpg,5
train_2423_happy.jpg,0
train_2423_neutral.jpg,6
train_2423_sad.jpg,2
train_2423_surprise.jpg,1
train_2424_angry.jpg,3
train_2424_fear.jpg,5
train_2424_happy.jpg,0
train_2424_neutral.jpg,6
train_2424_sad.jpg,2
train_2424_surprise.jpg,1
train_2425_angry.jpg,3
train_2425_fear.jpg,5
train_2425_happy.jpg,0
train_2425_neutral.jpg,6
train_2425_sad.jpg,2
train_2425_surprise.jpg,1
train_2426_angry.jpg,3
train_2426_fear.jpg,5
train_2426_happy.jpg,0
train_2426_neutral.jpg,6
train_2426_sad.jpg,2
train_2426_surprise.jpg,1
train_2427_angry.jpg,3
train_2427_fear.jpg,5
train_2427_happy.jpg,0
train_2427_neutral.jpg,6
train_2427_sad.jpg,2
train_2427_surprise.jpg,1
train_2428_angry.jpg,3
train_2428_fear.jpg,5
train_2428_happy.jpg,0
train_2428_neutral.jpg,6
train_2428_sad.jpg,2
train_2428_surprise.jpg,1
train_2429_angry.jpg,3
train_2429_fear.jpg,5
train_2429_happy.jpg,0
train_2429_neutral.jpg,6
train_2429_sad.jpg,2
train_2429_surprise.jpg,1
train_242_angry.jpg,3
train_242_disgust.jpg,4
train_242_fear.jpg,5
train_242_happy.png,0
train_242_neutral.png,6
train_242_sad.jpg,2
train_242_surprise.jpg,1
train_2430_angry.jpg,3
train_2430_fear.jpg,5
train_2430_happy.jpg,0
train_2430_neutral.jpg,6
train_2430_sad.jpg,2
train_2430_surprise.jpg,1
train_2431_angry.jpg,3
train_2431_fear.jpg,5
train_2431_happy.jpg,0
train_2431_neutral.jpg,6
train_2431_sad.jpg,2
train_2431_surprise.jpg,1
train_2432_angry.jpg,3
train_2432_fear.jpg,5
train_2432_happy.jpg,0
train_2432_neutral.jpg,6
train_2432_sad.jpg,2
train_2432_surprise.jpg,1
train_2433_angry.jpg,3
train_2433_fear.jpg,5
train_2433_happy.jpg,0
train_2433_neutral.jpg,6
train_2433_sad.jpg,2
train_2433_surprise.jpg,1
train_2434_angry.jpg,3
train_2434_fear.jpg,5
train_2434_happy.jpg,0
train_2434_neutral.jpg,6
train_2434_sad.jpg,2
train_2434_surprise.jpg,1
train_2435_angry.jpg,3
train_2435_fear.jpg,5
train_2435_happy.jpg,0
train_2435_neutral.jpg,6
train_2435_sad.jpg,2
train_2435_surprise.jpg,1
train_2436_angry.jpg,3
train_2436_fear.jpg,5
train_2436_happy.jpg,0
train_2436_neutral.jpg,6
train_2436_sad.jpg,2
train_2436_surprise.jpg,1
train_2437_angry.jpg,3
train_2437_fear.jpg,5
train_2437_happy.jpg,0
train_2437_neutral.jpg,6
train_2437_sad.jpg,2
train_2437_surprise.jpg,1
train_2438_angry.jpg,3
train_2438_fear.jpg,5
train_2438_happy.jpg,0
train_2438_neutral.jpg,6
train_2438_sad.jpg,2
train_2438_surprise.jpg,1
train_2439_angry.jpg,3
train_2439_fear.jpg,5
train_2439_happy.jpg,0
train_2439_neutral.jpg,6
train_2439_sad.jpg,2
train_2439_surprise.jpg,1
train_243_angry.jpg,3
train_243_disgust.jpg,4
train_243_fear.jpg,5
train_243_happy.png,0
train_243_neutral.png,6
train_243_sad.jpg,2
train_243_surprise.jpg,1
train_2440_angry.jpg,3
train_2440_fear.jpg,5
train_2440_happy.jpg,0
train_2440_neutral.jpg,6
train_2440_sad.jpg,2
train_2440_surprise.jpg,1
train_2441_angry.jpg,3
train_2441_fear.jpg,5
train_2441_happy.jpg,0
train_2441_neutral.jpg,6
train_2441_sad.jpg,2
train_2441_surprise.jpg,1
train_2442_angry.jpg,3
train_2442_fear.jpg,5
train_2442_happy.jpg,0
train_2442_neutral.jpg,6
train_2442_sad.jpg,2
train_2442_surprise.jpg,1
train_2443_angry.jpg,3
train_2443_fear.jpg,5
train_2443_happy.jpg,0
train_2443_neutral.jpg,6
train_2443_sad.jpg,2
train_2443_surprise.jpg,1
train_2444_angry.jpg,3
train_2444_fear.jpg,5
train_2444_happy.jpg,0
train_2444_neutral.jpg,6
train_2444_sad.jpg,2
train_2444_surprise.jpg,1
train_2445_angry.jpg,3
train_2445_fear.jpg,5
train_2445_happy.jpg,0
train_2445_neutral.jpg,6
train_2445_sad.jpg,2
train_2445_surprise.jpg,1
train_2446_angry.jpg,3
train_2446_fear.jpg,5
train_2446_happy.jpg,0
train_2446_neutral.jpg,6
train_2446_sad.jpg,2
train_2446_surprise.jpg,1
train_2447_angry.jpg,3
train_2447_fear.jpg,5
train_2447_happy.jpg,0
train_2447_neutral.jpg,6
train_2447_sad.jpg,2
train_2447_surprise.jpg,1
train_2448_angry.jpg,3
train_2448_fear.jpg,5
train_2448_happy.jpg,0
train_2448_neutral.jpg,6
train_2448_sad.jpg,2
train_2448_surprise.jpg,1
train_2449_angry.jpg,3
train_2449_fear.jpg,5
train_2449_happy.jpg,0
train_2449_neutral.jpg,6
train_2449_sad.jpg,2
train_2449_surprise.jpg,1
train_244_angry.jpg,3
train_244_disgust.jpg,4
train_244_fear.jpg,5
train_244_happy.png,0
train_244_neutral.png,6
train_244_sad.jpg,2
train_244_surprise.jpg,1
train_2450_angry.jpg,3
train_2450_fear.jpg,5
train_2450_happy.jpg,0
train_2450_neutral.jpg,6
train_2450_sad.jpg,2
train_2450_surprise.jpg,1
train_2451_angry.jpg,3
train_2451_fear.jpg,5
train_2451_happy.jpg,0
train_2451_neutral.jpg,6
train_2451_sad.jpg,2
train_2451_surprise.jpg,1
train_2452_angry.jpg,3
train_2452_fear.jpg,5
train_2452_happy.jpg,0
train_2452_neutral.jpg,6
train_2452_sad.jpg,2
train_2452_surprise.jpg,1
train_2453_angry.jpg,3
train_2453_fear.jpg,5
train_2453_happy.jpg,0
train_2453_neutral.jpg,6
train_2453_sad.jpg,2
train_2453_surprise.jpg,1
train_2454_angry.jpg,3
train_2454_fear.jpg,5
train_2454_happy.jpg,0
train_2454_neutral.jpg,6
train_2454_sad.jpg,2
train_2454_surprise.jpg,1
train_2455_angry.jpg,3
train_2455_fear.jpg,5
train_2455_happy.jpg,0
train_2455_neutral.jpg,6
train_2455_sad.jpg,2
train_2455_surprise.jpg,1
train_2456_angry.jpg,3
train_2456_fear.jpg,5
train_2456_happy.jpg,0
train_2456_neutral.jpg,6
train_2456_sad.jpg,2
train_2456_surprise.jpg,1
train_2457_angry.jpg,3
train_2457_fear.jpg,5
train_2457_happy.jpg,0
train_2457_neutral.jpg,6
train_2457_sad.jpg,2
train_2457_surprise.jpg,1
train_2458_angry.jpg,3
train_2458_fear.jpg,5
train_2458_happy.jpg,0
train_2458_neutral.jpg,6
train_2458_sad.jpg,2
train_2458_surprise.jpg,1
train_2459_angry.jpg,3
train_2459_fear.jpg,5
train_2459_happy.jpg,0
train_2459_neutral.jpg,6
train_2459_sad.jpg,2
train_2459_surprise.jpg,1
train_245_angry.jpg,3
train_245_disgust.jpg,4
train_245_fear.jpg,5
train_245_happy.png,0
train_245_neutral.png,6
train_245_sad.jpg,2
train_245_surprise.jpg,1
train_2460_angry.jpg,3
train_2460_fear.jpg,5
train_2460_happy.jpg,0
train_2460_neutral.jpg,6
train_2460_sad.jpg,2
train_2460_surprise.jpg,1
train_2461_angry.jpg,3
train_2461_fear.jpg,5
train_2461_happy.jpg,0
train_2461_neutral.jpg,6
train_2461_sad.jpg,2
train_2461_surprise.jpg,1
train_2462_angry.jpg,3
train_2462_fear.jpg,5
train_2462_happy.jpg,0
train_2462_neutral.jpg,6
train_2462_sad.jpg,2
train_2462_surprise.jpg,1
train_2463_angry.jpg,3
train_2463_fear.jpg,5
train_2463_happy.jpg,0
train_2463_neutral.jpg,6
train_2463_sad.jpg,2
train_2463_surprise.jpg,1
train_2464_angry.jpg,3
train_2464_fear.jpg,5
train_2464_happy.jpg,0
train_2464_neutral.jpg,6
train_2464_sad.jpg,2
train_2464_surprise.jpg,1
train_2465_angry.jpg,3
train_2465_fear.jpg,5
train_2465_happy.jpg,0
train_2465_neutral.jpg,6
train_2465_sad.jpg,2
train_2465_surprise.jpg,1
train_2466_angry.jpg,3
train_2466_fear.jpg,5
train_2466_happy.jpg,0
train_2466_neutral.jpg,6
train_2466_sad.jpg,2
train_2466_surprise.jpg,1
train_2467_angry.jpg,3
train_2467_fear.jpg,5
train_2467_happy.jpg,0
train_2467_neutral.jpg,6
train_2467_sad.jpg,2
train_2467_surprise.jpg,1
train_2468_angry.jpg,3
train_2468_fear.jpg,5
train_2468_happy.jpg,0
train_2468_neutral.jpg,6
train_2468_sad.jpg,2
train_2468_surprise.jpg,1
train_2469_angry.jpg,3
train_2469_fear.jpg,5
train_2469_happy.jpg,0
train_2469_neutral.jpg,6
train_2469_sad.jpg,2
train_2469_surprise.jpg,1
train_246_angry.jpg,3
train_246_disgust.jpg,4
train_246_fear.jpg,5
train_246_happy.png,0
train_246_neutral.png,6
train_246_sad.jpg,2
train_246_surprise.jpg,1
train_2470_angry.jpg,3
train_2470_fear.jpg,5
train_2470_happy.jpg,0
train_2470_neutral.jpg,6
train_2470_sad.jpg,2
train_2470_surprise.jpg,1
train_2471_angry.jpg,3
train_2471_fear.jpg,5
train_2471_happy.jpg,0
train_2471_neutral.jpg,6
train_2471_sad.jpg,2
train_2471_surprise.jpg,1
train_2472_angry.jpg,3
train_2472_fear.jpg,5
train_2472_happy.jpg,0
train_2472_neutral.jpg,6
train_2472_sad.jpg,2
train_2472_surprise.jpg,1
train_2473_angry.jpg,3
train_2473_fear.jpg,5
train_2473_happy.jpg,0
train_2473_neutral.jpg,6
train_2473_sad.jpg,2
train_2473_surprise.jpg,1
train_2474_angry.jpg,3
train_2474_fear.jpg,5
train_2474_happy.jpg,0
train_2474_neutral.jpg,6
train_2474_sad.jpg,2
train_2474_surprise.jpg,1
train_2475_angry.jpg,3
train_2475_fear.jpg,5
train_2475_happy.jpg,0
train_2475_neutral.jpg,6
train_2475_sad.jpg,2
train_2475_surprise.jpg,1
train_2476_angry.jpg,3
train_2476_fear.jpg,5
train_2476_happy.jpg,0
train_2476_neutral.jpg,6
train_2476_sad.jpg,2
train_2476_surprise.jpg,1
train_2477_angry.jpg,3
train_2477_fear.jpg,5
train_2477_happy.jpg,0
train_2477_neutral.jpg,6
train_2477_sad.jpg,2
train_2477_surprise.jpg,1
train_2478_angry.jpg,3
train_2478_fear.jpg,5
train_2478_happy.jpg,0
train_2478_neutral.jpg,6
train_2478_sad.jpg,2
train_2478_surprise.jpg,1
train_2479_angry.jpg,3
train_2479_fear.jpg,5
train_2479_happy.jpg,0
train_2479_neutral.jpg,6
train_2479_sad.jpg,2
train_2479_surprise.jpg,1
train_247_angry.jpg,3
train_247_disgust.jpg,4
train_247_fear.jpg,5
train_247_happy.png,0
train_247_neutral.png,6
train_247_sad.jpg,2
train_247_surprise.jpg,1
train_2480_angry.jpg,3
train_2480_fear.jpg,5
train_2480_happy.jpg,0
train_2480_neutral.jpg,6
train_2480_sad.jpg,2
train_2480_surprise.jpg,1
train_2481_angry.jpg,3
train_2481_fear.jpg,5
train_2481_happy.jpg,0
train_2481_neutral.jpg,6
train_2481_sad.jpg,2
train_2481_surprise.jpg,1
train_2482_angry.jpg,3
train_2482_fear.jpg,5
train_2482_happy.jpg,0
train_2482_neutral.jpg,6
train_2482_sad.jpg,2
train_2482_surprise.jpg,1
train_2483_angry.jpg,3
train_2483_fear.jpg,5
train_2483_happy.jpg,0
train_2483_neutral.jpg,6
train_2483_sad.jpg,2
train_2483_surprise.jpg,1
train_2484_angry.jpg,3
train_2484_fear.jpg,5
train_2484_happy.jpg,0
train_2484_neutral.jpg,6
train_2484_sad.jpg,2
train_2484_surprise.jpg,1
train_2485_angry.jpg,3
train_2485_fear.jpg,5
train_2485_happy.jpg,0
train_2485_neutral.jpg,6
train_2485_sad.jpg,2
train_2485_surprise.jpg,1
train_2486_angry.jpg,3
train_2486_fear.jpg,5
train_2486_happy.jpg,0
train_2486_neutral.jpg,6
train_2486_sad.jpg,2
train_2486_surprise.jpg,1
train_2487_angry.jpg,3
train_2487_fear.jpg,5
train_2487_happy.jpg,0
train_2487_neutral.jpg,6
train_2487_sad.jpg,2
train_2487_surprise.jpg,1
train_2488_angry.jpg,3
train_2488_fear.jpg,5
train_2488_happy.jpg,0
train_2488_neutral.jpg,6
train_2488_sad.jpg,2
train_2488_surprise.jpg,1
train_2489_angry.jpg,3
train_2489_fear.jpg,5
train_2489_happy.jpg,0
train_2489_neutral.jpg,6
train_2489_sad.jpg,2
train_2489_surprise.jpg,1
train_248_angry.jpg,3
train_248_disgust.jpg,4
train_248_fear.jpg,5
train_248_happy.png,0
train_248_neutral.png,6
train_248_sad.jpg,2
train_248_surprise.jpg,1
train_2490_angry.jpg,3
train_2490_fear.jpg,5
train_2490_happy.jpg,0
train_2490_neutral.jpg,6
train_2490_sad.jpg,2
train_2490_surprise.jpg,1
train_2491_angry.jpg,3
train_2491_fear.jpg,5
train_2491_happy.jpg,0
train_2491_neutral.jpg,6
train_2491_sad.jpg,2
train_2491_surprise.jpg,1
train_2492_angry.jpg,3
train_2492_fear.jpg,5
train_2492_happy.jpg,0
train_2492_neutral.jpg,6
train_2492_sad.jpg,2
train_2492_surprise.jpg,1
train_2493_angry.jpg,3
train_2493_fear.jpg,5
train_2493_happy.jpg,0
train_2493_neutral.jpg,6
train_2493_sad.jpg,2
train_2493_surprise.jpg,1
train_2494_angry.jpg,3
train_2494_fear.jpg,5
train_2494_happy.jpg,0
train_2494_neutral.jpg,6
train_2494_sad.jpg,2
train_2494_surprise.jpg,1
train_2495_angry.jpg,3
train_2495_fear.jpg,5
train_2495_happy.jpg,0
train_2495_neutral.jpg,6
train_2495_sad.jpg,2
train_2495_surprise.jpg,1
train_2496_angry.jpg,3
train_2496_fear.jpg,5
train_2496_happy.jpg,0
train_2496_neutral.jpg,6
train_2496_sad.jpg,2
train_2496_surprise.jpg,1
train_2497_angry.jpg,3
train_2497_fear.jpg,5
train_2497_happy.jpg,0
train_2497_neutral.jpg,6
train_2497_sad.jpg,2
train_2497_surprise.jpg,1
train_2498_angry.jpg,3
train_2498_fear.jpg,5
train_2498_happy.jpg,0
train_2498_neutral.jpg,6
train_2498_sad.jpg,2
train_2498_surprise.jpg,1
train_2499_angry.jpg,3
train_2499_fear.jpg,5
train_2499_happy.jpg,0
train_2499_neutral.jpg,6
train_2499_sad.jpg,2
train_2499_surprise.jpg,1
train_249_angry.jpg,3
train_249_disgust.jpg,4
train_249_fear.jpg,5
train_249_happy.png,0
train_249_neutral.png,6
train_249_sad.jpg,2
train_249_surprise.jpg,1
train_24_angry.jpg,3
train_24_disgust.jpg,4
train_24_fear.jpg,5
train_24_happy.png,0
train_24_neutral.png,6
train_24_sad.jpg,2
train_24_surprise.jpg,1
train_250_angry.jpg,3
train_250_disgust.jpg,4
train_250_fear.jpg,5
train_250_happy.png,0
train_250_neutral.png,6
train_250_sad.jpg,2
train_250_surprise.jpg,1
train_251_angry.jpg,3
train_251_disgust.jpg,4
train_251_fear.jpg,5
train_251_happy.png,0
train_251_neutral.png,6
train_251_sad.jpg,2
train_251_surprise.jpg,1
train_252_angry.jpg,3
train_252_disgust.jpg,4
train_252_fear.jpg,5
train_252_happy.png,0
train_252_neutral.png,6
train_252_sad.jpg,2
train_252_surprise.jpg,1
train_253_angry.jpg,3
train_253_disgust.jpg,4
train_253_fear.jpg,5
train_253_happy.png,0
train_253_neutral.png,6
train_253_sad.jpg,2
train_253_surprise.jpg,1
train_254_angry.jpg,3
train_254_disgust.jpg,4
train_254_fear.jpg,5
train_254_happy.png,0
train_254_neutral.png,6
train_254_sad.jpg,2
train_254_surprise.jpg,1
train_255_angry.jpg,3
train_255_disgust.jpg,4
train_255_fear.jpg,5
train_255_happy.png,0
train_255_neutral.png,6
train_255_sad.jpg,2
train_255_surprise.jpg,1
train_256_angry.jpg,3
train_256_disgust.jpg,4
train_256_fear.jpg,5
train_256_happy.png,0
train_256_neutral.png,6
train_256_sad.jpg,2
train_256_surprise.jpg,1
train_257_angry.jpg,3
train_257_disgust.jpg,4
train_257_fear.jpg,5
train_257_happy.png,0
train_257_neutral.png,6
train_257_sad.jpg,2
train_257_surprise.jpg,1
train_258_angry.jpg,3
train_258_disgust.jpg,4
train_258_fear.jpg,5
train_258_happy.png,0
train_258_neutral.png,6
train_258_sad.jpg,2
train_258_surprise.jpg,1
train_259_angry.jpg,3
train_259_disgust.jpg,4
train_259_fear.jpg,5
train_259_happy.png,0
train_259_neutral.png,6
train_259_sad.jpg,2
train_259_surprise.jpg,1
train_25_angry.jpg,3
train_25_disgust.jpg,4
train_25_fear.jpg,5
train_25_happy.png,0
train_25_neutral.png,6
train_25_sad.jpg,2
train_25_surprise.jpg,1
train_260_angry.jpg,3
train_260_disgust.jpg,4
train_260_fear.jpg,5
train_260_happy.png,0
train_260_neutral.png,6
train_260_sad.jpg,2
train_260_surprise.jpg,1
train_261_angry.jpg,3
train_261_disgust.jpg,4
train_261_fear.jpg,5
train_261_happy.png,0
train_261_neutral.png,6
train_261_sad.jpg,2
train_261_surprise.jpg,1
train_262_angry.jpg,3
train_262_disgust.jpg,4
train_262_fear.jpg,5
train_262_happy.png,0
train_262_neutral.png,6
train_262_sad.jpg,2
train_262_surprise.jpg,1
train_263_angry.jpg,3
train_263_disgust.jpg,4
train_263_fear.jpg,5
train_263_happy.png,0
train_263_neutral.png,6
train_263_sad.jpg,2
train_263_surprise.jpg,1
train_264_angry.jpg,3
train_264_disgust.jpg,4
train_264_fear.jpg,5
train_264_happy.png,0
train_264_neutral.png,6
train_264_sad.jpg,2
train_264_surprise.jpg,1
train_265_angry.jpg,3
train_265_disgust.jpg,4
train_265_fear.jpg,5
train_265_happy.png,0
train_265_neutral.png,6
train_265_sad.jpg,2
train_265_surprise.jpg,1
train_266_angry.jpg,3
train_266_disgust.jpg,4
train_266_fear.jpg,5
train_266_happy.png,0
train_266_neutral.png,6
train_266_sad.jpg,2
train_266_surprise.jpg,1
train_267_angry.jpg,3
train_267_disgust.jpg,4
train_267_fear.jpg,5
train_267_happy.png,0
train_267_neutral.png,6
train_267_sad.jpg,2
train_267_surprise.jpg,1
train_268_angry.jpg,3
train_268_disgust.jpg,4
train_268_fear.jpg,5
train_268_happy.png,0
train_268_neutral.png,6
train_268_sad.jpg,2
train_268_surprise.jpg,1
train_269_angry.jpg,3
train_269_disgust.jpg,4
train_269_fear.jpg,5
train_269_happy.png,0
train_269_neutral.png,6
train_269_sad.jpg,2
train_269_surprise.jpg,1
train_26_angry.jpg,3
train_26_disgust.jpg,4
train_26_fear.jpg,5
train_26_happy.png,0
train_26_neutral.png,6
train_26_sad.jpg,2
train_26_surprise.jpg,1
train_270_angry.jpg,3
train_270_disgust.jpg,4
train_270_fear.jpg,5
train_270_happy.png,0
train_270_neutral.png,6
train_270_sad.jpg,2
train_270_surprise.jpg,1
train_271_angry.jpg,3
train_271_disgust.jpg,4
train_271_fear.jpg,5
train_271_happy.png,0
train_271_neutral.png,6
train_271_sad.jpg,2
train_271_surprise.jpg,1
train_272_angry.jpg,3
train_272_disgust.jpg,4
train_272_fear.jpg,5
train_272_happy.png,0
train_272_neutral.png,6
train_272_sad.jpg,2
train_272_surprise.jpg,1
train_273_angry.jpg,3
train_273_disgust.jpg,4
train_273_fear.jpg,5
train_273_happy.png,0
train_273_neutral.png,6
train_273_sad.jpg,2
train_273_surprise.jpg,1
train_274_angry.jpg,3
train_274_disgust.jpg,4
train_274_fear.jpg,5
train_274_happy.png,0
train_274_neutral.png,6
train_274_sad.jpg,2
train_274_surprise.jpg,1
train_275_angry.jpg,3
train_275_disgust.jpg,4
train_275_fear.jpg,5
train_275_happy.png,0
train_275_neutral.png,6
train_275_sad.jpg,2
train_275_surprise.jpg,1
train_276_angry.jpg,3
train_276_disgust.jpg,4
train_276_fear.jpg,5
train_276_happy.png,0
train_276_neutral.png,6
train_276_sad.jpg,2
train_276_surprise.jpg,1
train_277_angry.jpg,3
train_277_disgust.jpg,4
train_277_fear.jpg,5
train_277_happy.png,0
train_277_neutral.png,6
train_277_sad.jpg,2
train_277_surprise.jpg,1
train_278_angry.jpg,3
train_278_disgust.jpg,4
train_278_fear.jpg,5
train_278_happy.png,0
train_278_neutral.png,6
train_278_sad.jpg,2
train_278_surprise.jpg,1
train_279_angry.jpg,3
train_279_disgust.jpg,4
train_279_fear.jpg,5
train_279_happy.png,0
train_279_neutral.png,6
train_279_sad.jpg,2
train_279_surprise.jpg,1
train_27_angry.jpg,3
train_27_disgust.jpg,4
train_27_fear.jpg,5
train_27_happy.png,0
train_27_neutral.png,6
train_27_sad.jpg,2
train_27_surprise.jpg,1
train_280_angry.jpg,3
train_280_disgust.jpg,4
train_280_fear.jpg,5
train_280_happy.png,0
train_280_neutral.png,6
train_280_sad.jpg,2
train_280_surprise.jpg,1
train_281_angry.jpg,3
train_281_disgust.jpg,4
train_281_fear.jpg,5
train_281_happy.png,0
train_281_neutral.png,6
train_281_sad.jpg,2
train_281_surprise.jpg,1
train_282_angry.jpg,3
train_282_disgust.jpg,4
train_282_fear.jpg,5
train_282_happy.png,0
train_282_neutral.png,6
train_282_sad.jpg,2
train_282_surprise.jpg,1
train_283_angry.jpg,3
train_283_disgust.jpg,4
train_283_fear.jpg,5
train_283_happy.png,0
train_283_neutral.png,6
train_283_sad.jpg,2
train_283_surprise.jpg,1
train_284_angry.jpg,3
train_284_disgust.jpg,4
train_284_fear.jpg,5
train_284_happy.png,0
train_284_neutral.png,6
train_284_sad.jpg,2
train_284_surprise.jpg,1
train_285_angry.jpg,3
train_285_disgust.jpg,4
train_285_fear.jpg,5
train_285_happy.png,0
train_285_neutral.png,6
train_285_sad.jpg,2
train_285_surprise.jpg,1
train_286_angry.jpg,3
train_286_disgust.jpg,4
train_286_fear.jpg,5
train_286_happy.png,0
train_286_neutral.png,6
train_286_sad.jpg,2
train_286_surprise.jpg,1
train_287_angry.jpg,3
train_287_disgust.jpg,4
train_287_fear.jpg,5
train_287_happy.png,0
train_287_neutral.png,6
train_287_sad.jpg,2
train_287_surprise.jpg,1
train_288_angry.jpg,3
train_288_disgust.jpg,4
train_288_fear.jpg,5
train_288_happy.png,0
train_288_neutral.png,6
train_288_sad.jpg,2
train_288_surprise.jpg,1
train_289_angry.jpg,3
train_289_disgust.jpg,4
train_289_fear.jpg,5
train_289_happy.png,0
train_289_neutral.png,6
train_289_sad.jpg,2
train_289_surprise.jpg,1
train_28_angry.jpg,3
train_28_disgust.jpg,4
train_28_fear.jpg,5
train_28_happy.png,0
train_28_neutral.png,6
train_28_sad.jpg,2
train_28_surprise.jpg,1
train_290_angry.jpg,3
train_290_disgust.jpg,4
train_290_fear.jpg,5
train_290_happy.png,0
train_290_neutral.png,6
train_290_sad.jpg,2
train_290_surprise.jpg,1
train_291_angry.jpg,3
train_291_disgust.jpg,4
train_291_fear.jpg,5
train_291_happy.png,0
train_291_neutral.png,6
train_291_sad.jpg,2
train_291_surprise.jpg,1
train_292_angry.jpg,3
train_292_disgust.jpg,4
train_292_fear.jpg,5
train_292_happy.png,0
train_292_neutral.png,6
train_292_sad.jpg,2
train_292_surprise.jpg,1
train_293_angry.jpg,3
train_293_disgust.jpg,4
train_293_fear.jpg,5
train_293_happy.png,0
train_293_neutral.png,6
train_293_sad.jpg,2
train_293_surprise.jpg,1
train_294_angry.jpg,3
train_294_disgust.jpg,4
train_294_fear.jpg,5
train_294_happy.png,0
train_294_neutral.png,6
train_294_sad.jpg,2
train_294_surprise.jpg,1
train_295_angry.jpg,3
train_295_disgust.jpg,4
train_295_fear.jpg,5
train_295_happy.png,0
train_295_neutral.png,6
train_295_sad.jpg,2
train_295_surprise.jpg,1
train_296_angry.jpg,3
train_296_disgust.jpg,4
train_296_fear.jpg,5
train_296_happy.png,0
train_296_neutral.png,6
train_296_sad.jpg,2
train_296_surprise.jpg,1
train_297_angry.jpg,3
train_297_disgust.jpg,4
train_297_fear.jpg,5
train_297_happy.png,0
train_297_neutral.png,6
train_297_sad.jpg,2
train_297_surprise.jpg,1
train_298_angry.jpg,3
train_298_disgust.jpg,4
train_298_fear.jpg,5
train_298_happy.png,0
train_298_neutral.png,6
train_298_sad.jpg,2
train_298_surprise.jpg,1
train_299_angry.jpg,3
train_299_disgust.jpg,4
train_299_fear.jpg,5
train_299_happy.png,0
train_299_neutral.png,6
train_299_sad.jpg,2
train_299_surprise.jpg,1
train_29_angry.jpg,3
train_29_disgust.jpg,4
train_29_fear.jpg,5
train_29_happy.png,0
train_29_neutral.png,6
train_29_sad.jpg,2
train_29_surprise.jpg,1
train_2_angry.jpg,3
train_2_disgust.jpg,4
train_2_fear.jpg,5
train_2_happy.png,0
train_2_neutral.png,6
train_2_sad.jpg,2
train_2_surprise.jpg,1
train_300_angry.jpg,3
train_300_disgust.jpg,4
train_300_fear.jpg,5
train_300_happy.png,0
train_300_neutral.png,6
train_300_sad.jpg,2
train_300_surprise.jpg,1
train_301_angry.jpg,3
train_301_disgust.jpg,4
train_301_fear.jpg,5
train_301_happy.png,0
train_301_neutral.png,6
train_301_sad.jpg,2
train_301_surprise.jpg,1
train_302_angry.jpg,3
train_302_disgust.jpg,4
train_302_fear.jpg,5
train_302_happy.png,0
train_302_neutral.png,6
train_302_sad.jpg,2
train_302_surprise.jpg,1
train_303_angry.jpg,3
train_303_disgust.jpg,4
train_303_fear.jpg,5
train_303_happy.png,0
train_303_neutral.png,6
train_303_sad.jpg,2
train_303_surprise.jpg,1
train_304_angry.jpg,3
train_304_disgust.jpg,4
train_304_fear.jpg,5
train_304_happy.png,0
train_304_neutral.png,6
train_304_sad.jpg,2
train_304_surprise.jpg,1
train_305_angry.jpg,3
train_305_disgust.jpg,4
train_305_fear.jpg,5
train_305_happy.png,0
train_305_neutral.png,6
train_305_sad.jpg,2
train_305_surprise.jpg,1
train_306_angry.jpg,3
train_306_disgust.jpg,4
train_306_fear.jpg,5
train_306_happy.png,0
train_306_neutral.png,6
train_306_sad.jpg,2
train_306_surprise.jpg,1
train_307_angry.jpg,3
train_307_disgust.jpg,4
train_307_fear.jpg,5
train_307_happy.png,0
train_307_neutral.png,6
train_307_sad.jpg,2
train_307_surprise.jpg,1
train_308_angry.jpg,3
train_308_disgust.jpg,4
train_308_fear.jpg,5
train_308_happy.png,0
train_308_neutral.png,6
train_308_sad.jpg,2
train_308_surprise.jpg,1
train_309_angry.jpg,3
train_309_disgust.jpg,4
train_309_fear.jpg,5
train_309_happy.png,0
train_309_neutral.png,6
train_309_sad.jpg,2
train_309_surprise.jpg,1
train_30_angry.jpg,3
train_30_disgust.jpg,4
train_30_fear.jpg,5
train_30_happy.png,0
train_30_neutral.png,6
train_30_sad.jpg,2
train_30_surprise.jpg,1
train_310_angry.jpg,3
train_310_disgust.jpg,4
train_310_fear.jpg,5
train_310_happy.png,0
train_310_neutral.png,6
train_310_sad.jpg,2
train_310_surprise.jpg,1
train_311_angry.jpg,3
train_311_disgust.jpg,4
train_311_fear.jpg,5
train_311_happy.png,0
train_311_neutral.png,6
train_311_sad.jpg,2
train_311_surprise.jpg,1
train_312_angry.jpg,3
train_312_disgust.jpg,4
train_312_fear.jpg,5
train_312_happy.png,0
train_312_neutral.png,6
train_312_sad.jpg,2
train_312_surprise.jpg,1
train_313_angry.jpg,3
train_313_disgust.jpg,4
train_313_fear.jpg,5
train_313_happy.png,0
train_313_neutral.png,6
train_313_sad.jpg,2
train_313_surprise.jpg,1
train_314_angry.jpg,3
train_314_disgust.jpg,4
train_314_fear.jpg,5
train_314_happy.png,0
train_314_neutral.png,6
train_314_sad.jpg,2
train_314_surprise.jpg,1
train_315_angry.jpg,3
train_315_disgust.jpg,4
train_315_fear.jpg,5
train_315_happy.png,0
train_315_neutral.png,6
train_315_sad.jpg,2
train_315_surprise.jpg,1
train_316_angry.jpg,3
train_316_disgust.jpg,4
train_316_fear.jpg,5
train_316_happy.png,0
train_316_neutral.png,6
train_316_sad.jpg,2
train_316_surprise.jpg,1
train_317_angry.jpg,3
train_317_disgust.jpg,4
train_317_fear.jpg,5
train_317_happy.png,0
train_317_neutral.png,6
train_317_sad.jpg,2
train_317_surprise.jpg,1
train_318_angry.jpg,3
train_318_disgust.jpg,4
train_318_fear.jpg,5
train_318_happy.png,0
train_318_neutral.png,6
train_318_sad.jpg,2
train_318_surprise.jpg,1
train_319_angry.jpg,3
train_319_disgust.jpg,4
train_319_fear.jpg,5
train_319_happy.png,0
train_319_neutral.png,6
train_319_sad.jpg,2
train_319_surprise.jpg,1
train_31_angry.jpg,3
train_31_disgust.jpg,4
train_31_fear.jpg,5
train_31_happy.png,0
train_31_neutral.png,6
train_31_sad.jpg,2
train_31_surprise.jpg,1
train_320_angry.jpg,3
train_320_disgust.jpg,4
train_320_fear.jpg,5
train_320_happy.png,0
train_320_neutral.png,6
train_320_sad.jpg,2
train_320_surprise.jpg,1
train_321_angry.jpg,3
train_321_disgust.jpg,4
train_321_fear.jpg,5
train_321_happy.png,0
train_321_neutral.png,6
train_321_sad.jpg,2
train_321_surprise.jpg,1
train_322_angry.jpg,3
train_322_disgust.jpg,4
train_322_fear.jpg,5
train_322_happy.png,0
train_322_neutral.png,6
train_322_sad.jpg,2
train_322_surprise.jpg,1
train_323_angry.jpg,3
train_323_disgust.jpg,4
train_323_fear.jpg,5
train_323_happy.png,0
train_323_neutral.png,6
train_323_sad.jpg,2
train_323_surprise.jpg,1
train_324_angry.jpg,3
train_324_disgust.jpg,4
train_324_fear.jpg,5
train_324_happy.png,0
train_324_neutral.png,6
train_324_sad.jpg,2
train_324_surprise.jpg,1
train_325_angry.jpg,3
train_325_disgust.jpg,4
train_325_fear.jpg,5
train_325_happy.png,0
train_325_neutral.png,6
train_325_sad.jpg,2
train_325_surprise.jpg,1
train_326_angry.jpg,3
train_326_disgust.jpg,4
train_326_fear.jpg,5
train_326_happy.png,0
train_326_neutral.png,6
train_326_sad.jpg,2
train_326_surprise.jpg,1
train_327_angry.jpg,3
train_327_disgust.jpg,4
train_327_fear.jpg,5
train_327_happy.png,0
train_327_neutral.png,6
train_327_sad.jpg,2
train_327_surprise.jpg,1
train_328_angry.jpg,3
train_328_disgust.jpg,4
train_328_fear.jpg,5
train_328_happy.png,0
train_328_neutral.png,6
train_328_sad.jpg,2
train_328_surprise.jpg,1
train_329_angry.jpg,3
train_329_disgust.jpg,4
train_329_fear.jpg,5
train_329_happy.png,0
train_329_neutral.png,6
train_329_sad.jpg,2
train_329_surprise.jpg,1
train_32_angry.jpg,3
train_32_disgust.jpg,4
train_32_fear.jpg,5
train_32_happy.png,0
train_32_neutral.png,6
train_32_sad.jpg,2
train_32_surprise.jpg,1
train_330_angry.jpg,3
train_330_disgust.jpg,4
train_330_fear.jpg,5
train_330_happy.png,0
train_330_neutral.png,6
train_330_sad.jpg,2
train_330_surprise.jpg,1
train_331_angry.jpg,3
train_331_disgust.jpg,4
train_331_fear.jpg,5
train_331_happy.png,0
train_331_neutral.png,6
train_331_sad.jpg,2
train_331_surprise.jpg,1
train_332_angry.jpg,3
train_332_disgust.jpg,4
train_332_fear.jpg,5
train_332_happy.png,0
train_332_neutral.png,6
train_332_sad.jpg,2
train_332_surprise.jpg,1
train_333_angry.jpg,3
train_333_disgust.jpg,4
train_333_fear.jpg,5
train_333_happy.png,0
train_333_neutral.png,6
train_333_sad.jpg,2
train_333_surprise.jpg,1
train_334_angry.jpg,3
train_334_disgust.jpg,4
train_334_fear.jpg,5
train_334_happy.png,0
train_334_neutral.png,6
train_334_sad.jpg,2
train_334_surprise.jpg,1
train_335_angry.jpg,3
train_335_disgust.jpg,4
train_335_fear.jpg,5
train_335_happy.png,0
train_335_neutral.png,6
train_335_sad.jpg,2
train_335_surprise.jpg,1
train_336_angry.jpg,3
train_336_disgust.jpg,4
train_336_fear.jpg,5
train_336_happy.png,0
train_336_neutral.png,6
train_336_sad.jpg,2
train_336_surprise.jpg,1
train_337_angry.jpg,3
train_337_disgust.jpg,4
train_337_fear.jpg,5
train_337_happy.png,0
train_337_neutral.png,6
train_337_sad.jpg,2
train_337_surprise.jpg,1
train_338_angry.jpg,3
train_338_disgust.jpg,4
train_338_fear.jpg,5
train_338_happy.png,0
train_338_neutral.png,6
train_338_sad.jpg,2
train_338_surprise.jpg,1
train_339_angry.jpg,3
train_339_disgust.jpg,4
train_339_fear.jpg,5
train_339_happy.png,0
train_339_neutral.png,6
train_339_sad.jpg,2
train_339_surprise.jpg,1
train_33_angry.jpg,3
train_33_disgust.jpg,4
train_33_fear.jpg,5
train_33_happy.png,0
train_33_neutral.png,6
train_33_sad.jpg,2
train_33_surprise.jpg,1
train_340_angry.jpg,3
train_340_disgust.jpg,4
train_340_fear.jpg,5
train_340_happy.png,0
train_340_neutral.png,6
train_340_sad.jpg,2
train_340_surprise.jpg,1
train_341_angry.jpg,3
train_341_disgust.jpg,4
train_341_fear.jpg,5
train_341_happy.png,0
train_341_neutral.png,6
train_341_sad.jpg,2
train_341_surprise.jpg,1
train_342_angry.jpg,3
train_342_disgust.jpg,4
train_342_fear.jpg,5
train_342_happy.png,0
train_342_neutral.png,6
train_342_sad.jpg,2
train_342_surprise.jpg,1
train_343_angry.jpg,3
train_343_disgust.jpg,4
train_343_fear.jpg,5
train_343_happy.png,0
train_343_neutral.png,6
train_343_sad.jpg,2
train_343_surprise.jpg,1
train_344_angry.jpg,3
train_344_disgust.jpg,4
train_344_fear.jpg,5
train_344_happy.png,0
train_344_neutral.png,6
train_344_sad.jpg,2
train_344_surprise.jpg,1
train_345_angry.jpg,3
train_345_disgust.jpg,4
train_345_fear.jpg,5
train_345_happy.png,0
train_345_neutral.png,6
train_345_sad.jpg,2
train_345_surprise.jpg,1
train_346_angry.jpg,3
train_346_disgust.jpg,4
train_346_fear.jpg,5
train_346_happy.png,0
train_346_neutral.png,6
train_346_sad.jpg,2
train_346_surprise.jpg,1
train_347_angry.jpg,3
train_347_disgust.jpg,4
train_347_fear.jpg,5
train_347_happy.png,0
train_347_neutral.png,6
train_347_sad.jpg,2
train_347_surprise.jpg,1
train_348_angry.jpg,3
train_348_disgust.jpg,4
train_348_fear.jpg,5
train_348_happy.png,0
train_348_neutral.png,6
train_348_sad.jpg,2
train_348_surprise.jpg,1
train_349_angry.jpg,3
train_349_disgust.jpg,4
train_349_fear.jpg,5
train_349_happy.png,0
train_349_neutral.png,6
train_349_sad.jpg,2
train_349_surprise.jpg,1
train_34_angry.jpg,3
train_34_disgust.jpg,4
train_34_fear.jpg,5
train_34_happy.png,0
train_34_neutral.png,6
train_34_sad.jpg,2
train_34_surprise.jpg,1
train_350_angry.jpg,3
train_350_disgust.jpg,4
train_350_fear.jpg,5
train_350_happy.png,0
train_350_neutral.png,6
train_350_sad.jpg,2
train_350_surprise.jpg,1
train_351_angry.jpg,3
train_351_disgust.jpg,4
train_351_fear.jpg,5
train_351_happy.png,0
train_351_neutral.png,6
train_351_sad.jpg,2
train_351_surprise.jpg,1
train_352_angry.jpg,3
train_352_disgust.jpg,4
train_352_fear.jpg,5
train_352_happy.png,0
train_352_neutral.png,6
train_352_sad.jpg,2
train_352_surprise.jpg,1
train_353_angry.jpg,3
train_353_disgust.jpg,4
train_353_fear.jpg,5
train_353_happy.png,0
train_353_neutral.png,6
train_353_sad.jpg,2
train_353_surprise.jpg,1
train_354_angry.jpg,3
train_354_disgust.jpg,4
train_354_fear.jpg,5
train_354_happy.png,0
train_354_neutral.png,6
train_354_sad.jpg,2
train_354_surprise.jpg,1
train_355_angry.jpg,3
train_355_disgust.jpg,4
train_355_fear.jpg,5
train_355_happy.png,0
train_355_neutral.png,6
train_355_sad.jpg,2
train_355_surprise.jpg,1
train_356_angry.jpg,3
train_356_disgust.jpg,4
train_356_fear.jpg,5
train_356_happy.png,0
train_356_neutral.png,6
train_356_sad.jpg,2
train_356_surprise.jpg,1
train_357_angry.jpg,3
train_357_disgust.jpg,4
train_357_fear.jpg,5
train_357_happy.png,0
train_357_neutral.png,6
train_357_sad.jpg,2
train_357_surprise.jpg,1
train_358_angry.jpg,3
train_358_disgust.jpg,4
train_358_fear.jpg,5
train_358_happy.png,0
train_358_neutral.png,6
train_358_sad.jpg,2
train_358_surprise.jpg,1
train_359_angry.jpg,3
train_359_disgust.jpg,4
train_359_fear.jpg,5
train_359_happy.png,0
train_359_neutral.png,6
train_359_sad.jpg,2
train_359_surprise.jpg,1
train_35_angry.jpg,3
train_35_disgust.jpg,4
train_35_fear.jpg,5
train_35_happy.png,0
train_35_neutral.png,6
train_35_sad.jpg,2
train_35_surprise.jpg,1
train_360_angry.jpg,3
train_360_disgust.jpg,4
train_360_fear.jpg,5
train_360_happy.png,0
train_360_neutral.png,6
train_360_sad.jpg,2
train_360_surprise.jpg,1
train_361_angry.jpg,3
train_361_disgust.jpg,4
train_361_fear.jpg,5
train_361_happy.png,0
train_361_neutral.png,6
train_361_sad.jpg,2
train_361_surprise.jpg,1
train_362_angry.jpg,3
train_362_disgust.jpg,4
train_362_fear.jpg,5
train_362_happy.png,0
train_362_neutral.png,6
train_362_sad.jpg,2
train_362_surprise.jpg,1
train_363_angry.jpg,3
train_363_disgust.jpg,4
train_363_fear.jpg,5
train_363_happy.png,0
train_363_neutral.png,6
train_363_sad.jpg,2
train_363_surprise.jpg,1
train_364_angry.jpg,3
train_364_disgust.jpg,4
train_364_fear.jpg,5
train_364_happy.png,0
train_364_neutral.png,6
train_364_sad.jpg,2
train_364_surprise.jpg,1
train_365_angry.jpg,3
train_365_disgust.jpg,4
train_365_fear.jpg,5
train_365_happy.png,0
train_365_neutral.png,6
train_365_sad.jpg,2
train_365_surprise.jpg,1
train_366_angry.jpg,3
train_366_disgust.jpg,4
train_366_fear.jpg,5
train_366_happy.png,0
train_366_neutral.png,6
train_366_sad.jpg,2
train_366_surprise.jpg,1
train_367_angry.jpg,3
train_367_disgust.jpg,4
train_367_fear.jpg,5
train_367_happy.png,0
train_367_neutral.png,6
train_367_sad.jpg,2
train_367_surprise.jpg,1
train_368_angry.jpg,3
train_368_disgust.jpg,4
train_368_fear.jpg,5
train_368_happy.png,0
train_368_neutral.png,6
train_368_sad.jpg,2
train_368_surprise.jpg,1
train_369_angry.jpg,3
train_369_disgust.jpg,4
train_369_fear.jpg,5
train_369_happy.png,0
train_369_neutral.png,6
train_369_sad.jpg,2
train_369_surprise.jpg,1
train_36_angry.jpg,3
train_36_disgust.jpg,4
train_36_fear.jpg,5
train_36_happy.png,0
train_36_neutral.png,6
train_36_sad.jpg,2
train_36_surprise.jpg,1
train_370_angry.jpg,3
train_370_disgust.jpg,4
train_370_fear.jpg,5
train_370_happy.png,0
train_370_neutral.png,6
train_370_sad.jpg,2
train_370_surprise.jpg,1
train_371_angry.jpg,3
train_371_disgust.jpg,4
train_371_fear.jpg,5
train_371_happy.png,0
train_371_neutral.png,6
train_371_sad.jpg,2
train_371_surprise.jpg,1
train_372_angry.jpg,3
train_372_disgust.jpg,4
train_372_fear.jpg,5
train_372_happy.png,0
train_372_neutral.png,6
train_372_sad.jpg,2
train_372_surprise.jpg,1
train_373_angry.jpg,3
train_373_disgust.jpg,4
train_373_fear.jpg,5
train_373_happy.png,0
train_373_neutral.png,6
train_373_sad.jpg,2
train_373_surprise.jpg,1
train_374_angry.jpg,3
train_374_disgust.jpg,4
train_374_fear.jpg,5
train_374_happy.png,0
train_374_neutral.png,6
train_374_sad.jpg,2
train_374_surprise.jpg,1
train_375_angry.jpg,3
train_375_disgust.jpg,4
train_375_fear.jpg,5
train_375_happy.png,0
train_375_neutral.png,6
train_375_sad.jpg,2
train_375_surprise.jpg,1
train_376_angry.jpg,3
train_376_disgust.jpg,4
train_376_fear.jpg,5
train_376_happy.png,0
train_376_neutral.png,6
train_376_sad.jpg,2
train_376_surprise.jpg,1
train_377_angry.jpg,3
train_377_disgust.jpg,4
train_377_fear.jpg,5
train_377_happy.png,0
train_377_neutral.png,6
train_377_sad.jpg,2
train_377_surprise.jpg,1
train_378_angry.jpg,3
train_378_disgust.jpg,4
train_378_fear.jpg,5
train_378_happy.png,0
train_378_neutral.png,6
train_378_sad.jpg,2
train_378_surprise.jpg,1
train_379_angry.jpg,3
train_379_disgust.jpg,4
train_379_fear.jpg,5
train_379_happy.png,0
train_379_neutral.png,6
train_379_sad.jpg,2
train_379_surprise.jpg,1
train_37_angry.jpg,3
train_37_disgust.jpg,4
train_37_fear.jpg,5
train_37_happy.png,0
train_37_neutral.png,6
train_37_sad.jpg,2
train_37_surprise.jpg,1
train_380_angry.jpg,3
train_380_disgust.jpg,4
train_380_fear.jpg,5
train_380_happy.png,0
train_380_neutral.png,6
train_380_sad.jpg,2
train_380_surprise.jpg,1
train_381_angry.jpg,3
train_381_disgust.jpg,4
train_381_fear.jpg,5
train_381_happy.png,0
train_381_neutral.png,6
train_381_sad.jpg,2
train_381_surprise.jpg,1
train_382_angry.jpg,3
train_382_disgust.jpg,4
train_382_fear.jpg,5
train_382_happy.png,0
train_382_neutral.png,6
train_382_sad.jpg,2
train_382_surprise.jpg,1
train_383_angry.jpg,3
train_383_disgust.jpg,4
train_383_fear.jpg,5
train_383_happy.png,0
train_383_neutral.png,6
train_383_sad.jpg,2
train_383_surprise.jpg,1
train_384_angry.jpg,3
train_384_disgust.jpg,4
train_384_fear.jpg,5
train_384_happy.png,0
train_384_neutral.png,6
train_384_sad.jpg,2
train_384_surprise.jpg,1
train_385_angry.jpg,3
train_385_disgust.jpg,4
train_385_fear.jpg,5
train_385_happy.png,0
train_385_neutral.png,6
train_385_sad.jpg,2
train_385_surprise.jpg,1
train_386_angry.jpg,3
train_386_disgust.jpg,4
train_386_fear.jpg,5
train_386_happy.png,0
train_386_neutral.png,6
train_386_sad.jpg,2
train_386_surprise.jpg,1
train_387_angry.jpg,3
train_387_disgust.jpg,4
train_387_fear.jpg,5
train_387_happy.png,0
train_387_neutral.png,6
train_387_sad.jpg,2
train_387_surprise.jpg,1
train_388_angry.jpg,3
train_388_disgust.jpg,4
train_388_fear.jpg,5
train_388_happy.png,0
train_388_neutral.png,6
train_388_sad.jpg,2
train_388_surprise.jpg,1
train_389_angry.jpg,3
train_389_disgust.jpg,4
train_389_fear.jpg,5
train_389_happy.png,0
train_389_neutral.png,6
train_389_sad.jpg,2
train_389_surprise.jpg,1
train_38_angry.jpg,3
train_38_disgust.jpg,4
train_38_fear.jpg,5
train_38_happy.png,0
train_38_neutral.png,6
train_38_sad.jpg,2
train_38_surprise.jpg,1
train_390_angry.jpg,3
train_390_disgust.jpg,4
train_390_fear.jpg,5
train_390_happy.png,0
train_390_neutral.png,6
train_390_sad.jpg,2
train_390_surprise.jpg,1
train_391_angry.jpg,3
train_391_disgust.jpg,4
train_391_fear.jpg,5
train_391_happy.png,0
train_391_neutral.png,6
train_391_sad.jpg,2
train_391_surprise.jpg,1
train_392_angry.jpg,3
train_392_disgust.jpg,4
train_392_fear.jpg,5
train_392_happy.png,0
train_392_neutral.png,6
train_392_sad.jpg,2
train_392_surprise.jpg,1
train_393_angry.jpg,3
train_393_disgust.jpg,4
train_393_fear.jpg,5
train_393_happy.png,0
train_393_neutral.png,6
train_393_sad.jpg,2
train_393_surprise.jpg,1
train_394_angry.jpg,3
train_394_disgust.jpg,4
train_394_fear.jpg,5
train_394_happy.png,0
train_394_neutral.png,6
train_394_sad.jpg,2
train_394_surprise.jpg,1
train_395_angry.jpg,3
train_395_disgust.jpg,4
train_395_fear.jpg,5
train_395_happy.png,0
train_395_neutral.png,6
train_395_sad.jpg,2
train_395_surprise.jpg,1
train_396_angry.jpg,3
train_396_disgust.jpg,4
train_396_fear.jpg,5
train_396_happy.png,0
train_396_neutral.png,6
train_396_sad.jpg,2
train_396_surprise.jpg,1
train_397_angry.jpg,3
train_397_disgust.jpg,4
train_397_fear.jpg,5
train_397_happy.png,0
train_397_neutral.png,6
train_397_sad.jpg,2
train_397_surprise.jpg,1
train_398_angry.jpg,3
train_398_disgust.jpg,4
train_398_fear.jpg,5
train_398_happy.png,0
train_398_neutral.png,6
train_398_sad.jpg,2
train_398_surprise.jpg,1
train_399_angry.jpg,3
train_399_disgust.jpg,4
train_399_fear.jpg,5
train_399_happy.png,0
train_399_neutral.png,6
train_399_sad.jpg,2
train_399_surprise.jpg,1
train_39_angry.jpg,3
train_39_disgust.jpg,4
train_39_fear.jpg,5
train_39_happy.png,0
train_39_neutral.png,6
train_39_sad.jpg,2
train_39_surprise.jpg,1
train_3_angry.jpg,3
train_3_disgust.jpg,4
train_3_fear.jpg,5
train_3_happy.png,0
train_3_neutral.png,6
train_3_sad.jpg,2
train_3_surprise.jpg,1
train_400_angry.jpg,3
train_400_disgust.jpg,4
train_400_fear.jpg,5
train_400_happy.png,0
train_400_neutral.png,6
train_400_sad.jpg,2
train_400_surprise.jpg,1
train_401_angry.jpg,3
train_401_disgust.jpg,4
train_401_fear.jpg,5
train_401_happy.png,0
train_401_neutral.png,6
train_401_sad.jpg,2
train_401_surprise.jpg,1
train_402_angry.jpg,3
train_402_disgust.jpg,4
train_402_fear.jpg,5
train_402_happy.png,0
train_402_neutral.png,6
train_402_sad.jpg,2
train_402_surprise.jpg,1
train_403_angry.jpg,3
train_403_disgust.jpg,4
train_403_fear.jpg,5
train_403_happy.png,0
train_403_neutral.png,6
train_403_sad.jpg,2
train_403_surprise.jpg,1
train_404_angry.jpg,3
train_404_disgust.jpg,4
train_404_fear.jpg,5
train_404_happy.png,0
train_404_neutral.png,6
train_404_sad.jpg,2
train_404_surprise.jpg,1
train_405_angry.jpg,3
train_405_disgust.jpg,4
train_405_fear.jpg,5
train_405_happy.png,0
train_405_neutral.png,6
train_405_sad.jpg,2
train_405_surprise.jpg,1
train_406_angry.jpg,3
train_406_disgust.jpg,4
train_406_fear.jpg,5
train_406_happy.png,0
train_406_neutral.png,6
train_406_sad.jpg,2
train_406_surprise.jpg,1
train_407_angry.jpg,3
train_407_disgust.jpg,4
train_407_fear.jpg,5
train_407_happy.png,0
train_407_neutral.png,6
train_407_sad.jpg,2
train_407_surprise.jpg,1
train_408_angry.jpg,3
train_408_disgust.jpg,4
train_408_fear.jpg,5
train_408_happy.png,0
train_408_neutral.png,6
train_408_sad.jpg,2
train_408_surprise.jpg,1
train_409_angry.jpg,3
train_409_disgust.jpg,4
train_409_fear.jpg,5
train_409_happy.png,0
train_409_neutral.png,6
train_409_sad.jpg,2
train_409_surprise.jpg,1
train_40_angry.jpg,3
train_40_disgust.jpg,4
train_40_fear.jpg,5
train_40_happy.png,0
train_40_neutral.png,6
train_40_sad.jpg,2
train_40_surprise.jpg,1
train_410_angry.jpg,3
train_410_disgust.jpg,4
train_410_fear.jpg,5
train_410_happy.png,0
train_410_neutral.png,6
train_410_sad.jpg,2
train_410_surprise.jpg,1
train_411_angry.jpg,3
train_411_disgust.jpg,4
train_411_fear.jpg,5
train_411_happy.png,0
train_411_neutral.png,6
train_411_sad.jpg,2
train_411_surprise.jpg,1
train_412_angry.jpg,3
train_412_disgust.jpg,4
train_412_fear.jpg,5
train_412_happy.png,0
train_412_neutral.png,6
train_412_sad.jpg,2
train_412_surprise.jpg,1
train_413_angry.jpg,3
train_413_disgust.jpg,4
train_413_fear.jpg,5
train_413_happy.png,0
train_413_neutral.png,6
train_413_sad.jpg,2
train_413_surprise.jpg,1
train_414_angry.jpg,3
train_414_disgust.jpg,4
train_414_fear.jpg,5
train_414_happy.png,0
train_414_neutral.png,6
train_414_sad.jpg,2
train_414_surprise.jpg,1
train_415_angry.jpg,3
train_415_disgust.jpg,4
train_415_fear.jpg,5
train_415_happy.png,0
train_415_neutral.png,6
train_415_sad.jpg,2
train_415_surprise.jpg,1
train_416_angry.jpg,3
train_416_disgust.jpg,4
train_416_fear.jpg,5
train_416_happy.png,0
train_416_neutral.png,6
train_416_sad.jpg,2
train_416_surprise.jpg,1
train_417_angry.jpg,3
train_417_disgust.jpg,4
train_417_fear.jpg,5
train_417_happy.png,0
train_417_neutral.png,6
train_417_sad.jpg,2
train_417_surprise.jpg,1
train_418_angry.jpg,3
train_418_disgust.jpg,4
train_418_fear.jpg,5
train_418_happy.png,0
train_418_neutral.png,6
train_418_sad.jpg,2
train_418_surprise.jpg,1
train_419_angry.jpg,3
train_419_disgust.jpg,4
train_419_fear.jpg,5
train_419_happy.png,0
train_419_neutral.png,6
train_419_sad.jpg,2
train_419_surprise.jpg,1
train_41_angry.jpg,3
train_41_disgust.jpg,4
train_41_fear.jpg,5
train_41_happy.png,0
train_41_neutral.png,6
train_41_sad.jpg,2
train_41_surprise.jpg,1
train_420_angry.jpg,3
train_420_disgust.jpg,4
train_420_fear.jpg,5
train_420_happy.png,0
train_420_neutral.png,6
train_420_sad.jpg,2
train_420_surprise.jpg,1
train_421_angry.jpg,3
train_421_disgust.jpg,4
train_421_fear.jpg,5
train_421_happy.png,0
train_421_neutral.png,6
train_421_sad.jpg,2
train_421_surprise.jpg,1
train_422_angry.jpg,3
train_422_disgust.jpg,4
train_422_fear.jpg,5
train_422_happy.png,0
train_422_neutral.png,6
train_422_sad.jpg,2
train_422_surprise.jpg,1
train_423_angry.jpg,3
train_423_disgust.jpg,4
train_423_fear.jpg,5
train_423_happy.png,0
train_423_neutral.png,6
train_423_sad.jpg,2
train_423_surprise.jpg,1
train_424_angry.jpg,3
train_424_disgust.jpg,4
train_424_fear.jpg,5
train_424_happy.png,0
train_424_neutral.png,6
train_424_sad.jpg,2
train_424_surprise.jpg,1
train_425_angry.jpg,3
train_425_disgust.jpg,4
train_425_fear.jpg,5
train_425_happy.png,0
train_425_neutral.png,6
train_425_sad.jpg,2
train_425_surprise.jpg,1
train_426_angry.jpg,3
train_426_disgust.jpg,4
train_426_fear.jpg,5
train_426_happy.png,0
train_426_neutral.png,6
train_426_sad.jpg,2
train_426_surprise.jpg,1
train_427_angry.jpg,3
train_427_disgust.jpg,4
train_427_fear.jpg,5
train_427_happy.png,0
train_427_neutral.png,6
train_427_sad.jpg,2
train_427_surprise.jpg,1
train_428_angry.jpg,3
train_428_disgust.jpg,4
train_428_fear.jpg,5
train_428_happy.png,0
train_428_neutral.png,6
train_428_sad.jpg,2
train_428_surprise.jpg,1
train_429_angry.jpg,3
train_429_disgust.jpg,4
train_429_fear.jpg,5
train_429_happy.png,0
train_429_neutral.png,6
train_429_sad.jpg,2
train_429_surprise.jpg,1
train_42_angry.jpg,3
train_42_disgust.jpg,4
train_42_fear.jpg,5
train_42_happy.png,0
train_42_neutral.png,6
train_42_sad.jpg,2
train_42_surprise.jpg,1
train_430_angry.jpg,3
train_430_disgust.jpg,4
train_430_fear.jpg,5
train_430_happy.png,0
train_430_neutral.png,6
train_430_sad.jpg,2
train_430_surprise.jpg,1
train_431_angry.jpg,3
train_431_disgust.jpg,4
train_431_fear.jpg,5
train_431_happy.png,0
train_431_neutral.png,6
train_431_sad.jpg,2
train_431_surprise.jpg,1
train_432_angry.jpg,3
train_432_disgust.jpg,4
train_432_fear.jpg,5
train_432_happy.png,0
train_432_neutral.png,6
train_432_sad.jpg,2
train_432_surprise.jpg,1
train_433_angry.jpg,3
train_433_disgust.jpg,4
train_433_fear.jpg,5
train_433_happy.png,0
train_433_neutral.png,6
train_433_sad.jpg,2
train_433_surprise.jpg,1
train_434_angry.jpg,3
train_434_disgust.jpg,4
train_434_fear.jpg,5
train_434_happy.png,0
train_434_neutral.png,6
train_434_sad.jpg,2
train_434_surprise.jpg,1
train_435_angry.jpg,3
train_435_disgust.jpg,4
train_435_fear.jpg,5
train_435_happy.png,0
train_435_neutral.png,6
train_435_sad.jpg,2
train_435_surprise.jpg,1
train_436_angry.jpg,3
train_436_disgust.jpg,4
train_436_fear.jpg,5
train_436_happy.png,0
train_436_neutral.png,6
train_436_sad.jpg,2
train_436_surprise.jpg,1
train_437_angry.jpg,3
train_437_disgust.jpg,4
train_437_fear.jpg,5
train_437_happy.png,0
train_437_neutral.png,6
train_437_sad.jpg,2
train_437_surprise.jpg,1
train_438_angry.jpg,3
train_438_disgust.jpg,4
train_438_fear.jpg,5
train_438_happy.png,0
train_438_neutral.png,6
train_438_sad.jpg,2
train_438_surprise.jpg,1
train_439_angry.jpg,3
train_439_disgust.jpg,4
train_439_fear.jpg,5
train_439_happy.png,0
train_439_neutral.png,6
train_439_sad.jpg,2
train_439_surprise.jpg,1
train_43_angry.jpg,3
train_43_disgust.jpg,4
train_43_fear.jpg,5
train_43_happy.png,0
train_43_neutral.png,6
train_43_sad.jpg,2
train_43_surprise.jpg,1
train_440_angry.jpg,3
train_440_disgust.jpg,4
train_440_fear.jpg,5
train_440_happy.png,0
train_440_neutral.png,6
train_440_sad.jpg,2
train_440_surprise.jpg,1
train_441_angry.jpg,3
train_441_disgust.jpg,4
train_441_fear.jpg,5
train_441_happy.png,0
train_441_neutral.png,6
train_441_sad.jpg,2
train_441_surprise.jpg,1
train_442_angry.jpg,3
train_442_disgust.jpg,4
train_442_fear.jpg,5
train_442_happy.png,0
train_442_neutral.png,6
train_442_sad.jpg,2
train_442_surprise.jpg,1
train_443_angry.jpg,3
train_443_disgust.jpg,4
train_443_fear.jpg,5
train_443_happy.png,0
train_443_neutral.png,6
train_443_sad.jpg,2
train_443_surprise.jpg,1
train_444_angry.jpg,3
train_444_disgust.jpg,4
train_444_fear.jpg,5
train_444_happy.png,0
train_444_neutral.png,6
train_444_sad.jpg,2
train_444_surprise.jpg,1
train_445_angry.jpg,3
train_445_disgust.jpg,4
train_445_fear.jpg,5
train_445_happy.png,0
train_445_neutral.png,6
train_445_sad.jpg,2
train_445_surprise.jpg,1
train_446_angry.jpg,3
train_446_disgust.jpg,4
train_446_fear.jpg,5
train_446_happy.png,0
train_446_neutral.png,6
train_446_sad.jpg,2
train_446_surprise.jpg,1
train_447_angry.jpg,3
train_447_disgust.jpg,4
train_447_fear.jpg,5
train_447_happy.png,0
train_447_neutral.png,6
train_447_sad.jpg,2
train_447_surprise.jpg,1
train_448_angry.jpg,3
train_448_disgust.jpg,4
train_448_fear.jpg,5
train_448_happy.png,0
train_448_neutral.png,6
train_448_sad.jpg,2
train_448_surprise.jpg,1
train_449_angry.jpg,3
train_449_disgust.jpg,4
train_449_fear.jpg,5
train_449_happy.png,0
train_449_neutral.png,6
train_449_sad.jpg,2
train_449_surprise.jpg,1
train_44_angry.jpg,3
train_44_disgust.jpg,4
train_44_fear.jpg,5
train_44_happy.png,0
train_44_neutral.png,6
train_44_sad.jpg,2
train_44_surprise.jpg,1
train_450_angry.jpg,3
train_450_disgust.jpg,4
train_450_fear.jpg,5
train_450_happy.png,0
train_450_neutral.png,6
train_450_sad.jpg,2
train_450_surprise.jpg,1
train_451_angry.jpg,3
train_451_disgust.jpg,4
train_451_fear.jpg,5
train_451_happy.png,0
train_451_neutral.png,6
train_451_sad.jpg,2
train_451_surprise.jpg,1
train_452_angry.jpg,3
train_452_disgust.jpg,4
train_452_fear.jpg,5
train_452_happy.png,0
train_452_neutral.png,6
train_452_sad.jpg,2
train_452_surprise.jpg,1
train_453_angry.jpg,3
train_453_disgust.jpg,4
train_453_fear.jpg,5
train_453_happy.png,0
train_453_neutral.png,6
train_453_sad.jpg,2
train_453_surprise.jpg,1
train_454_angry.jpg,3
train_454_disgust.jpg,4
train_454_fear.jpg,5
train_454_happy.png,0
train_454_neutral.png,6
train_454_sad.jpg,2
train_454_surprise.jpg,1
train_455_angry.jpg,3
train_455_disgust.jpg,4
train_455_fear.jpg,5
train_455_happy.png,0
train_455_neutral.png,6
train_455_sad.jpg,2
train_455_surprise.jpg,1
train_456_angry.jpg,3
train_456_disgust.jpg,4
train_456_fear.jpg,5
train_456_happy.png,0
train_456_neutral.png,6
train_456_sad.jpg,2
train_456_surprise.jpg,1
train_457_angry.jpg,3
train_457_disgust.jpg,4
train_457_fear.jpg,5
train_457_happy.png,0
train_457_neutral.png,6
train_457_sad.jpg,2
train_457_surprise.jpg,1
train_458_angry.jpg,3
train_458_disgust.jpg,4
train_458_fear.jpg,5
train_458_happy.png,0
train_458_neutral.png,6
train_458_sad.jpg,2
train_458_surprise.jpg,1
train_459_angry.jpg,3
train_459_disgust.jpg,4
train_459_fear.jpg,5
train_459_happy.png,0
train_459_neutral.png,6
train_459_sad.jpg,2
train_459_surprise.jpg,1
train_45_angry.jpg,3
train_45_disgust.jpg,4
train_45_fear.jpg,5
train_45_happy.png,0
train_45_neutral.png,6
train_45_sad.jpg,2
train_45_surprise.jpg,1
train_460_angry.jpg,3
train_460_disgust.jpg,4
train_460_fear.jpg,5
train_460_happy.png,0
train_460_neutral.png,6
train_460_sad.jpg,2
train_460_surprise.jpg,1
train_461_angry.jpg,3
train_461_disgust.jpg,4
train_461_fear.jpg,5
train_461_happy.jpg,0
train_461_neutral.png,6
train_461_sad.jpg,2
train_461_surprise.jpg,1
train_462_angry.jpg,3
train_462_disgust.jpg,4
train_462_fear.jpg,5
train_462_happy.jpg,0
train_462_neutral.png,6
train_462_sad.jpg,2
train_462_surprise.jpg,1
train_463_angry.jpg,3
train_463_disgust.jpg,4
train_463_fear.jpg,5
train_463_happy.jpg,0
train_463_neutral.png,6
train_463_sad.jpg,2
train_463_surprise.jpg,1
train_464_angry.jpg,3
train_464_disgust.jpg,4
train_464_fear.jpg,5
train_464_happy.jpg,0
train_464_neutral.png,6
train_464_sad.jpg,2
train_464_surprise.jpg,1
train_465_angry.jpg,3
train_465_disgust.jpg,4
train_465_fear.jpg,5
train_465_happy.jpg,0
train_465_neutral.png,6
train_465_sad.jpg,2
train_465_surprise.jpg,1
train_466_angry.jpg,3
train_466_disgust.jpg,4
train_466_fear.jpg,5
train_466_happy.jpg,0
train_466_neutral.png,6
train_466_sad.jpg,2
train_466_surprise.jpg,1
train_467_angry.jpg,3
train_467_disgust.jpg,4
train_467_fear.jpg,5
train_467_happy.jpg,0
train_467_neutral.png,6
train_467_sad.jpg,2
train_467_surprise.jpg,1
train_468_angry.jpg,3
train_468_disgust.jpg,4
train_468_fear.jpg,5
train_468_happy.jpg,0
train_468_neutral.png,6
train_468_sad.jpg,2
train_468_surprise.jpg,1
train_469_angry.jpg,3
train_469_disgust.jpg,4
train_469_fear.jpg,5
train_469_happy.jpg,0
train_469_neutral.png,6
train_469_sad.jpg,2
train_469_surprise.jpg,1
train_46_angry.jpg,3
train_46_disgust.jpg,4
train_46_fear.jpg,5
train_46_happy.png,0
train_46_neutral.png,6
train_46_sad.jpg,2
train_46_surprise.jpg,1
train_470_angry.jpg,3
train_470_disgust.jpg,4
train_470_fear.jpg,5
train_470_happy.jpg,0
train_470_neutral.png,6
train_470_sad.jpg,2
train_470_surprise.jpg,1
train_471_angry.jpg,3
train_471_disgust.jpg,4
train_471_fear.jpg,5
train_471_happy.jpg,0
train_471_neutral.png,6
train_471_sad.jpg,2
train_471_surprise.jpg,1
train_472_angry.jpg,3
train_472_disgust.jpg,4
train_472_fear.jpg,5
train_472_happy.jpg,0
train_472_neutral.png,6
train_472_sad.jpg,2
train_472_surprise.jpg,1
train_473_angry.jpg,3
train_473_disgust.jpg,4
train_473_fear.jpg,5
train_473_happy.jpg,0
train_473_neutral.png,6
train_473_sad.jpg,2
train_473_surprise.jpg,1
train_474_angry.jpg,3
train_474_disgust.jpg,4
train_474_fear.jpg,5
train_474_happy.jpg,0
train_474_neutral.png,6
train_474_sad.jpg,2
train_474_surprise.jpg,1
train_475_angry.jpg,3
train_475_disgust.jpg,4
train_475_fear.jpg,5
train_475_happy.jpg,0
train_475_neutral.png,6
train_475_sad.jpg,2
train_475_surprise.jpg,1
train_476_angry.jpg,3
train_476_disgust.jpg,4
train_476_fear.jpg,5
train_476_happy.jpg,0
train_476_neutral.png,6
train_476_sad.jpg,2
train_476_surprise.jpg,1
train_477_angry.jpg,3
train_477_disgust.jpg,4
train_477_fear.jpg,5
train_477_happy.jpg,0
train_477_neutral.png,6
train_477_sad.jpg,2
train_477_surprise.jpg,1
train_478_angry.jpg,3
train_478_disgust.jpg,4
train_478_fear.jpg,5
train_478_happy.jpg,0
train_478_neutral.png,6
train_478_sad.jpg,2
train_478_surprise.jpg,1
train_479_angry.jpg,3
train_479_disgust.jpg,4
train_479_fear.jpg,5
train_479_happy.jpg,0
train_479_neutral.png,6
train_479_sad.jpg,2
train_479_surprise.jpg,1
train_47_angry.jpg,3
train_47_disgust.jpg,4
train_47_fear.jpg,5
train_47_happy.png,0
train_47_neutral.png,6
train_47_sad.jpg,2
train_47_surprise.jpg,1
train_480_angry.jpg,3
train_480_disgust.jpg,4
train_480_fear.jpg,5
train_480_happy.jpg,0
train_480_neutral.png,6
train_480_sad.jpg,2
train_480_surprise.jpg,1
train_481_angry.jpg,3
train_481_disgust.jpg,4
train_481_fear.jpg,5
train_481_happy.jpg,0
train_481_neutral.png,6
train_481_sad.jpg,2
train_481_surprise.jpg,1
train_482_angry.jpg,3
train_482_disgust.jpg,4
train_482_fear.jpg,5
train_482_happy.jpg,0
train_482_neutral.png,6
train_482_sad.jpg,2
train_482_surprise.jpg,1
train_483_angry.jpg,3
train_483_disgust.jpg,4
train_483_fear.jpg,5
train_483_happy.jpg,0
train_483_neutral.png,6
train_483_sad.jpg,2
train_483_surprise.jpg,1
train_484_angry.jpg,3
train_484_disgust.jpg,4
train_484_fear.jpg,5
train_484_happy.jpg,0
train_484_neutral.png,6
train_484_sad.jpg,2
train_484_surprise.jpg,1
train_485_angry.jpg,3
train_485_disgust.jpg,4
train_485_fear.jpg,5
train_485_happy.jpg,0
train_485_neutral.png,6
train_485_sad.jpg,2
train_485_surprise.jpg,1
train_486_angry.jpg,3
train_486_disgust.jpg,4
train_486_fear.jpg,5
train_486_happy.jpg,0
train_486_neutral.png,6
train_486_sad.jpg,2
train_486_surprise.jpg,1
train_487_angry.jpg,3
train_487_disgust.jpg,4
train_487_fear.jpg,5
train_487_happy.jpg,0
train_487_neutral.png,6
train_487_sad.jpg,2
train_487_surprise.jpg,1
train_488_angry.jpg,3
train_488_disgust.jpg,4
train_488_fear.jpg,5
train_488_happy.jpg,0
train_488_neutral.png,6
train_488_sad.jpg,2
train_488_surprise.jpg,1
train_489_angry.jpg,3
train_489_disgust.jpg,4
train_489_fear.jpg,5
train_489_happy.jpg,0
train_489_neutral.png,6
train_489_sad.jpg,2
train_489_surprise.jpg,1
train_48_angry.jpg,3
train_48_disgust.jpg,4
train_48_fear.jpg,5
train_48_happy.png,0
train_48_neutral.png,6
train_48_sad.jpg,2
train_48_surprise.jpg,1
train_490_angry.jpg,3
train_490_disgust.jpg,4
train_490_fear.jpg,5
train_490_happy.jpg,0
train_490_neutral.png,6
train_490_sad.jpg,2
train_490_surprise.jpg,1
train_491_angry.jpg,3
train_491_disgust.jpg,4
train_491_fear.jpg,5
train_491_happy.jpg,0
train_491_neutral.png,6
train_491_sad.jpg,2
train_491_surprise.jpg,1
train_492_angry.jpg,3
train_492_disgust.jpg,4
train_492_fear.jpg,5
train_492_happy.jpg,0
train_492_neutral.png,6
train_492_sad.jpg,2
train_492_surprise.jpg,1
train_493_angry.jpg,3
train_493_disgust.jpg,4
train_493_fear.jpg,5
train_493_happy.jpg,0
train_493_neutral.png,6
train_493_sad.jpg,2
train_493_surprise.jpg,1
train_494_angry.jpg,3
train_494_disgust.jpg,4
train_494_fear.jpg,5
train_494_happy.jpg,0
train_494_neutral.png,6
train_494_sad.jpg,2
train_494_surprise.jpg,1
train_495_angry.jpg,3
train_495_disgust.jpg,4
train_495_fear.jpg,5
train_495_happy.jpg,0
train_495_neutral.png,6
train_495_sad.jpg,2
train_495_surprise.jpg,1
train_496_angry.jpg,3
train_496_disgust.jpg,4
train_496_fear.jpg,5
train_496_happy.jpg,0
train_496_neutral.png,6
train_496_sad.jpg,2
train_496_surprise.jpg,1
train_497_angry.jpg,3
train_497_disgust.jpg,4
train_497_fear.jpg,5
train_497_happy.jpg,0
train_497_neutral.png,6
train_497_sad.jpg,2
train_497_surprise.jpg,1
train_498_angry.jpg,3
train_498_disgust.jpg,4
train_498_fear.jpg,5
train_498_happy.jpg,0
train_498_neutral.png,6
train_498_sad.jpg,2
train_498_surprise.jpg,1
train_499_angry.jpg,3
train_499_disgust.jpg,4
train_499_fear.jpg,5
train_499_happy.jpg,0
train_499_neutral.png,6
train_499_sad.jpg,2
train_499_surprise.jpg,1
train_49_angry.jpg,3
train_49_disgust.jpg,4
train_49_fear.jpg,5
train_49_happy.png,0
train_49_neutral.png,6
train_49_sad.jpg,2
train_49_surprise.jpg,1
train_4_angry.jpg,3
train_4_disgust.jpg,4
train_4_fear.jpg,5
train_4_happy.png,0
train_4_neutral.png,6
train_4_sad.jpg,2
train_4_surprise.jpg,1
train_500_angry.jpg,3
train_500_disgust.jpg,4
train_500_fear.jpg,5
train_500_happy.jpg,0
train_500_neutral.png,6
train_500_sad.jpg,2
train_500_surprise.jpg,1
train_501_angry.jpg,3
train_501_disgust.jpg,4
train_501_fear.jpg,5
train_501_happy.jpg,0
train_501_neutral.png,6
train_501_sad.jpg,2
train_501_surprise.jpg,1
train_502_angry.jpg,3
train_502_disgust.jpg,4
train_502_fear.jpg,5
train_502_happy.jpg,0
train_502_neutral.png,6
train_502_sad.jpg,2
train_502_surprise.jpg,1
train_503_angry.jpg,3
train_503_disgust.jpg,4
train_503_fear.jpg,5
train_503_happy.jpg,0
train_503_neutral.png,6
train_503_sad.jpg,2
train_503_surprise.jpg,1
train_504_angry.jpg,3
train_504_disgust.jpg,4
train_504_fear.jpg,5
train_504_happy.jpg,0
train_504_neutral.png,6
train_504_sad.jpg,2
train_504_surprise.jpg,1
train_505_angry.jpg,3
train_505_disgust.jpg,4
train_505_fear.jpg,5
train_505_happy.jpg,0
train_505_neutral.png,6
train_505_sad.jpg,2
train_505_surprise.jpg,1
train_506_angry.jpg,3
train_506_disgust.jpg,4
train_506_fear.jpg,5
train_506_happy.jpg,0
train_506_neutral.png,6
train_506_sad.jpg,2
train_506_surprise.jpg,1
train_507_angry.jpg,3
train_507_disgust.jpg,4
train_507_fear.jpg,5
train_507_happy.jpg,0
train_507_neutral.png,6
train_507_sad.jpg,2
train_507_surprise.jpg,1
train_508_angry.jpg,3
train_508_disgust.jpg,4
train_508_fear.jpg,5
train_508_happy.jpg,0
train_508_neutral.png,6
train_508_sad.jpg,2
train_508_surprise.jpg,1
train_509_angry.jpg,3
train_509_disgust.jpg,4
train_509_fear.jpg,5
train_509_happy.jpg,0
train_509_neutral.png,6
train_509_sad.jpg,2
train_509_surprise.jpg,1
train_50_angry.jpg,3
train_50_disgust.jpg,4
train_50_fear.jpg,5
train_50_happy.png,0
train_50_neutral.png,6
train_50_sad.jpg,2
train_50_surprise.jpg,1
train_510_angry.jpg,3
train_510_disgust.jpg,4
train_510_fear.jpg,5
train_510_happy.jpg,0
train_510_neutral.png,6
train_510_sad.jpg,2
train_510_surprise.jpg,1
train_511_angry.jpg,3
train_511_disgust.jpg,4
train_511_fear.jpg,5
train_511_happy.jpg,0
train_511_neutral.png,6
train_511_sad.jpg,2
train_511_surprise.jpg,1
train_512_angry.jpg,3
train_512_disgust.jpg,4
train_512_fear.jpg,5
train_512_happy.jpg,0
train_512_neutral.png,6
train_512_sad.jpg,2
train_512_surprise.jpg,1
train_513_angry.jpg,3
train_513_disgust.jpg,4
train_513_fear.jpg,5
train_513_happy.jpg,0
train_513_neutral.png,6
train_513_sad.jpg,2
train_513_surprise.jpg,1
train_514_angry.jpg,3
train_514_disgust.jpg,4
train_514_fear.jpg,5
train_514_happy.jpg,0
train_514_neutral.png,6
train_514_sad.jpg,2
train_514_surprise.jpg,1
train_515_angry.jpg,3
train_515_disgust.jpg,4
train_515_fear.jpg,5
train_515_happy.jpg,0
train_515_neutral.png,6
train_515_sad.jpg,2
train_515_surprise.jpg,1
train_516_angry.jpg,3
train_516_disgust.jpg,4
train_516_fear.jpg,5
train_516_happy.jpg,0
train_516_neutral.png,6
train_516_sad.jpg,2
train_516_surprise.jpg,1
train_517_angry.jpg,3
train_517_disgust.jpg,4
train_517_fear.jpg,5
train_517_happy.jpg,0
train_517_neutral.png,6
train_517_sad.jpg,2
train_517_surprise.jpg,1
train_518_angry.jpg,3
train_518_disgust.jpg,4
train_518_fear.jpg,5
train_518_happy.jpg,0
train_518_neutral.png,6
train_518_sad.jpg,2
train_518_surprise.jpg,1
train_519_angry.jpg,3
train_519_disgust.jpg,4
train_519_fear.jpg,5
train_519_happy.jpg,0
train_519_neutral.png,6
train_519_sad.jpg,2
train_519_surprise.jpg,1
train_51_angry.jpg,3
train_51_disgust.jpg,4
train_51_fear.jpg,5
train_51_happy.png,0
train_51_neutral.png,6
train_51_sad.jpg,2
train_51_surprise.jpg,1
train_520_angry.jpg,3
train_520_disgust.jpg,4
train_520_fear.jpg,5
train_520_happy.jpg,0
train_520_neutral.png,6
train_520_sad.jpg,2
train_520_surprise.jpg,1
train_521_angry.jpg,3
train_521_disgust.jpg,4
train_521_fear.jpg,5
train_521_happy.jpg,0
train_521_neutral.png,6
train_521_sad.jpg,2
train_521_surprise.jpg,1
train_522_angry.jpg,3
train_522_disgust.jpg,4
train_522_fear.jpg,5
train_522_happy.jpg,0
train_522_neutral.png,6
train_522_sad.jpg,2
train_522_surprise.jpg,1
train_523_angry.jpg,3
train_523_disgust.jpg,4
train_523_fear.jpg,5
train_523_happy.jpg,0
train_523_neutral.png,6
train_523_sad.jpg,2
train_523_surprise.jpg,1
train_524_angry.jpg,3
train_524_disgust.jpg,4
train_524_fear.jpg,5
train_524_happy.jpg,0
train_524_neutral.png,6
train_524_sad.jpg,2
train_524_surprise.jpg,1
train_525_angry.jpg,3
train_525_disgust.jpg,4
train_525_fear.jpg,5
train_525_happy.jpg,0
train_525_neutral.png,6
train_525_sad.jpg,2
train_525_surprise.jpg,1
train_526_angry.jpg,3
train_526_disgust.jpg,4
train_526_fear.jpg,5
train_526_happy.jpg,0
train_526_neutral.png,6
train_526_sad.jpg,2
train_526_surprise.jpg,1
train_527_angry.jpg,3
train_527_disgust.jpg,4
train_527_fear.jpg,5
train_527_happy.jpg,0
train_527_neutral.png,6
train_527_sad.jpg,2
train_527_surprise.jpg,1
train_528_angry.jpg,3
train_528_disgust.jpg,4
train_528_fear.jpg,5
train_528_happy.jpg,0
train_528_neutral.png,6
train_528_sad.jpg,2
train_528_surprise.jpg,1
train_529_angry.jpg,3
train_529_disgust.jpg,4
train_529_fear.jpg,5
train_529_happy.jpg,0
train_529_neutral.png,6
train_529_sad.jpg,2
train_529_surprise.jpg,1
train_52_angry.jpg,3
train_52_disgust.jpg,4
train_52_fear.jpg,5
train_52_happy.png,0
train_52_neutral.png,6
train_52_sad.jpg,2
train_52_surprise.jpg,1
train_530_angry.jpg,3
train_530_disgust.jpg,4
train_530_fear.jpg,5
train_530_happy.jpg,0
train_530_neutral.png,6
train_530_sad.jpg,2
train_530_surprise.jpg,1
train_531_angry.jpg,3
train_531_disgust.jpg,4
train_531_fear.jpg,5
train_531_happy.jpg,0
train_531_neutral.png,6
train_531_sad.jpg,2
train_531_surprise.jpg,1
train_532_angry.jpg,3
train_532_disgust.jpg,4
train_532_fear.jpg,5
train_532_happy.jpg,0
train_532_neutral.png,6
train_532_sad.jpg,2
train_532_surprise.jpg,1
train_533_angry.jpg,3
train_533_disgust.jpg,4
train_533_fear.jpg,5
train_533_happy.jpg,0
train_533_neutral.png,6
train_533_sad.jpg,2
train_533_surprise.jpg,1
train_534_angry.jpg,3
train_534_disgust.jpg,4
train_534_fear.jpg,5
train_534_happy.jpg,0
train_534_neutral.png,6
train_534_sad.jpg,2
train_534_surprise.jpg,1
train_535_angry.jpg,3
train_535_disgust.jpg,4
train_535_fear.jpg,5
train_535_happy.jpg,0
train_535_neutral.png,6
train_535_sad.jpg,2
train_535_surprise.jpg,1
train_536_angry.jpg,3
train_536_disgust.jpg,4
train_536_fear.jpg,5
train_536_happy.jpg,0
train_536_neutral.png,6
train_536_sad.jpg,2
train_536_surprise.jpg,1
train_537_angry.jpg,3
train_537_disgust.jpg,4
train_537_fear.jpg,5
train_537_happy.jpg,0
train_537_neutral.png,6
train_537_sad.jpg,2
train_537_surprise.jpg,1
train_538_angry.jpg,3
train_538_disgust.jpg,4
train_538_fear.jpg,5
train_538_happy.jpg,0
train_538_neutral.png,6
train_538_sad.jpg,2
train_538_surprise.jpg,1
train_539_angry.jpg,3
train_539_disgust.jpg,4
train_539_fear.jpg,5
train_539_happy.jpg,0
train_539_neutral.png,6
train_539_sad.jpg,2
train_539_surprise.jpg,1
train_53_angry.jpg,3
train_53_disgust.jpg,4
train_53_fear.jpg,5
train_53_happy.png,0
train_53_neutral.png,6
train_53_sad.jpg,2
train_53_surprise.jpg,1
train_540_angry.jpg,3
train_540_disgust.jpg,4
train_540_fear.jpg,5
train_540_happy.jpg,0
train_540_neutral.png,6
train_540_sad.jpg,2
train_540_surprise.jpg,1
train_541_angry.jpg,3
train_541_disgust.jpg,4
train_541_fear.jpg,5
train_541_happy.jpg,0
train_541_neutral.png,6
train_541_sad.jpg,2
train_541_surprise.jpg,1
train_542_angry.jpg,3
train_542_disgust.jpg,4
train_542_fear.jpg,5
train_542_happy.jpg,0
train_542_neutral.png,6
train_542_sad.jpg,2
train_542_surprise.jpg,1
train_543_angry.jpg,3
train_543_disgust.jpg,4
train_543_fear.jpg,5
train_543_happy.jpg,0
train_543_neutral.png,6
train_543_sad.jpg,2
train_543_surprise.jpg,1
train_544_angry.jpg,3
train_544_disgust.jpg,4
train_544_fear.jpg,5
train_544_happy.jpg,0
train_544_neutral.png,6
train_544_sad.jpg,2
train_544_surprise.jpg,1
train_545_angry.jpg,3
train_545_disgust.jpg,4
train_545_fear.jpg,5
train_545_happy.jpg,0
train_545_neutral.png,6
train_545_sad.jpg,2
train_545_surprise.jpg,1
train_546_angry.jpg,3
train_546_disgust.jpg,4
train_546_fear.jpg,5
train_546_happy.jpg,0
train_546_neutral.png,6
train_546_sad.jpg,2
train_546_surprise.jpg,1
train_547_angry.jpg,3
train_547_disgust.jpg,4
train_547_fear.jpg,5
train_547_happy.jpg,0
train_547_neutral.png,6
train_547_sad.jpg,2
train_547_surprise.jpg,1
train_548_angry.jpg,3
train_548_disgust.jpg,4
train_548_fear.jpg,5
train_548_happy.jpg,0
train_548_neutral.png,6
train_548_sad.jpg,2
train_548_surprise.jpg,1
train_549_angry.jpg,3
train_549_disgust.jpg,4
train_549_fear.jpg,5
train_549_happy.jpg,0
train_549_neutral.png,6
train_549_sad.jpg,2
train_549_surprise.jpg,1
train_54_angry.jpg,3
train_54_disgust.jpg,4
train_54_fear.jpg,5
train_54_happy.png,0
train_54_neutral.png,6
train_54_sad.jpg,2
train_54_surprise.jpg,1
train_550_angry.jpg,3
train_550_disgust.jpg,4
train_550_fear.jpg,5
train_550_happy.jpg,0
train_550_neutral.png,6
train_550_sad.jpg,2
train_550_surprise.jpg,1
train_551_angry.jpg,3
train_551_disgust.jpg,4
train_551_fear.jpg,5
train_551_happy.jpg,0
train_551_neutral.png,6
train_551_sad.jpg,2
train_551_surprise.jpg,1
train_552_angry.jpg,3
train_552_disgust.jpg,4
train_552_fear.jpg,5
train_552_happy.jpg,0
train_552_neutral.png,6
train_552_sad.jpg,2
train_552_surprise.jpg,1
train_553_angry.jpg,3
train_553_disgust.jpg,4
train_553_fear.jpg,5
train_553_happy.jpg,0
train_553_neutral.png,6
train_553_sad.jpg,2
train_553_surprise.jpg,1
train_554_angry.jpg,3
train_554_disgust.jpg,4
train_554_fear.jpg,5
train_554_happy.jpg,0
train_554_neutral.png,6
train_554_sad.jpg,2
train_554_surprise.jpg,1
train_555_angry.jpg,3
train_555_disgust.jpg,4
train_555_fear.jpg,5
train_555_happy.jpg,0
train_555_neutral.png,6
train_555_sad.jpg,2
train_555_surprise.jpg,1
train_556_angry.jpg,3
train_556_disgust.jpg,4
train_556_fear.jpg,5
train_556_happy.jpg,0
train_556_neutral.png,6
train_556_sad.jpg,2
train_556_surprise.jpg,1
train_557_angry.jpg,3
train_557_disgust.jpg,4
train_557_fear.jpg,5
train_557_happy.jpg,0
train_557_neutral.png,6
train_557_sad.jpg,2
train_557_surprise.jpg,1
train_558_angry.jpg,3
train_558_disgust.jpg,4
train_558_fear.jpg,5
train_558_happy.jpg,0
train_558_neutral.png,6
train_558_sad.jpg,2
train_558_surprise.jpg,1
train_559_angry.jpg,3
train_559_disgust.jpg,4
train_559_fear.jpg,5
train_559_happy.jpg,0
train_559_neutral.png,6
train_559_sad.jpg,2
train_559_surprise.jpg,1
train_55_angry.jpg,3
train_55_disgust.jpg,4
train_55_fear.jpg,5
train_55_happy.png,0
train_55_neutral.png,6
train_55_sad.jpg,2
train_55_surprise.jpg,1
train_560_angry.jpg,3
train_560_disgust.jpg,4
train_560_fear.jpg,5
train_560_happy.jpg,0
train_560_neutral.png,6
train_560_sad.jpg,2
train_560_surprise.jpg,1
train_561_angry.jpg,3
train_561_disgust.jpg,4
train_561_fear.jpg,5
train_561_happy.jpg,0
train_561_neutral.png,6
train_561_sad.jpg,2
train_561_surprise.jpg,1
train_562_angry.jpg,3
train_562_disgust.jpg,4
train_562_fear.jpg,5
train_562_happy.jpg,0
train_562_neutral.png,6
train_562_sad.jpg,2
train_562_surprise.jpg,1
train_563_angry.jpg,3
train_563_disgust.jpg,4
train_563_fear.jpg,5
train_563_happy.jpg,0
train_563_neutral.png,6
train_563_sad.jpg,2
train_563_surprise.jpg,1
train_564_angry.jpg,3
train_564_disgust.jpg,4
train_564_fear.jpg,5
train_564_happy.jpg,0
train_564_neutral.png,6
train_564_sad.jpg,2
train_564_surprise.jpg,1
train_565_angry.jpg,3
train_565_disgust.jpg,4
train_565_fear.jpg,5
train_565_happy.jpg,0
train_565_neutral.png,6
train_565_sad.jpg,2
train_565_surprise.jpg,1
train_566_angry.jpg,3
train_566_disgust.jpg,4
train_566_fear.jpg,5
train_566_happy.jpg,0
train_566_neutral.png,6
train_566_sad.jpg,2
train_566_surprise.jpg,1
train_567_angry.jpg,3
train_567_disgust.jpg,4
train_567_fear.jpg,5
train_567_happy.jpg,0
train_567_neutral.png,6
train_567_sad.jpg,2
train_567_surprise.jpg,1
train_568_angry.jpg,3
train_568_disgust.jpg,4
train_568_fear.jpg,5
train_568_happy.jpg,0
train_568_neutral.png,6
train_568_sad.jpg,2
train_568_surprise.jpg,1
train_569_angry.jpg,3
train_569_disgust.jpg,4
train_569_fear.jpg,5
train_569_happy.jpg,0
train_569_neutral.png,6
train_569_sad.jpg,2
train_569_surprise.jpg,1
train_56_angry.jpg,3
train_56_disgust.jpg,4
train_56_fear.jpg,5
train_56_happy.png,0
train_56_neutral.png,6
train_56_sad.jpg,2
train_56_surprise.jpg,1
train_570_angry.jpg,3
train_570_disgust.jpg,4
train_570_fear.jpg,5
train_570_happy.jpg,0
train_570_neutral.png,6
train_570_sad.jpg,2
train_570_surprise.jpg,1
train_571_angry.jpg,3
train_571_disgust.jpg,4
train_571_fear.jpg,5
train_571_happy.jpg,0
train_571_neutral.png,6
train_571_sad.jpg,2
train_571_surprise.jpg,1
train_572_angry.jpg,3
train_572_disgust.jpg,4
train_572_fear.jpg,5
train_572_happy.jpg,0
train_572_neutral.png,6
train_572_sad.jpg,2
train_572_surprise.jpg,1
train_573_angry.jpg,3
train_573_disgust.jpg,4
train_573_fear.jpg,5
train_573_happy.jpg,0
train_573_neutral.png,6
train_573_sad.jpg,2
train_573_surprise.jpg,1
train_574_angry.jpg,3
train_574_disgust.jpg,4
train_574_fear.jpg,5
train_574_happy.jpg,0
train_574_neutral.png,6
train_574_sad.jpg,2
train_574_surprise.jpg,1
train_575_angry.jpg,3
train_575_disgust.jpg,4
train_575_fear.jpg,5
train_575_happy.jpg,0
train_575_neutral.png,6
train_575_sad.jpg,2
train_575_surprise.jpg,1
train_576_angry.jpg,3
train_576_disgust.jpg,4
train_576_fear.jpg,5
train_576_happy.jpg,0
train_576_neutral.png,6
train_576_sad.jpg,2
train_576_surprise.jpg,1
train_577_angry.jpg,3
train_577_disgust.jpg,4
train_577_fear.jpg,5
train_577_happy.jpg,0
train_577_neutral.png,6
train_577_sad.jpg,2
train_577_surprise.jpg,1
train_578_angry.jpg,3
train_578_disgust.jpg,4
train_578_fear.jpg,5
train_578_happy.jpg,0
train_578_neutral.png,6
train_578_sad.jpg,2
train_578_surprise.jpg,1
train_579_angry.jpg,3
train_579_disgust.jpg,4
train_579_fear.jpg,5
train_579_happy.jpg,0
train_579_neutral.png,6
train_579_sad.jpg,2
train_579_surprise.jpg,1
train_57_angry.jpg,3
train_57_disgust.jpg,4
train_57_fear.jpg,5
train_57_happy.png,0
train_57_neutral.png,6
train_57_sad.jpg,2
train_57_surprise.jpg,1
train_580_angry.jpg,3
train_580_disgust.jpg,4
train_580_fear.jpg,5
train_580_happy.jpg,0
train_580_neutral.png,6
train_580_sad.jpg,2
train_580_surprise.jpg,1
train_581_angry.jpg,3
train_581_disgust.jpg,4
train_581_fear.jpg,5
train_581_happy.jpg,0
train_581_neutral.png,6
train_581_sad.jpg,2
train_581_surprise.jpg,1
train_582_angry.jpg,3
train_582_disgust.jpg,4
train_582_fear.jpg,5
train_582_happy.jpg,0
train_582_neutral.png,6
train_582_sad.jpg,2
train_582_surprise.jpg,1
train_583_angry.jpg,3
train_583_disgust.jpg,4
train_583_fear.jpg,5
train_583_happy.jpg,0
train_583_neutral.png,6
train_583_sad.jpg,2
train_583_surprise.jpg,1
train_584_angry.jpg,3
train_584_disgust.jpg,4
train_584_fear.jpg,5
train_584_happy.jpg,0
train_584_neutral.png,6
train_584_sad.jpg,2
train_584_surprise.jpg,1
train_585_angry.jpg,3
train_585_disgust.jpg,4
train_585_fear.jpg,5
train_585_happy.jpg,0
train_585_neutral.png,6
train_585_sad.jpg,2
train_585_surprise.jpg,1
train_586_angry.jpg,3
train_586_disgust.jpg,4
train_586_fear.jpg,5
train_586_happy.jpg,0
train_586_neutral.png,6
train_586_sad.jpg,2
train_586_surprise.jpg,1
train_587_angry.jpg,3
train_587_disgust.jpg,4
train_587_fear.jpg,5
train_587_happy.jpg,0
train_587_neutral.png,6
train_587_sad.jpg,2
train_587_surprise.jpg,1
train_588_angry.jpg,3
train_588_disgust.jpg,4
train_588_fear.jpg,5
train_588_happy.jpg,0
train_588_neutral.png,6
train_588_sad.jpg,2
train_588_surprise.jpg,1
train_589_angry.jpg,3
train_589_disgust.jpg,4
train_589_fear.jpg,5
train_589_happy.jpg,0
train_589_neutral.png,6
train_589_sad.jpg,2
train_589_surprise.jpg,1
train_58_angry.jpg,3
train_58_disgust.jpg,4
train_58_fear.jpg,5
train_58_happy.png,0
train_58_neutral.png,6
train_58_sad.jpg,2
train_58_surprise.jpg,1
train_590_angry.jpg,3
train_590_disgust.jpg,4
train_590_fear.jpg,5
train_590_happy.jpg,0
train_590_neutral.png,6
train_590_sad.jpg,2
train_590_surprise.jpg,1
train_591_angry.jpg,3
train_591_disgust.jpg,4
train_591_fear.jpg,5
train_591_happy.jpg,0
train_591_neutral.png,6
train_591_sad.jpg,2
train_591_surprise.jpg,1
train_592_angry.jpg,3
train_592_disgust.jpg,4
train_592_fear.jpg,5
train_592_happy.jpg,0
train_592_neutral.png,6
train_592_sad.jpg,2
train_592_surprise.jpg,1
train_593_angry.jpg,3
train_593_disgust.jpg,4
train_593_fear.jpg,5
train_593_happy.jpg,0
train_593_neutral.png,6
train_593_sad.jpg,2
train_593_surprise.jpg,1
train_594_angry.jpg,3
train_594_disgust.jpg,4
train_594_fear.jpg,5
train_594_happy.jpg,0
train_594_neutral.png,6
train_594_sad.jpg,2
train_594_surprise.jpg,1
train_595_angry.jpg,3
train_595_disgust.jpg,4
train_595_fear.jpg,5
train_595_happy.jpg,0
train_595_neutral.png,6
train_595_sad.jpg,2
train_595_surprise.jpg,1
train_596_angry.jpg,3
train_596_disgust.jpg,4
train_596_fear.jpg,5
train_596_happy.jpg,0
train_596_neutral.png,6
train_596_sad.jpg,2
train_596_surprise.jpg,1
train_597_angry.jpg,3
train_597_disgust.jpg,4
train_597_fear.jpg,5
train_597_happy.jpg,0
train_597_neutral.png,6
train_597_sad.jpg,2
train_597_surprise.jpg,1
train_598_angry.jpg,3
train_598_disgust.jpg,4
train_598_fear.jpg,5
train_598_happy.jpg,0
train_598_neutral.png,6
train_598_sad.jpg,2
train_598_surprise.jpg,1
train_599_angry.jpg,3
train_599_disgust.jpg,4
train_599_fear.jpg,5
train_599_happy.jpg,0
train_599_neutral.png,6
train_599_sad.jpg,2
train_599_surprise.jpg,1
train_59_angry.jpg,3
train_59_disgust.jpg,4
train_59_fear.jpg,5
train_59_happy.png,0
train_59_neutral.png,6
train_59_sad.jpg,2
train_59_surprise.jpg,1
train_5_angry.jpg,3
train_5_disgust.jpg,4
train_5_fear.jpg,5
train_5_happy.png,0
train_5_neutral.png,6
train_5_sad.jpg,2
train_5_surprise.jpg,1
train_600_angry.jpg,3
train_600_disgust.jpg,4
train_600_fear.jpg,5
train_600_happy.jpg,0
train_600_neutral.png,6
train_600_sad.jpg,2
train_600_surprise.jpg,1
train_601_angry.jpg,3
train_601_disgust.jpg,4
train_601_fear.jpg,5
train_601_happy.jpg,0
train_601_neutral.png,6
train_601_sad.jpg,2
train_601_surprise.jpg,1
train_602_angry.jpg,3
train_602_disgust.jpg,4
train_602_fear.jpg,5
train_602_happy.jpg,0
train_602_neutral.png,6
train_602_sad.jpg,2
train_602_surprise.jpg,1
train_603_angry.jpg,3
train_603_disgust.jpg,4
train_603_fear.jpg,5
train_603_happy.jpg,0
train_603_neutral.png,6
train_603_sad.jpg,2
train_603_surprise.jpg,1
train_604_angry.jpg,3
train_604_disgust.jpg,4
train_604_fear.jpg,5
train_604_happy.jpg,0
train_604_neutral.png,6
train_604_sad.jpg,2
train_604_surprise.jpg,1
train_605_angry.jpg,3
train_605_disgust.jpg,4
train_605_fear.jpg,5
train_605_happy.jpg,0
train_605_neutral.png,6
train_605_sad.jpg,2
train_605_surprise.jpg,1
train_606_angry.jpg,3
train_606_disgust.jpg,4
train_606_fear.jpg,5
train_606_happy.jpg,0
train_606_neutral.png,6
train_606_sad.jpg,2
train_606_surprise.jpg,1
train_607_angry.jpg,3
train_607_disgust.jpg,4
train_607_fear.jpg,5
train_607_happy.jpg,0
train_607_neutral.png,6
train_607_sad.jpg,2
train_607_surprise.jpg,1
train_608_angry.jpg,3
train_608_disgust.jpg,4
train_608_fear.jpg,5
train_608_happy.jpg,0
train_608_neutral.png,6
train_608_sad.jpg,2
train_608_surprise.jpg,1
train_609_angry.jpg,3
train_609_disgust.jpg,4
train_609_fear.jpg,5
train_609_happy.jpg,0
train_609_neutral.png,6
train_609_sad.jpg,2
train_609_surprise.jpg,1
train_60_angry.jpg,3
train_60_disgust.jpg,4
train_60_fear.jpg,5
train_60_happy.png,0
train_60_neutral.png,6
train_60_sad.jpg,2
train_60_surprise.jpg,1
train_610_angry.jpg,3
train_610_disgust.jpg,4
train_610_fear.jpg,5
train_610_happy.jpg,0
train_610_neutral.png,6
train_610_sad.jpg,2
train_610_surprise.jpg,1
train_611_angry.jpg,3
train_611_disgust.jpg,4
train_611_fear.jpg,5
train_611_happy.jpg,0
train_611_neutral.png,6
train_611_sad.jpg,2
train_611_surprise.jpg,1
train_612_angry.jpg,3
train_612_disgust.jpg,4
train_612_fear.jpg,5
train_612_happy.jpg,0
train_612_neutral.png,6
train_612_sad.jpg,2
train_612_surprise.jpg,1
train_613_angry.jpg,3
train_613_disgust.jpg,4
train_613_fear.jpg,5
train_613_happy.jpg,0
train_613_neutral.png,6
train_613_sad.jpg,2
train_613_surprise.jpg,1
train_614_angry.jpg,3
train_614_disgust.jpg,4
train_614_fear.jpg,5
train_614_happy.jpg,0
train_614_neutral.png,6
train_614_sad.jpg,2
train_614_surprise.jpg,1
train_615_angry.jpg,3
train_615_disgust.jpg,4
train_615_fear.jpg,5
train_615_happy.jpg,0
train_615_neutral.png,6
train_615_sad.jpg,2
train_615_surprise.jpg,1
train_616_angry.jpg,3
train_616_disgust.jpg,4
train_616_fear.jpg,5
train_616_happy.jpg,0
train_616_neutral.png,6
train_616_sad.jpg,2
train_616_surprise.jpg,1
train_617_angry.jpg,3
train_617_disgust.jpg,4
train_617_fear.jpg,5
train_617_happy.jpg,0
train_617_neutral.png,6
train_617_sad.jpg,2
train_617_surprise.jpg,1
train_618_angry.jpg,3
train_618_disgust.jpg,4
train_618_fear.jpg,5
train_618_happy.jpg,0
train_618_neutral.png,6
train_618_sad.jpg,2
train_618_surprise.jpg,1
train_619_angry.jpg,3
train_619_disgust.jpg,4
train_619_fear.jpg,5
train_619_happy.jpg,0
train_619_neutral.png,6
train_619_sad.jpg,2
train_619_surprise.jpg,1
train_61_angry.jpg,3
train_61_disgust.jpg,4
train_61_fear.jpg,5
train_61_happy.png,0
train_61_neutral.png,6
train_61_sad.jpg,2
train_61_surprise.jpg,1
train_620_angry.jpg,3
train_620_disgust.jpg,4
train_620_fear.jpg,5
train_620_happy.jpg,0
train_620_neutral.png,6
train_620_sad.jpg,2
train_620_surprise.jpg,1
train_621_angry.jpg,3
train_621_disgust.jpg,4
train_621_fear.jpg,5
train_621_happy.jpg,0
train_621_neutral.png,6
train_621_sad.jpg,2
train_621_surprise.jpg,1
train_622_angry.jpg,3
train_622_disgust.jpg,4
train_622_fear.jpg,5
train_622_happy.jpg,0
train_622_neutral.png,6
train_622_sad.jpg,2
train_622_surprise.jpg,1
train_623_angry.jpg,3
train_623_disgust.jpg,4
train_623_fear.jpg,5
train_623_happy.jpg,0
train_623_neutral.png,6
train_623_sad.jpg,2
train_623_surprise.jpg,1
train_624_angry.jpg,3
train_624_disgust.jpg,4
train_624_fear.jpg,5
train_624_happy.jpg,0
train_624_neutral.png,6
train_624_sad.jpg,2
train_624_surprise.jpg,1
train_625_angry.jpg,3
train_625_disgust.jpg,4
train_625_fear.jpg,5
train_625_happy.jpg,0
train_625_neutral.png,6
train_625_sad.jpg,2
train_625_surprise.jpg,1
train_626_angry.jpg,3
train_626_disgust.jpg,4
train_626_fear.jpg,5
train_626_happy.jpg,0
train_626_neutral.png,6
train_626_sad.jpg,2
train_626_surprise.jpg,1
train_627_angry.jpg,3
train_627_disgust.jpg,4
train_627_fear.jpg,5
train_627_happy.jpg,0
train_627_neutral.png,6
train_627_sad.jpg,2
train_627_surprise.jpg,1
train_628_angry.jpg,3
train_628_disgust.jpg,4
train_628_fear.jpg,5
train_628_happy.jpg,0
train_628_neutral.png,6
train_628_sad.jpg,2
train_628_surprise.jpg,1
train_629_angry.jpg,3
train_629_disgust.jpg,4
train_629_fear.jpg,5
train_629_happy.jpg,0
train_629_neutral.png,6
train_629_sad.jpg,2
train_629_surprise.jpg,1
train_62_angry.jpg,3
train_62_disgust.jpg,4
train_62_fear.jpg,5
train_62_happy.png,0
train_62_neutral.png,6
train_62_sad.jpg,2
train_62_surprise.jpg,1
train_630_angry.jpg,3
train_630_disgust.jpg,4
train_630_fear.jpg,5
train_630_happy.jpg,0
train_630_neutral.png,6
train_630_sad.jpg,2
train_630_surprise.jpg,1
train_631_angry.jpg,3
train_631_disgust.jpg,4
train_631_fear.jpg,5
train_631_happy.jpg,0
train_631_neutral.png,6
train_631_sad.jpg,2
train_631_surprise.jpg,1
train_632_angry.jpg,3
train_632_disgust.jpg,4
train_632_fear.jpg,5
train_632_happy.jpg,0
train_632_neutral.png,6
train_632_sad.jpg,2
train_632_surprise.jpg,1
train_633_angry.jpg,3
train_633_disgust.jpg,4
train_633_fear.jpg,5
train_633_happy.jpg,0
train_633_neutral.png,6
train_633_sad.jpg,2
train_633_surprise.jpg,1
train_634_angry.jpg,3
train_634_disgust.jpg,4
train_634_fear.jpg,5
train_634_happy.jpg,0
train_634_neutral.png,6
train_634_sad.jpg,2
train_634_surprise.jpg,1
train_635_angry.jpg,3
train_635_disgust.jpg,4
train_635_fear.jpg,5
train_635_happy.jpg,0
train_635_neutral.png,6
train_635_sad.jpg,2
train_635_surprise.jpg,1
train_636_angry.jpg,3
train_636_disgust.jpg,4
train_636_fear.jpg,5
train_636_happy.jpg,0
train_636_neutral.png,6
train_636_sad.jpg,2
train_636_surprise.jpg,1
train_637_angry.jpg,3
train_637_disgust.jpg,4
train_637_fear.jpg,5
train_637_happy.jpg,0
train_637_neutral.png,6
train_637_sad.jpg,2
train_637_surprise.jpg,1
train_638_angry.jpg,3
train_638_disgust.jpg,4
train_638_fear.jpg,5
train_638_happy.jpg,0
train_638_neutral.png,6
train_638_sad.jpg,2
train_638_surprise.jpg,1
train_639_angry.jpg,3
train_639_disgust.jpg,4
train_639_fear.jpg,5
train_639_happy.jpg,0
train_639_neutral.png,6
train_639_sad.jpg,2
train_639_surprise.jpg,1
train_63_angry.jpg,3
train_63_disgust.jpg,4
train_63_fear.jpg,5
train_63_happy.png,0
train_63_neutral.png,6
train_63_sad.jpg,2
train_63_surprise.jpg,1
train_640_angry.jpg,3
train_640_disgust.jpg,4
train_640_fear.jpg,5
train_640_happy.jpg,0
train_640_neutral.png,6
train_640_sad.jpg,2
train_640_surprise.jpg,1
train_641_angry.jpg,3
train_641_disgust.jpg,4
train_641_fear.jpg,5
train_641_happy.jpg,0
train_641_neutral.png,6
train_641_sad.jpg,2
train_641_surprise.jpg,1
train_642_angry.jpg,3
train_642_disgust.jpg,4
train_642_fear.jpg,5
train_642_happy.jpg,0
train_642_neutral.png,6
train_642_sad.jpg,2
train_642_surprise.jpg,1
train_643_angry.jpg,3
train_643_disgust.jpg,4
train_643_fear.jpg,5
train_643_happy.jpg,0
train_643_neutral.png,6
train_643_sad.jpg,2
train_643_surprise.jpg,1
train_644_angry.jpg,3
train_644_disgust.jpg,4
train_644_fear.jpg,5
train_644_happy.jpg,0
train_644_neutral.png,6
train_644_sad.jpg,2
train_644_surprise.jpg,1
train_645_angry.jpg,3
train_645_disgust.jpg,4
train_645_fear.jpg,5
train_645_happy.jpg,0
train_645_neutral.png,6
train_645_sad.jpg,2
train_645_surprise.jpg,1
train_646_angry.jpg,3
train_646_disgust.jpg,4
train_646_fear.jpg,5
train_646_happy.jpg,0
train_646_neutral.png,6
train_646_sad.jpg,2
train_646_surprise.jpg,1
train_647_angry.jpg,3
train_647_disgust.jpg,4
train_647_fear.jpg,5
train_647_happy.jpg,0
train_647_neutral.png,6
train_647_sad.jpg,2
train_647_surprise.jpg,1
train_648_angry.jpg,3
train_648_disgust.jpg,4
train_648_fear.jpg,5
train_648_happy.jpg,0
train_648_neutral.png,6
train_648_sad.jpg,2
train_648_surprise.jpg,1
train_649_angry.jpg,3
train_649_disgust.jpg,4
train_649_fear.jpg,5
train_649_happy.jpg,0
train_649_neutral.png,6
train_649_sad.jpg,2
train_649_surprise.jpg,1
train_64_angry.jpg,3
train_64_disgust.jpg,4
train_64_fear.jpg,5
train_64_happy.png,0
train_64_neutral.png,6
train_64_sad.jpg,2
train_64_surprise.jpg,1
train_650_angry.jpg,3
train_650_disgust.jpg,4
train_650_fear.jpg,5
train_650_happy.jpg,0
train_650_neutral.png,6
train_650_sad.jpg,2
train_650_surprise.jpg,1
train_651_angry.jpg,3
train_651_disgust.jpg,4
train_651_fear.jpg,5
train_651_happy.jpg,0
train_651_neutral.png,6
train_651_sad.jpg,2
train_651_surprise.jpg,1
train_652_angry.jpg,3
train_652_disgust.jpg,4
train_652_fear.jpg,5
train_652_happy.jpg,0
train_652_neutral.png,6
train_652_sad.jpg,2
train_652_surprise.jpg,1
train_653_angry.jpg,3
train_653_disgust.jpg,4
train_653_fear.jpg,5
train_653_happy.jpg,0
train_653_neutral.png,6
train_653_sad.jpg,2
train_653_surprise.jpg,1
train_654_angry.jpg,3
train_654_disgust.jpg,4
train_654_fear.jpg,5
train_654_happy.jpg,0
train_654_neutral.png,6
train_654_sad.jpg,2
train_654_surprise.jpg,1
train_655_angry.jpg,3
train_655_disgust.jpg,4
train_655_fear.jpg,5
train_655_happy.jpg,0
train_655_neutral.png,6
train_655_sad.jpg,2
train_655_surprise.jpg,1
train_656_angry.jpg,3
train_656_disgust.jpg,4
train_656_fear.jpg,5
train_656_happy.jpg,0
train_656_neutral.png,6
train_656_sad.jpg,2
train_656_surprise.jpg,1
train_657_angry.jpg,3
train_657_disgust.jpg,4
train_657_fear.jpg,5
train_657_happy.jpg,0
train_657_neutral.png,6
train_657_sad.jpg,2
train_657_surprise.jpg,1
train_658_angry.jpg,3
train_658_disgust.jpg,4
train_658_fear.jpg,5
train_658_happy.jpg,0
train_658_neutral.png,6
train_658_sad.jpg,2
train_658_surprise.jpg,1
train_659_angry.jpg,3
train_659_disgust.jpg,4
train_659_fear.jpg,5
train_659_happy.jpg,0
train_659_neutral.png,6
train_659_sad.jpg,2
train_659_surprise.jpg,1
train_65_angry.jpg,3
train_65_disgust.jpg,4
train_65_fear.jpg,5
train_65_happy.png,0
train_65_neutral.png,6
train_65_sad.jpg,2
train_65_surprise.jpg,1
train_660_angry.jpg,3
train_660_disgust.jpg,4
train_660_fear.jpg,5
train_660_happy.jpg,0
train_660_neutral.png,6
train_660_sad.jpg,2
train_660_surprise.jpg,1
train_661_angry.jpg,3
train_661_disgust.jpg,4
train_661_fear.jpg,5
train_661_happy.jpg,0
train_661_neutral.png,6
train_661_sad.jpg,2
train_661_surprise.jpg,1
train_662_angry.jpg,3
train_662_disgust.jpg,4
train_662_fear.jpg,5
train_662_happy.jpg,0
train_662_neutral.png,6
train_662_sad.jpg,2
train_662_surprise.jpg,1
train_663_angry.jpg,3
train_663_disgust.jpg,4
train_663_fear.jpg,5
train_663_happy.jpg,0
train_663_neutral.png,6
train_663_sad.jpg,2
train_663_surprise.jpg,1
train_664_angry.jpg,3
train_664_disgust.jpg,4
train_664_fear.jpg,5
train_664_happy.jpg,0
train_664_neutral.png,6
train_664_sad.jpg,2
train_664_surprise.jpg,1
train_665_angry.jpg,3
train_665_disgust.jpg,4
train_665_fear.jpg,5
train_665_happy.jpg,0
train_665_neutral.png,6
train_665_sad.jpg,2
train_665_surprise.jpg,1
train_666_angry.jpg,3
train_666_disgust.jpg,4
train_666_fear.jpg,5
train_666_happy.jpg,0
train_666_neutral.png,6
train_666_sad.jpg,2
train_666_surprise.jpg,1
train_667_angry.jpg,3
train_667_disgust.jpg,4
train_667_fear.jpg,5
train_667_happy.jpg,0
train_667_neutral.png,6
train_667_sad.jpg,2
train_667_surprise.jpg,1
train_668_angry.jpg,3
train_668_disgust.jpg,4
train_668_fear.jpg,5
train_668_happy.jpg,0
train_668_neutral.png,6
train_668_sad.jpg,2
train_668_surprise.jpg,1
train_669_angry.jpg,3
train_669_disgust.jpg,4
train_669_fear.jpg,5
train_669_happy.jpg,0
train_669_neutral.png,6
train_669_sad.jpg,2
train_669_surprise.jpg,1
train_66_angry.jpg,3
train_66_disgust.jpg,4
train_66_fear.jpg,5
train_66_happy.png,0
train_66_neutral.png,6
train_66_sad.jpg,2
train_66_surprise.jpg,1
train_670_angry.jpg,3
train_670_disgust.jpg,4
train_670_fear.jpg,5
train_670_happy.jpg,0
train_670_neutral.png,6
train_670_sad.jpg,2
train_670_surprise.jpg,1
train_671_angry.jpg,3
train_671_disgust.jpg,4
train_671_fear.jpg,5
train_671_happy.jpg,0
train_671_neutral.png,6
train_671_sad.jpg,2
train_671_surprise.jpg,1
train_672_angry.jpg,3
train_672_disgust.jpg,4
train_672_fear.jpg,5
train_672_happy.jpg,0
train_672_neutral.png,6
train_672_sad.jpg,2
train_672_surprise.jpg,1
train_673_angry.jpg,3
train_673_disgust.jpg,4
train_673_fear.jpg,5
train_673_happy.jpg,0
train_673_neutral.png,6
train_673_sad.jpg,2
train_673_surprise.jpg,1
train_674_angry.jpg,3
train_674_disgust.jpg,4
train_674_fear.jpg,5
train_674_happy.jpg,0
train_674_neutral.png,6
train_674_sad.jpg,2
train_674_surprise.jpg,1
train_675_angry.jpg,3
train_675_disgust.jpg,4
train_675_fear.jpg,5
train_675_happy.jpg,0
train_675_neutral.png,6
train_675_sad.jpg,2
train_675_surprise.jpg,1
train_676_angry.jpg,3
train_676_disgust.jpg,4
train_676_fear.jpg,5
train_676_happy.jpg,0
train_676_neutral.png,6
train_676_sad.jpg,2
train_676_surprise.jpg,1
train_677_angry.jpg,3
train_677_disgust.jpg,4
train_677_fear.jpg,5
train_677_happy.jpg,0
train_677_neutral.png,6
train_677_sad.jpg,2
train_677_surprise.jpg,1
train_678_angry.jpg,3
train_678_disgust.jpg,4
train_678_fear.jpg,5
train_678_happy.jpg,0
train_678_neutral.png,6
train_678_sad.jpg,2
train_678_surprise.jpg,1
train_679_angry.jpg,3
train_679_disgust.jpg,4
train_679_fear.jpg,5
train_679_happy.jpg,0
train_679_neutral.png,6
train_679_sad.jpg,2
train_679_surprise.jpg,1
train_67_angry.jpg,3
train_67_disgust.jpg,4
train_67_fear.jpg,5
train_67_happy.png,0
train_67_neutral.png,6
train_67_sad.jpg,2
train_67_surprise.jpg,1
train_680_angry.jpg,3
train_680_disgust.jpg,4
train_680_fear.jpg,5
train_680_happy.jpg,0
train_680_neutral.png,6
train_680_sad.jpg,2
train_680_surprise.jpg,1
train_681_angry.jpg,3
train_681_disgust.jpg,4
train_681_fear.jpg,5
train_681_happy.jpg,0
train_681_neutral.png,6
train_681_sad.jpg,2
train_681_surprise.jpg,1
train_682_angry.jpg,3
train_682_disgust.jpg,4
train_682_fear.jpg,5
train_682_happy.jpg,0
train_682_neutral.png,6
train_682_sad.jpg,2
train_682_surprise.jpg,1
train_683_angry.jpg,3
train_683_disgust.jpg,4
train_683_fear.jpg,5
train_683_happy.jpg,0
train_683_neutral.png,6
train_683_sad.jpg,2
train_683_surprise.jpg,1
train_684_angry.jpg,3
train_684_disgust.jpg,4
train_684_fear.jpg,5
train_684_happy.jpg,0
train_684_neutral.png,6
train_684_sad.jpg,2
train_684_surprise.jpg,1
train_685_angry.jpg,3
train_685_disgust.jpg,4
train_685_fear.jpg,5
train_685_happy.jpg,0
train_685_neutral.png,6
train_685_sad.jpg,2
train_685_surprise.jpg,1
train_686_angry.jpg,3
train_686_disgust.jpg,4
train_686_fear.jpg,5
train_686_happy.jpg,0
train_686_neutral.png,6
train_686_sad.jpg,2
train_686_surprise.jpg,1
train_687_angry.jpg,3
train_687_disgust.jpg,4
train_687_fear.jpg,5
train_687_happy.jpg,0
train_687_neutral.png,6
train_687_sad.jpg,2
train_687_surprise.jpg,1
train_688_angry.jpg,3
train_688_disgust.jpg,4
train_688_fear.jpg,5
train_688_happy.jpg,0
train_688_neutral.png,6
train_688_sad.jpg,2
train_688_surprise.jpg,1
train_689_angry.jpg,3
train_689_disgust.jpg,4
train_689_fear.jpg,5
train_689_happy.jpg,0
train_689_neutral.png,6
train_689_sad.jpg,2
train_689_surprise.jpg,1
train_68_angry.jpg,3
train_68_disgust.jpg,4
train_68_fear.jpg,5
train_68_happy.png,0
train_68_neutral.png,6
train_68_sad.jpg,2
train_68_surprise.jpg,1
train_690_angry.jpg,3
train_690_disgust.jpg,4
train_690_fear.jpg,5
train_690_happy.jpg,0
train_690_neutral.png,6
train_690_sad.jpg,2
train_690_surprise.jpg,1
train_691_angry.jpg,3
train_691_disgust.jpg,4
train_691_fear.jpg,5
train_691_happy.jpg,0
train_691_neutral.png,6
train_691_sad.jpg,2
train_691_surprise.jpg,1
train_692_angry.jpg,3
train_692_disgust.jpg,4
train_692_fear.jpg,5
train_692_happy.jpg,0
train_692_neutral.png,6
train_692_sad.jpg,2
train_692_surprise.jpg,1
train_693_angry.jpg,3
train_693_disgust.jpg,4
train_693_fear.jpg,5
train_693_happy.jpg,0
train_693_neutral.png,6
train_693_sad.jpg,2
train_693_surprise.jpg,1
train_694_angry.jpg,3
train_694_disgust.jpg,4
train_694_fear.jpg,5
train_694_happy.jpg,0
train_694_neutral.png,6
train_694_sad.jpg,2
train_694_surprise.jpg,1
train_695_angry.jpg,3
train_695_disgust.jpg,4
train_695_fear.jpg,5
train_695_happy.jpg,0
train_695_neutral.png,6
train_695_sad.jpg,2
train_695_surprise.jpg,1
train_696_angry.jpg,3
train_696_disgust.jpg,4
train_696_fear.jpg,5
train_696_happy.jpg,0
train_696_neutral.png,6
train_696_sad.jpg,2
train_696_surprise.jpg,1
train_697_angry.jpg,3
train_697_disgust.jpg,4
train_697_fear.jpg,5
train_697_happy.jpg,0
train_697_neutral.png,6
train_697_sad.jpg,2
train_697_surprise.jpg,1
train_698_angry.jpg,3
train_698_disgust.jpg,4
train_698_fear.jpg,5
train_698_happy.jpg,0
train_698_neutral.png,6
train_698_sad.jpg,2
train_698_surprise.jpg,1
train_699_angry.jpg,3
train_699_disgust.jpg,4
train_699_fear.jpg,5
train_699_happy.jpg,0
train_699_neutral.png,6
train_699_sad.jpg,2
train_699_surprise.jpg,1
train_69_angry.jpg,3
train_69_disgust.jpg,4
train_69_fear.jpg,5
train_69_happy.png,0
train_69_neutral.png,6
train_69_sad.jpg,2
train_69_surprise.jpg,1
train_6_angry.jpg,3
train_6_disgust.jpg,4
train_6_fear.jpg,5
train_6_happy.png,0
train_6_neutral.png,6
train_6_sad.jpg,2
train_6_surprise.jpg,1
train_700_angry.jpg,3
train_700_disgust.jpg,4
train_700_fear.jpg,5
train_700_happy.jpg,0
train_700_neutral.png,6
train_700_sad.jpg,2
train_700_surprise.jpg,1
train_701_angry.jpg,3
train_701_disgust.jpg,4
train_701_fear.jpg,5
train_701_happy.jpg,0
train_701_neutral.png,6
train_701_sad.jpg,2
train_701_surprise.jpg,1
train_702_angry.jpg,3
train_702_disgust.jpg,4
train_702_fear.jpg,5
train_702_happy.jpg,0
train_702_neutral.png,6
train_702_sad.jpg,2
train_702_surprise.jpg,1
train_703_angry.jpg,3
train_703_disgust.jpg,4
train_703_fear.jpg,5
train_703_happy.jpg,0
train_703_neutral.png,6
train_703_sad.jpg,2
train_703_surprise.jpg,1
train_704_angry.jpg,3
train_704_disgust.jpg,4
train_704_fear.jpg,5
train_704_happy.jpg,0
train_704_neutral.png,6
train_704_sad.jpg,2
train_704_surprise.jpg,1
train_705_angry.jpg,3
train_705_disgust.jpg,4
train_705_fear.jpg,5
train_705_happy.jpg,0
train_705_neutral.png,6
train_705_sad.jpg,2
train_705_surprise.jpg,1
train_706_angry.jpg,3
train_706_disgust.jpg,4
train_706_fear.jpg,5
train_706_happy.jpg,0
train_706_neutral.png,6
train_706_sad.jpg,2
train_706_surprise.jpg,1
train_707_angry.jpg,3
train_707_disgust.jpg,4
train_707_fear.jpg,5
train_707_happy.jpg,0
train_707_neutral.png,6
train_707_sad.jpg,2
train_707_surprise.jpg,1
train_708_angry.jpg,3
train_708_disgust.jpg,4
train_708_fear.jpg,5
train_708_happy.jpg,0
train_708_neutral.png,6
train_708_sad.jpg,2
train_708_surprise.jpg,1
train_709_angry.jpg,3
train_709_disgust.jpg,4
train_709_fear.jpg,5
train_709_happy.jpg,0
train_709_neutral.png,6
train_709_sad.jpg,2
train_709_surprise.jpg,1
train_70_angry.jpg,3
train_70_disgust.jpg,4
train_70_fear.jpg,5
train_70_happy.png,0
train_70_neutral.png,6
train_70_sad.jpg,2
train_70_surprise.jpg,1
train_710_angry.jpg,3
train_710_disgust.jpg,4
train_710_fear.jpg,5
train_710_happy.jpg,0
train_710_neutral.png,6
train_710_sad.jpg,2
train_710_surprise.jpg,1
train_711_angry.jpg,3
train_711_disgust.jpg,4
train_711_fear.jpg,5
train_711_happy.jpg,0
train_711_neutral.png,6
train_711_sad.jpg,2
train_711_surprise.jpg,1
train_712_angry.jpg,3
train_712_disgust.jpg,4
train_712_fear.jpg,5
train_712_happy.jpg,0
train_712_neutral.png,6
train_712_sad.jpg,2
train_712_surprise.jpg,1
train_713_angry.jpg,3
train_713_disgust.jpg,4
train_713_fear.jpg,5
train_713_happy.jpg,0
train_713_neutral.png,6
train_713_sad.jpg,2
train_713_surprise.jpg,1
train_714_angry.jpg,3
train_714_disgust.jpg,4
train_714_fear.jpg,5
train_714_happy.jpg,0
train_714_neutral.png,6
train_714_sad.jpg,2
train_714_surprise.jpg,1
train_715_angry.jpg,3
train_715_disgust.jpg,4
train_715_fear.jpg,5
train_715_happy.jpg,0
train_715_neutral.png,6
train_715_sad.jpg,2
train_715_surprise.jpg,1
train_716_angry.jpg,3
train_716_disgust.jpg,4
train_716_fear.jpg,5
train_716_happy.jpg,0
train_716_neutral.png,6
train_716_sad.jpg,2
train_716_surprise.jpg,1
train_717_angry.jpg,3
train_717_disgust.jpg,4
train_717_fear.jpg,5
train_717_happy.jpg,0
train_717_neutral.png,6
train_717_sad.jpg,2
train_717_surprise.jpg,1
train_718_angry.jpg,3
train_718_disgust.jpg,4
train_718_fear.jpg,5
train_718_happy.jpg,0
train_718_neutral.png,6
train_718_sad.jpg,2
train_718_surprise.jpg,1
train_719_angry.jpg,3
train_719_disgust.jpg,4
train_719_fear.jpg,5
train_719_happy.jpg,0
train_719_neutral.png,6
train_719_sad.jpg,2
train_719_surprise.jpg,1
train_71_angry.jpg,3
train_71_disgust.jpg,4
train_71_fear.jpg,5
train_71_happy.png,0
train_71_neutral.png,6
train_71_sad.jpg,2
train_71_surprise.jpg,1
train_720_angry.jpg,3
train_720_disgust.jpg,4
train_720_fear.jpg,5
train_720_happy.jpg,0
train_720_neutral.png,6
train_720_sad.jpg,2
train_720_surprise.jpg,1
train_721_angry.jpg,3
train_721_disgust.jpg,4
train_721_fear.jpg,5
train_721_happy.jpg,0
train_721_neutral.png,6
train_721_sad.jpg,2
train_721_surprise.jpg,1
train_722_angry.jpg,3
train_722_disgust.jpg,4
train_722_fear.jpg,5
train_722_happy.jpg,0
train_722_neutral.png,6
train_722_sad.jpg,2
train_722_surprise.jpg,1
train_723_angry.jpg,3
train_723_disgust.jpg,4
train_723_fear.jpg,5
train_723_happy.jpg,0
train_723_neutral.png,6
train_723_sad.jpg,2
train_723_surprise.jpg,1
train_724_angry.jpg,3
train_724_disgust.jpg,4
train_724_fear.jpg,5
train_724_happy.jpg,0
train_724_neutral.png,6
train_724_sad.jpg,2
train_724_surprise.jpg,1
train_725_angry.jpg,3
train_725_disgust.jpg,4
train_725_fear.jpg,5
train_725_happy.jpg,0
train_725_neutral.png,6
train_725_sad.jpg,2
train_725_surprise.jpg,1
train_726_angry.jpg,3
train_726_disgust.jpg,4
train_726_fear.jpg,5
train_726_happy.jpg,0
train_726_neutral.png,6
train_726_sad.jpg,2
train_726_surprise.jpg,1
train_727_angry.jpg,3
train_727_disgust.jpg,4
train_727_fear.jpg,5
train_727_happy.jpg,0
train_727_neutral.png,6
train_727_sad.jpg,2
train_727_surprise.jpg,1
train_728_angry.jpg,3
train_728_disgust.jpg,4
train_728_fear.jpg,5
train_728_happy.jpg,0
train_728_neutral.png,6
train_728_sad.jpg,2
train_728_surprise.jpg,1
train_729_angry.jpg,3
train_729_disgust.jpg,4
train_729_fear.jpg,5
train_729_happy.jpg,0
train_729_neutral.png,6
train_729_sad.jpg,2
train_729_surprise.jpg,1
train_72_angry.jpg,3
train_72_disgust.jpg,4
train_72_fear.jpg,5
train_72_happy.png,0
train_72_neutral.png,6
train_72_sad.jpg,2
train_72_surprise.jpg,1
train_730_angry.jpg,3
train_730_disgust.jpg,4
train_730_fear.jpg,5
train_730_happy.jpg,0
train_730_neutral.png,6
train_730_sad.jpg,2
train_730_surprise.jpg,1
train_731_angry.jpg,3
train_731_disgust.jpg,4
train_731_fear.jpg,5
train_731_happy.jpg,0
train_731_neutral.png,6
train_731_sad.jpg,2
train_731_surprise.jpg,1
train_732_angry.jpg,3
train_732_disgust.jpg,4
train_732_fear.jpg,5
train_732_happy.jpg,0
train_732_neutral.png,6
train_732_sad.jpg,2
train_732_surprise.jpg,1
train_733_angry.jpg,3
train_733_disgust.jpg,4
train_733_fear.jpg,5
train_733_happy.jpg,0
train_733_neutral.png,6
train_733_sad.jpg,2
train_733_surprise.jpg,1
train_734_angry.jpg,3
train_734_disgust.jpg,4
train_734_fear.jpg,5
train_734_happy.jpg,0
train_734_neutral.jpg,6
train_734_sad.jpg,2
train_734_surprise.jpg,1
train_735_angry.jpg,3
train_735_disgust.jpg,4
train_735_fear.jpg,5
train_735_happy.jpg,0
train_735_neutral.jpg,6
train_735_sad.jpg,2
train_735_surprise.jpg,1
train_736_angry.jpg,3
train_736_disgust.jpg,4
train_736_fear.jpg,5
train_736_happy.jpg,0
train_736_neutral.jpg,6
train_736_sad.jpg,2
train_736_surprise.jpg,1
train_737_angry.jpg,3
train_737_disgust.jpg,4
train_737_fear.jpg,5
train_737_happy.jpg,0
train_737_neutral.jpg,6
train_737_sad.jpg,2
train_737_surprise.jpg,1
train_738_angry.jpg,3
train_738_disgust.jpg,4
train_738_fear.jpg,5
train_738_happy.jpg,0
train_738_neutral.jpg,6
train_738_sad.jpg,2
train_738_surprise.jpg,1
train_739_angry.jpg,3
train_739_disgust.jpg,4
train_739_fear.jpg,5
train_739_happy.jpg,0
train_739_neutral.jpg,6
train_739_sad.jpg,2
train_739_surprise.jpg,1
train_73_angry.jpg,3
train_73_disgust.jpg,4
train_73_fear.jpg,5
train_73_happy.png,0
train_73_neutral.png,6
train_73_sad.jpg,2
train_73_surprise.jpg,1
train_740_angry.jpg,3
train_740_disgust.jpg,4
train_740_fear.jpg,5
train_740_happy.jpg,0
train_740_neutral.jpg,6
train_740_sad.jpg,2
train_740_surprise.jpg,1
train_741_angry.jpg,3
train_741_disgust.jpg,4
train_741_fear.jpg,5
train_741_happy.jpg,0
train_741_neutral.jpg,6
train_741_sad.jpg,2
train_741_surprise.jpg,1
train_742_angry.jpg,3
train_742_disgust.jpg,4
train_742_fear.jpg,5
train_742_happy.jpg,0
train_742_neutral.jpg,6
train_742_sad.jpg,2
train_742_surprise.jpg,1
train_743_angry.jpg,3
train_743_disgust.jpg,4
train_743_fear.jpg,5
train_743_happy.jpg,0
train_743_neutral.jpg,6
train_743_sad.jpg,2
train_743_surprise.jpg,1
train_744_angry.jpg,3
train_744_disgust.jpg,4
train_744_fear.jpg,5
train_744_happy.jpg,0
train_744_neutral.jpg,6
train_744_sad.jpg,2
train_744_surprise.jpg,1
train_745_angry.jpg,3
train_745_disgust.jpg,4
train_745_fear.jpg,5
train_745_happy.jpg,0
train_745_neutral.jpg,6
train_745_sad.jpg,2
train_745_surprise.jpg,1
train_746_angry.jpg,3
train_746_disgust.jpg,4
train_746_fear.jpg,5
train_746_happy.jpg,0
train_746_neutral.jpg,6
train_746_sad.jpg,2
train_746_surprise.jpg,1
train_747_angry.jpg,3
train_747_disgust.jpg,4
train_747_fear.jpg,5
train_747_happy.jpg,0
train_747_neutral.jpg,6
train_747_sad.jpg,2
train_747_surprise.jpg,1
train_748_angry.jpg,3
train_748_disgust.jpg,4
train_748_fear.jpg,5
train_748_happy.jpg,0
train_748_neutral.jpg,6
train_748_sad.jpg,2
train_748_surprise.jpg,1
train_749_angry.jpg,3
train_749_disgust.jpg,4
train_749_fear.jpg,5
train_749_happy.jpg,0
train_749_neutral.jpg,6
train_749_sad.jpg,2
train_749_surprise.jpg,1
train_74_angry.jpg,3
train_74_disgust.jpg,4
train_74_fear.jpg,5
train_74_happy.png,0
train_74_neutral.png,6
train_74_sad.jpg,2
train_74_surprise.jpg,1
train_750_angry.jpg,3
train_750_disgust.jpg,4
train_750_fear.jpg,5
train_750_happy.jpg,0
train_750_neutral.jpg,6
train_750_sad.jpg,2
train_750_surprise.jpg,1
train_751_angry.jpg,3
train_751_disgust.jpg,4
train_751_fear.jpg,5
train_751_happy.jpg,0
train_751_neutral.jpg,6
train_751_sad.jpg,2
train_751_surprise.jpg,1
train_752_angry.jpg,3
train_752_disgust.jpg,4
train_752_fear.jpg,5
train_752_happy.jpg,0
train_752_neutral.jpg,6
train_752_sad.jpg,2
train_752_surprise.jpg,1
train_753_angry.jpg,3
train_753_disgust.jpg,4
train_753_fear.jpg,5
train_753_happy.jpg,0
train_753_neutral.jpg,6
train_753_sad.jpg,2
train_753_surprise.jpg,1
train_754_angry.jpg,3
train_754_disgust.jpg,4
train_754_fear.jpg,5
train_754_happy.jpg,0
train_754_neutral.jpg,6
train_754_sad.jpg,2
train_754_surprise.jpg,1
train_755_angry.jpg,3
train_755_disgust.jpg,4
train_755_fear.jpg,5
train_755_happy.jpg,0
train_755_neutral.jpg,6
train_755_sad.jpg,2
train_755_surprise.jpg,1
train_756_angry.jpg,3
train_756_disgust.jpg,4
train_756_fear.jpg,5
train_756_happy.jpg,0
train_756_neutral.jpg,6
train_756_sad.jpg,2
train_756_surprise.jpg,1
train_757_angry.jpg,3
train_757_disgust.jpg,4
train_757_fear.jpg,5
train_757_happy.jpg,0
train_757_neutral.jpg,6
train_757_sad.jpg,2
train_757_surprise.jpg,1
train_758_angry.jpg,3
train_758_disgust.jpg,4
train_758_fear.jpg,5
train_758_happy.jpg,0
train_758_neutral.jpg,6
train_758_sad.jpg,2
train_758_surprise.jpg,1
train_759_angry.jpg,3
train_759_disgust.jpg,4
train_759_fear.jpg,5
train_759_happy.jpg,0
train_759_neutral.jpg,6
train_759_sad.jpg,2
train_759_surprise.jpg,1
train_75_angry.jpg,3
train_75_disgust.jpg,4
train_75_fear.jpg,5
train_75_happy.png,0
train_75_neutral.png,6
train_75_sad.jpg,2
train_75_surprise.jpg,1
train_760_angry.jpg,3
train_760_disgust.jpg,4
train_760_fear.jpg,5
train_760_happy.jpg,0
train_760_neutral.jpg,6
train_760_sad.jpg,2
train_760_surprise.jpg,1
train_761_angry.jpg,3
train_761_disgust.jpg,4
train_761_fear.jpg,5
train_761_happy.jpg,0
train_761_neutral.jpg,6
train_761_sad.jpg,2
train_761_surprise.jpg,1
train_762_angry.jpg,3
train_762_disgust.jpg,4
train_762_fear.jpg,5
train_762_happy.jpg,0
train_762_neutral.jpg,6
train_762_sad.jpg,2
train_762_surprise.jpg,1
train_763_angry.jpg,3
train_763_disgust.jpg,4
train_763_fear.jpg,5
train_763_happy.jpg,0
train_763_neutral.jpg,6
train_763_sad.jpg,2
train_763_surprise.jpg,1
train_764_angry.jpg,3
train_764_disgust.jpg,4
train_764_fear.jpg,5
train_764_happy.jpg,0
train_764_neutral.jpg,6
train_764_sad.jpg,2
train_764_surprise.jpg,1
train_765_angry.jpg,3
train_765_disgust.jpg,4
train_765_fear.jpg,5
train_765_happy.jpg,0
train_765_neutral.jpg,6
train_765_sad.jpg,2
train_765_surprise.jpg,1
train_766_angry.jpg,3
train_766_disgust.jpg,4
train_766_fear.jpg,5
train_766_happy.jpg,0
train_766_neutral.jpg,6
train_766_sad.jpg,2
train_766_surprise.jpg,1
train_767_angry.jpg,3
train_767_disgust.jpg,4
train_767_fear.jpg,5
train_767_happy.jpg,0
train_767_neutral.jpg,6
train_767_sad.jpg,2
train_767_surprise.jpg,1
train_768_angry.jpg,3
train_768_disgust.jpg,4
train_768_fear.jpg,5
train_768_happy.jpg,0
train_768_neutral.jpg,6
train_768_sad.jpg,2
train_768_surprise.jpg,1
train_769_angry.jpg,3
train_769_disgust.jpg,4
train_769_fear.jpg,5
train_769_happy.jpg,0
train_769_neutral.jpg,6
train_769_sad.jpg,2
train_769_surprise.jpg,1
train_76_angry.jpg,3
train_76_disgust.jpg,4
train_76_fear.jpg,5
train_76_happy.png,0
train_76_neutral.png,6
train_76_sad.jpg,2
train_76_surprise.jpg,1
train_770_angry.jpg,3
train_770_disgust.jpg,4
train_770_fear.jpg,5
train_770_happy.jpg,0
train_770_neutral.jpg,6
train_770_sad.jpg,2
train_770_surprise.jpg,1
train_771_angry.jpg,3
train_771_disgust.jpg,4
train_771_fear.jpg,5
train_771_happy.jpg,0
train_771_neutral.jpg,6
train_771_sad.jpg,2
train_771_surprise.jpg,1
train_772_angry.jpg,3
train_772_disgust.jpg,4
train_772_fear.jpg,5
train_772_happy.jpg,0
train_772_neutral.jpg,6
train_772_sad.jpg,2
train_772_surprise.jpg,1
train_773_angry.jpg,3
train_773_disgust.jpg,4
train_773_fear.jpg,5
train_773_happy.jpg,0
train_773_neutral.jpg,6
train_773_sad.jpg,2
train_773_surprise.jpg,1
train_774_angry.jpg,3
train_774_disgust.jpg,4
train_774_fear.jpg,5
train_774_happy.jpg,0
train_774_neutral.jpg,6
train_774_sad.jpg,2
train_774_surprise.jpg,1
train_775_angry.jpg,3
train_775_disgust.jpg,4
train_775_fear.jpg,5
train_775_happy.jpg,0
train_775_neutral.jpg,6
train_775_sad.jpg,2
train_775_surprise.jpg,1
train_776_angry.jpg,3
train_776_disgust.jpg,4
train_776_fear.jpg,5
train_776_happy.jpg,0
train_776_neutral.jpg,6
train_776_sad.jpg,2
train_776_surprise.jpg,1
train_777_angry.jpg,3
train_777_disgust.jpg,4
train_777_fear.jpg,5
train_777_happy.jpg,0
train_777_neutral.jpg,6
train_777_sad.jpg,2
train_777_surprise.jpg,1
train_778_angry.jpg,3
train_778_disgust.jpg,4
train_778_fear.jpg,5
train_778_happy.jpg,0
train_778_neutral.jpg,6
train_778_sad.jpg,2
train_778_surprise.jpg,1
train_779_angry.jpg,3
train_779_disgust.jpg,4
train_779_fear.jpg,5
train_779_happy.jpg,0
train_779_neutral.jpg,6
train_779_sad.jpg,2
train_779_surprise.jpg,1
train_77_angry.jpg,3
train_77_disgust.jpg,4
train_77_fear.jpg,5
train_77_happy.png,0
train_77_neutral.png,6
train_77_sad.jpg,2
train_77_surprise.jpg,1
train_780_angry.jpg,3
train_780_disgust.jpg,4
train_780_fear.jpg,5
train_780_happy.jpg,0
train_780_neutral.jpg,6
train_780_sad.jpg,2
train_780_surprise.jpg,1
train_781_angry.jpg,3
train_781_disgust.jpg,4
train_781_fear.jpg,5
train_781_happy.jpg,0
train_781_neutral.jpg,6
train_781_sad.jpg,2
train_781_surprise.jpg,1
train_782_angry.jpg,3
train_782_disgust.jpg,4
train_782_fear.jpg,5
train_782_happy.jpg,0
train_782_neutral.jpg,6
train_782_sad.jpg,2
train_782_surprise.jpg,1
train_783_angry.jpg,3
train_783_disgust.jpg,4
train_783_fear.jpg,5
train_783_happy.jpg,0
train_783_neutral.jpg,6
train_783_sad.jpg,2
train_783_surprise.jpg,1
train_784_angry.jpg,3
train_784_disgust.jpg,4
train_784_fear.jpg,5
train_784_happy.jpg,0
train_784_neutral.jpg,6
train_784_sad.jpg,2
train_784_surprise.jpg,1
train_785_angry.jpg,3
train_785_disgust.jpg,4
train_785_fear.jpg,5
train_785_happy.jpg,0
train_785_neutral.jpg,6
train_785_sad.jpg,2
train_785_surprise.jpg,1
train_786_angry.jpg,3
train_786_disgust.jpg,4
train_786_fear.jpg,5
train_786_happy.jpg,0
train_786_neutral.jpg,6
train_786_sad.jpg,2
train_786_surprise.jpg,1
train_787_angry.jpg,3
train_787_disgust.jpg,4
train_787_fear.jpg,5
train_787_happy.jpg,0
train_787_neutral.jpg,6
train_787_sad.jpg,2
train_787_surprise.jpg,1
train_788_angry.jpg,3
train_788_disgust.jpg,4
train_788_fear.jpg,5
train_788_happy.jpg,0
train_788_neutral.jpg,6
train_788_sad.jpg,2
train_788_surprise.jpg,1
train_789_angry.jpg,3
train_789_disgust.jpg,4
train_789_fear.jpg,5
train_789_happy.jpg,0
train_789_neutral.jpg,6
train_789_sad.jpg,2
train_789_surprise.jpg,1
train_78_angry.jpg,3
train_78_disgust.jpg,4
train_78_fear.jpg,5
train_78_happy.png,0
train_78_neutral.png,6
train_78_sad.jpg,2
train_78_surprise.jpg,1
train_790_angry.jpg,3
train_790_disgust.jpg,4
train_790_fear.jpg,5
train_790_happy.jpg,0
train_790_neutral.jpg,6
train_790_sad.jpg,2
train_790_surprise.jpg,1
train_791_angry.jpg,3
train_791_disgust.jpg,4
train_791_fear.jpg,5
train_791_happy.jpg,0
train_791_neutral.jpg,6
train_791_sad.jpg,2
train_791_surprise.jpg,1
train_792_angry.jpg,3
train_792_disgust.jpg,4
train_792_fear.jpg,5
train_792_happy.jpg,0
train_792_neutral.jpg,6
train_792_sad.jpg,2
train_792_surprise.jpg,1
train_793_angry.jpg,3
train_793_disgust.jpg,4
train_793_fear.jpg,5
train_793_happy.jpg,0
train_793_neutral.jpg,6
train_793_sad.jpg,2
train_793_surprise.jpg,1
train_794_angry.jpg,3
train_794_disgust.jpg,4
train_794_fear.jpg,5
train_794_happy.jpg,0
train_794_neutral.jpg,6
train_794_sad.jpg,2
train_794_surprise.jpg,1
train_795_angry.jpg,3
train_795_disgust.jpg,4
train_795_fear.jpg,5
train_795_happy.jpg,0
train_795_neutral.jpg,6
train_795_sad.jpg,2
train_795_surprise.jpg,1
train_796_angry.jpg,3
train_796_disgust.jpg,4
train_796_fear.jpg,5
train_796_happy.jpg,0
train_796_neutral.jpg,6
train_796_sad.jpg,2
train_796_surprise.jpg,1
train_797_angry.jpg,3
train_797_disgust.jpg,4
train_797_fear.jpg,5
train_797_happy.jpg,0
train_797_neutral.jpg,6
train_797_sad.jpg,2
train_797_surprise.jpg,1
train_798_angry.jpg,3
train_798_disgust.jpg,4
train_798_fear.jpg,5
train_798_happy.jpg,0
train_798_neutral.jpg,6
train_798_sad.jpg,2
train_798_surprise.jpg,1
train_799_angry.jpg,3
train_799_disgust.jpg,4
train_799_fear.jpg,5
train_799_happy.jpg,0
train_799_neutral.jpg,6
train_799_sad.jpg,2
train_799_surprise.jpg,1
train_79_angry.jpg,3
train_79_disgust.jpg,4
train_79_fear.jpg,5
train_79_happy.png,0
train_79_neutral.png,6
train_79_sad.jpg,2
train_79_surprise.jpg,1
train_7_angry.jpg,3
train_7_disgust.jpg,4
train_7_fear.jpg,5
train_7_happy.png,0
train_7_neutral.png,6
train_7_sad.jpg,2
train_7_surprise.jpg,1
train_800_angry.jpg,3
train_800_disgust.jpg,4
train_800_fear.jpg,5
train_800_happy.jpg,0
train_800_neutral.jpg,6
train_800_sad.jpg,2
train_800_surprise.jpg,1
train_801_angry.jpg,3
train_801_disgust.jpg,4
train_801_fear.jpg,5
train_801_happy.jpg,0
train_801_neutral.jpg,6
train_801_sad.jpg,2
train_801_surprise.jpg,1
train_802_angry.jpg,3
train_802_disgust.jpg,4
train_802_fear.jpg,5
train_802_happy.jpg,0
train_802_neutral.jpg,6
train_802_sad.jpg,2
train_802_surprise.jpg,1
train_803_angry.jpg,3
train_803_disgust.jpg,4
train_803_fear.jpg,5
train_803_happy.jpg,0
train_803_neutral.jpg,6
train_803_sad.jpg,2
train_803_surprise.jpg,1
train_804_angry.jpg,3
train_804_disgust.jpg,4
train_804_fear.jpg,5
train_804_happy.jpg,0
train_804_neutral.jpg,6
train_804_sad.jpg,2
train_804_surprise.jpg,1
train_805_angry.jpg,3
train_805_disgust.jpg,4
train_805_fear.jpg,5
train_805_happy.jpg,0
train_805_neutral.jpg,6
train_805_sad.jpg,2
train_805_surprise.jpg,1
train_806_angry.jpg,3
train_806_disgust.jpg,4
train_806_fear.jpg,5
train_806_happy.jpg,0
train_806_neutral.jpg,6
train_806_sad.jpg,2
train_806_surprise.jpg,1
train_807_angry.jpg,3
train_807_disgust.jpg,4
train_807_fear.jpg,5
train_807_happy.jpg,0
train_807_neutral.jpg,6
train_807_sad.jpg,2
train_807_surprise.jpg,1
train_808_angry.jpg,3
train_808_disgust.jpg,4
train_808_fear.jpg,5
train_808_happy.jpg,0
train_808_neutral.jpg,6
train_808_sad.jpg,2
train_808_surprise.jpg,1
train_809_angry.jpg,3
train_809_disgust.jpg,4
train_809_fear.jpg,5
train_809_happy.jpg,0
train_809_neutral.jpg,6
train_809_sad.jpg,2
train_809_surprise.jpg,1
train_80_angry.jpg,3
train_80_disgust.jpg,4
train_80_fear.jpg,5
train_80_happy.png,0
train_80_neutral.png,6
train_80_sad.jpg,2
train_80_surprise.jpg,1
train_810_angry.jpg,3
train_810_disgust.jpg,4
train_810_fear.jpg,5
train_810_happy.jpg,0
train_810_neutral.jpg,6
train_810_sad.jpg,2
train_810_surprise.jpg,1
train_811_angry.jpg,3
train_811_disgust.jpg,4
train_811_fear.jpg,5
train_811_happy.jpg,0
train_811_neutral.jpg,6
train_811_sad.jpg,2
train_811_surprise.jpg,1
train_812_angry.jpg,3
train_812_disgust.jpg,4
train_812_fear.jpg,5
train_812_happy.jpg,0
train_812_neutral.jpg,6
train_812_sad.jpg,2
train_812_surprise.jpg,1
train_813_angry.jpg,3
train_813_disgust.jpg,4
train_813_fear.jpg,5
train_813_happy.jpg,0
train_813_neutral.jpg,6
train_813_sad.jpg,2
train_813_surprise.jpg,1
train_814_angry.jpg,3
train_814_disgust.jpg,4
train_814_fear.jpg,5
train_814_happy.jpg,0
train_814_neutral.jpg,6
train_814_sad.jpg,2
train_814_surprise.jpg,1
train_815_angry.jpg,3
train_815_disgust.jpg,4
train_815_fear.jpg,5
train_815_happy.jpg,0
train_815_neutral.jpg,6
train_815_sad.jpg,2
train_815_surprise.jpg,1
train_816_angry.jpg,3
train_816_disgust.jpg,4
train_816_fear.jpg,5
train_816_happy.jpg,0
train_816_neutral.jpg,6
train_816_sad.jpg,2
train_816_surprise.jpg,1
train_817_angry.jpg,3
train_817_disgust.jpg,4
train_817_fear.jpg,5
train_817_happy.jpg,0
train_817_neutral.jpg,6
train_817_sad.jpg,2
train_817_surprise.jpg,1
train_818_angry.jpg,3
train_818_disgust.jpg,4
train_818_fear.jpg,5
train_818_happy.jpg,0
train_818_neutral.jpg,6
train_818_sad.jpg,2
train_818_surprise.jpg,1
train_819_angry.jpg,3
train_819_disgust.jpg,4
train_819_fear.jpg,5
train_819_happy.jpg,0
train_819_neutral.jpg,6
train_819_sad.jpg,2
train_819_surprise.jpg,1
train_81_angry.jpg,3
train_81_disgust.jpg,4
train_81_fear.jpg,5
train_81_happy.png,0
train_81_neutral.png,6
train_81_sad.jpg,2
train_81_surprise.jpg,1
train_820_angry.jpg,3
train_820_disgust.jpg,4
train_820_fear.jpg,5
train_820_happy.jpg,0
train_820_neutral.jpg,6
train_820_sad.jpg,2
train_820_surprise.jpg,1
train_821_angry.jpg,3
train_821_disgust.jpg,4
train_821_fear.jpg,5
train_821_happy.jpg,0
train_821_neutral.jpg,6
train_821_sad.jpg,2
train_821_surprise.jpg,1
train_822_angry.jpg,3
train_822_disgust.jpg,4
train_822_fear.jpg,5
train_822_happy.jpg,0
train_822_neutral.jpg,6
train_822_sad.jpg,2
train_822_surprise.jpg,1
train_823_angry.jpg,3
train_823_disgust.jpg,4
train_823_fear.jpg,5
train_823_happy.jpg,0
train_823_neutral.jpg,6
train_823_sad.jpg,2
train_823_surprise.jpg,1
train_824_angry.jpg,3
train_824_disgust.jpg,4
train_824_fear.jpg,5
train_824_happy.jpg,0
train_824_neutral.jpg,6
train_824_sad.jpg,2
train_824_surprise.jpg,1
train_825_angry.jpg,3
train_825_disgust.jpg,4
train_825_fear.jpg,5
train_825_happy.jpg,0
train_825_neutral.jpg,6
train_825_sad.jpg,2
train_825_surprise.jpg,1
train_826_angry.jpg,3
train_826_disgust.jpg,4
train_826_fear.jpg,5
train_826_happy.jpg,0
train_826_neutral.jpg,6
train_826_sad.jpg,2
train_826_surprise.jpg,1
train_827_angry.jpg,3
train_827_disgust.jpg,4
train_827_fear.jpg,5
train_827_happy.jpg,0
train_827_neutral.jpg,6
train_827_sad.jpg,2
train_827_surprise.jpg,1
train_828_angry.jpg,3
train_828_disgust.jpg,4
train_828_fear.jpg,5
train_828_happy.jpg,0
train_828_neutral.jpg,6
train_828_sad.jpg,2
train_828_surprise.jpg,1
train_829_angry.jpg,3
train_829_disgust.jpg,4
train_829_fear.jpg,5
train_829_happy.jpg,0
train_829_neutral.jpg,6
train_829_sad.jpg,2
train_829_surprise.jpg,1
train_82_angry.jpg,3
train_82_disgust.jpg,4
train_82_fear.jpg,5
train_82_happy.png,0
train_82_neutral.png,6
train_82_sad.jpg,2
train_82_surprise.jpg,1
train_830_angry.jpg,3
train_830_disgust.jpg,4
train_830_fear.jpg,5
train_830_happy.jpg,0
train_830_neutral.jpg,6
train_830_sad.jpg,2
train_830_surprise.jpg,1
train_831_angry.jpg,3
train_831_disgust.jpg,4
train_831_fear.jpg,5
train_831_happy.jpg,0
train_831_neutral.jpg,6
train_831_sad.jpg,2
train_831_surprise.jpg,1
train_832_angry.jpg,3
train_832_disgust.jpg,4
train_832_fear.jpg,5
train_832_happy.jpg,0
train_832_neutral.jpg,6
train_832_sad.jpg,2
train_832_surprise.jpg,1
train_833_angry.jpg,3
train_833_disgust.jpg,4
train_833_fear.jpg,5
train_833_happy.jpg,0
train_833_neutral.jpg,6
train_833_sad.jpg,2
train_833_surprise.jpg,1
train_834_angry.jpg,3
train_834_disgust.jpg,4
train_834_fear.jpg,5
train_834_happy.jpg,0
train_834_neutral.jpg,6
train_834_sad.jpg,2
train_834_surprise.jpg,1
train_835_angry.jpg,3
train_835_disgust.jpg,4
train_835_fear.jpg,5
train_835_happy.jpg,0
train_835_neutral.jpg,6
train_835_sad.jpg,2
train_835_surprise.jpg,1
train_836_angry.jpg,3
train_836_disgust.jpg,4
train_836_fear.jpg,5
train_836_happy.jpg,0
train_836_neutral.jpg,6
train_836_sad.jpg,2
train_836_surprise.jpg,1
train_837_angry.jpg,3
train_837_disgust.jpg,4
train_837_fear.jpg,5
train_837_happy.jpg,0
train_837_neutral.jpg,6
train_837_sad.jpg,2
train_837_surprise.jpg,1
train_838_angry.jpg,3
train_838_disgust.jpg,4
train_838_fear.jpg,5
train_838_happy.jpg,0
train_838_neutral.jpg,6
train_838_sad.jpg,2
train_838_surprise.jpg,1
train_839_angry.jpg,3
train_839_disgust.jpg,4
train_839_fear.jpg,5
train_839_happy.jpg,0
train_839_neutral.jpg,6
train_839_sad.jpg,2
train_839_surprise.jpg,1
train_83_angry.jpg,3
train_83_disgust.jpg,4
train_83_fear.jpg,5
train_83_happy.png,0
train_83_neutral.png,6
train_83_sad.jpg,2
train_83_surprise.jpg,1
train_840_angry.jpg,3
train_840_disgust.jpg,4
train_840_fear.jpg,5
train_840_happy.jpg,0
train_840_neutral.jpg,6
train_840_sad.jpg,2
train_840_surprise.jpg,1
train_841_angry.jpg,3
train_841_disgust.jpg,4
train_841_fear.jpg,5
train_841_happy.jpg,0
train_841_neutral.jpg,6
train_841_sad.jpg,2
train_841_surprise.jpg,1
train_842_angry.jpg,3
train_842_disgust.jpg,4
train_842_fear.jpg,5
train_842_happy.jpg,0
train_842_neutral.jpg,6
train_842_sad.jpg,2
train_842_surprise.jpg,1
train_843_angry.jpg,3
train_843_disgust.jpg,4
train_843_fear.jpg,5
train_843_happy.jpg,0
train_843_neutral.jpg,6
train_843_sad.jpg,2
train_843_surprise.jpg,1
train_844_angry.jpg,3
train_844_disgust.jpg,4
train_844_fear.jpg,5
train_844_happy.jpg,0
train_844_neutral.jpg,6
train_844_sad.jpg,2
train_844_surprise.jpg,1
train_845_angry.jpg,3
train_845_disgust.jpg,4
train_845_fear.jpg,5
train_845_happy.jpg,0
train_845_neutral.jpg,6
train_845_sad.jpg,2
train_845_surprise.jpg,1
train_846_angry.jpg,3
train_846_disgust.jpg,4
train_846_fear.jpg,5
train_846_happy.jpg,0
train_846_neutral.jpg,6
train_846_sad.jpg,2
train_846_surprise.jpg,1
train_847_angry.jpg,3
train_847_disgust.jpg,4
train_847_fear.jpg,5
train_847_happy.jpg,0
train_847_neutral.jpg,6
train_847_sad.jpg,2
train_847_surprise.jpg,1
train_848_angry.jpg,3
train_848_disgust.jpg,4
train_848_fear.jpg,5
train_848_happy.jpg,0
train_848_neutral.jpg,6
train_848_sad.jpg,2
train_848_surprise.jpg,1
train_849_angry.jpg,3
train_849_disgust.jpg,4
train_849_fear.jpg,5
train_849_happy.jpg,0
train_849_neutral.jpg,6
train_849_sad.jpg,2
train_849_surprise.jpg,1
train_84_angry.jpg,3
train_84_disgust.jpg,4
train_84_fear.jpg,5
train_84_happy.png,0
train_84_neutral.png,6
train_84_sad.jpg,2
train_84_surprise.jpg,1
train_850_angry.jpg,3
train_850_disgust.jpg,4
train_850_fear.jpg,5
train_850_happy.jpg,0
train_850_neutral.jpg,6
train_850_sad.jpg,2
train_850_surprise.jpg,1
train_851_angry.jpg,3
train_851_disgust.jpg,4
train_851_fear.jpg,5
train_851_happy.jpg,0
train_851_neutral.jpg,6
train_851_sad.jpg,2
train_851_surprise.jpg,1
train_852_angry.jpg,3
train_852_disgust.jpg,4
train_852_fear.jpg,5
train_852_happy.jpg,0
train_852_neutral.jpg,6
train_852_sad.jpg,2
train_852_surprise.jpg,1
train_853_angry.jpg,3
train_853_disgust.jpg,4
train_853_fear.jpg,5
train_853_happy.jpg,0
train_853_neutral.jpg,6
train_853_sad.jpg,2
train_853_surprise.jpg,1
train_854_angry.jpg,3
train_854_disgust.jpg,4
train_854_fear.jpg,5
train_854_happy.jpg,0
train_854_neutral.jpg,6
train_854_sad.jpg,2
train_854_surprise.jpg,1
train_855_angry.jpg,3
train_855_disgust.jpg,4
train_855_fear.jpg,5
train_855_happy.jpg,0
train_855_neutral.jpg,6
train_855_sad.jpg,2
train_855_surprise.jpg,1
train_856_angry.jpg,3
train_856_disgust.jpg,4
train_856_fear.jpg,5
train_856_happy.jpg,0
train_856_neutral.jpg,6
train_856_sad.jpg,2
train_856_surprise.jpg,1
train_857_angry.jpg,3
train_857_disgust.jpg,4
train_857_fear.jpg,5
train_857_happy.jpg,0
train_857_neutral.jpg,6
train_857_sad.jpg,2
train_857_surprise.jpg,1
train_858_angry.jpg,3
train_858_disgust.jpg,4
train_858_fear.jpg,5
train_858_happy.jpg,0
train_858_neutral.jpg,6
train_858_sad.jpg,2
train_858_surprise.jpg,1
train_859_angry.jpg,3
train_859_disgust.jpg,4
train_859_fear.jpg,5
train_859_happy.jpg,0
train_859_neutral.jpg,6
train_859_sad.jpg,2
train_859_surprise.jpg,1
train_85_angry.jpg,3
train_85_disgust.jpg,4
train_85_fear.jpg,5
train_85_happy.png,0
train_85_neutral.png,6
train_85_sad.jpg,2
train_85_surprise.jpg,1
train_860_angry.jpg,3
train_860_disgust.jpg,4
train_860_fear.jpg,5
train_860_happy.jpg,0
train_860_neutral.jpg,6
train_860_sad.jpg,2
train_860_surprise.jpg,1
train_861_angry.jpg,3
train_861_disgust.jpg,4
train_861_fear.jpg,5
train_861_happy.jpg,0
train_861_neutral.jpg,6
train_861_sad.jpg,2
train_861_surprise.jpg,1
train_862_angry.jpg,3
train_862_disgust.jpg,4
train_862_fear.jpg,5
train_862_happy.jpg,0
train_862_neutral.jpg,6
train_862_sad.jpg,2
train_862_surprise.jpg,1
train_863_angry.jpg,3
train_863_disgust.jpg,4
train_863_fear.jpg,5
train_863_happy.jpg,0
train_863_neutral.jpg,6
train_863_sad.jpg,2
train_863_surprise.jpg,1
train_864_angry.jpg,3
train_864_disgust.jpg,4
train_864_fear.jpg,5
train_864_happy.jpg,0
train_864_neutral.jpg,6
train_864_sad.jpg,2
train_864_surprise.jpg,1
train_865_angry.jpg,3
train_865_disgust.jpg,4
train_865_fear.jpg,5
train_865_happy.jpg,0
train_865_neutral.jpg,6
train_865_sad.jpg,2
train_865_surprise.jpg,1
train_866_angry.jpg,3
train_866_disgust.jpg,4
train_866_fear.jpg,5
train_866_happy.jpg,0
train_866_neutral.jpg,6
train_866_sad.jpg,2
train_866_surprise.jpg,1
train_867_angry.jpg,3
train_867_disgust.jpg,4
train_867_fear.jpg,5
train_867_happy.jpg,0
train_867_neutral.jpg,6
train_867_sad.jpg,2
train_867_surprise.jpg,1
train_868_angry.jpg,3
train_868_disgust.jpg,4
train_868_fear.jpg,5
train_868_happy.jpg,0
train_868_neutral.jpg,6
train_868_sad.jpg,2
train_868_surprise.jpg,1
train_869_angry.jpg,3
train_869_disgust.jpg,4
train_869_fear.jpg,5
train_869_happy.jpg,0
train_869_neutral.jpg,6
train_869_sad.jpg,2
train_869_surprise.jpg,1
train_86_angry.jpg,3
train_86_disgust.jpg,4
train_86_fear.jpg,5
train_86_happy.png,0
train_86_neutral.png,6
train_86_sad.jpg,2
train_86_surprise.jpg,1
train_870_angry.jpg,3
train_870_disgust.jpg,4
train_870_fear.jpg,5
train_870_happy.jpg,0
train_870_neutral.jpg,6
train_870_sad.jpg,2
train_870_surprise.jpg,1
train_871_angry.jpg,3
train_871_disgust.jpg,4
train_871_fear.jpg,5
train_871_happy.jpg,0
train_871_neutral.jpg,6
train_871_sad.jpg,2
train_871_surprise.jpg,1
train_872_angry.jpg,3
train_872_disgust.jpg,4
train_872_fear.jpg,5
train_872_happy.jpg,0
train_872_neutral.jpg,6
train_872_sad.jpg,2
train_872_surprise.jpg,1
train_873_angry.jpg,3
train_873_disgust.jpg,4
train_873_fear.jpg,5
train_873_happy.jpg,0
train_873_neutral.jpg,6
train_873_sad.jpg,2
train_873_surprise.jpg,1
train_874_angry.jpg,3
train_874_disgust.jpg,4
train_874_fear.jpg,5
train_874_happy.jpg,0
train_874_neutral.jpg,6
train_874_sad.jpg,2
train_874_surprise.jpg,1
train_875_angry.jpg,3
train_875_disgust.jpg,4
train_875_fear.jpg,5
train_875_happy.jpg,0
train_875_neutral.jpg,6
train_875_sad.jpg,2
train_875_surprise.jpg,1
train_876_angry.jpg,3
train_876_disgust.jpg,4
train_876_fear.jpg,5
train_876_happy.jpg,0
train_876_neutral.jpg,6
train_876_sad.jpg,2
train_876_surprise.jpg,1
train_877_angry.jpg,3
train_877_disgust.jpg,4
train_877_fear.jpg,5
train_877_happy.jpg,0
train_877_neutral.jpg,6
train_877_sad.jpg,2
train_877_surprise.jpg,1
train_878_angry.jpg,3
train_878_disgust.jpg,4
train_878_fear.jpg,5
train_878_happy.jpg,0
train_878_neutral.jpg,6
train_878_sad.jpg,2
train_878_surprise.jpg,1
train_879_angry.jpg,3
train_879_disgust.jpg,4
train_879_fear.jpg,5
train_879_happy.jpg,0
train_879_neutral.jpg,6
train_879_sad.jpg,2
train_879_surprise.jpg,1
train_87_angry.jpg,3
train_87_disgust.jpg,4
train_87_fear.jpg,5
train_87_happy.png,0
train_87_neutral.png,6
train_87_sad.jpg,2
train_87_surprise.jpg,1
train_880_angry.jpg,3
train_880_disgust.jpg,4
train_880_fear.jpg,5
train_880_happy.jpg,0
train_880_neutral.jpg,6
train_880_sad.jpg,2
train_880_surprise.jpg,1
train_881_angry.jpg,3
train_881_disgust.jpg,4
train_881_fear.jpg,5
train_881_happy.jpg,0
train_881_neutral.jpg,6
train_881_sad.jpg,2
train_881_surprise.jpg,1
train_882_angry.jpg,3
train_882_disgust.jpg,4
train_882_fear.jpg,5
train_882_happy.jpg,0
train_882_neutral.jpg,6
train_882_sad.jpg,2
train_882_surprise.jpg,1
train_883_angry.jpg,3
train_883_disgust.jpg,4
train_883_fear.jpg,5
train_883_happy.jpg,0
train_883_neutral.jpg,6
train_883_sad.jpg,2
train_883_surprise.jpg,1
train_884_angry.jpg,3
train_884_disgust.jpg,4
train_884_fear.jpg,5
train_884_happy.jpg,0
train_884_neutral.jpg,6
train_884_sad.jpg,2
train_884_surprise.jpg,1
train_885_angry.jpg,3
train_885_disgust.jpg,4
train_885_fear.jpg,5
train_885_happy.jpg,0
train_885_neutral.jpg,6
train_885_sad.jpg,2
train_885_surprise.jpg,1
train_886_angry.jpg,3
train_886_disgust.jpg,4
train_886_fear.jpg,5
train_886_happy.jpg,0
train_886_neutral.jpg,6
train_886_sad.jpg,2
train_886_surprise.jpg,1
train_887_angry.jpg,3
train_887_disgust.jpg,4
train_887_fear.jpg,5
train_887_happy.jpg,0
train_887_neutral.jpg,6
train_887_sad.jpg,2
train_887_surprise.jpg,1
train_888_angry.jpg,3
train_888_disgust.jpg,4
train_888_fear.jpg,5
train_888_happy.jpg,0
train_888_neutral.jpg,6
train_888_sad.jpg,2
train_888_surprise.jpg,1
train_889_angry.jpg,3
train_889_disgust.jpg,4
train_889_fear.jpg,5
train_889_happy.jpg,0
train_889_neutral.jpg,6
train_889_sad.jpg,2
train_889_surprise.jpg,1
train_88_angry.jpg,3
train_88_disgust.jpg,4
train_88_fear.jpg,5
train_88_happy.png,0
train_88_neutral.png,6
train_88_sad.jpg,2
train_88_surprise.jpg,1
train_890_angry.jpg,3
train_890_disgust.jpg,4
train_890_fear.jpg,5
train_890_happy.jpg,0
train_890_neutral.jpg,6
train_890_sad.jpg,2
train_890_surprise.jpg,1
train_891_angry.jpg,3
train_891_disgust.jpg,4
train_891_fear.jpg,5
train_891_happy.jpg,0
train_891_neutral.jpg,6
train_891_sad.jpg,2
train_891_surprise.jpg,1
train_892_angry.jpg,3
train_892_disgust.jpg,4
train_892_fear.jpg,5
train_892_happy.jpg,0
train_892_neutral.jpg,6
train_892_sad.jpg,2
train_892_surprise.jpg,1
train_893_angry.jpg,3
train_893_disgust.jpg,4
train_893_fear.jpg,5
train_893_happy.jpg,0
train_893_neutral.jpg,6
train_893_sad.jpg,2
train_893_surprise.jpg,1
train_894_angry.jpg,3
train_894_disgust.jpg,4
train_894_fear.jpg,5
train_894_happy.jpg,0
train_894_neutral.jpg,6
train_894_sad.jpg,2
train_894_surprise.jpg,1
train_895_angry.jpg,3
train_895_disgust.jpg,4
train_895_fear.jpg,5
train_895_happy.jpg,0
train_895_neutral.jpg,6
train_895_sad.jpg,2
train_895_surprise.jpg,1
train_896_angry.jpg,3
train_896_disgust.jpg,4
train_896_fear.jpg,5
train_896_happy.jpg,0
train_896_neutral.jpg,6
train_896_sad.jpg,2
train_896_surprise.jpg,1
train_897_angry.jpg,3
train_897_disgust.jpg,4
train_897_fear.jpg,5
train_897_happy.jpg,0
train_897_neutral.jpg,6
train_897_sad.jpg,2
train_897_surprise.jpg,1
train_898_angry.jpg,3
train_898_disgust.jpg,4
train_898_fear.jpg,5
train_898_happy.jpg,0
train_898_neutral.jpg,6
train_898_sad.jpg,2
train_898_surprise.jpg,1
train_899_angry.jpg,3
train_899_disgust.jpg,4
train_899_fear.jpg,5
train_899_happy.jpg,0
train_899_neutral.jpg,6
train_899_sad.jpg,2
train_899_surprise.jpg,1
train_89_angry.jpg,3
train_89_disgust.jpg,4
train_89_fear.jpg,5
train_89_happy.png,0
train_89_neutral.png,6
train_89_sad.jpg,2
train_89_surprise.jpg,1
train_8_angry.jpg,3
train_8_disgust.jpg,4
train_8_fear.jpg,5
train_8_happy.png,0
train_8_neutral.png,6
train_8_sad.jpg,2
train_8_surprise.jpg,1
train_900_angry.jpg,3
train_900_disgust.jpg,4
train_900_fear.jpg,5
train_900_happy.jpg,0
train_900_neutral.jpg,6
train_900_sad.jpg,2
train_900_surprise.jpg,1
train_901_angry.jpg,3
train_901_disgust.jpg,4
train_901_fear.jpg,5
train_901_happy.jpg,0
train_901_neutral.jpg,6
train_901_sad.jpg,2
train_901_surprise.jpg,1
train_902_angry.jpg,3
train_902_disgust.jpg,4
train_902_fear.jpg,5
train_902_happy.jpg,0
train_902_neutral.jpg,6
train_902_sad.jpg,2
train_902_surprise.jpg,1
train_903_angry.jpg,3
train_903_disgust.jpg,4
train_903_fear.jpg,5
train_903_happy.jpg,0
train_903_neutral.jpg,6
train_903_sad.jpg,2
train_903_surprise.jpg,1
train_904_angry.jpg,3
train_904_disgust.jpg,4
train_904_fear.jpg,5
train_904_happy.jpg,0
train_904_neutral.jpg,6
train_904_sad.jpg,2
train_904_surprise.jpg,1
train_905_angry.jpg,3
train_905_disgust.jpg,4
train_905_fear.jpg,5
train_905_happy.jpg,0
train_905_neutral.jpg,6
train_905_sad.jpg,2
train_905_surprise.jpg,1
train_906_angry.jpg,3
train_906_disgust.jpg,4
train_906_fear.jpg,5
train_906_happy.jpg,0
train_906_neutral.jpg,6
train_906_sad.jpg,2
train_906_surprise.jpg,1
train_907_angry.jpg,3
train_907_disgust.jpg,4
train_907_fear.jpg,5
train_907_happy.jpg,0
train_907_neutral.jpg,6
train_907_sad.jpg,2
train_907_surprise.jpg,1
train_908_angry.jpg,3
train_908_disgust.jpg,4
train_908_fear.jpg,5
train_908_happy.jpg,0
train_908_neutral.jpg,6
train_908_sad.jpg,2
train_908_surprise.jpg,1
train_909_angry.jpg,3
train_909_disgust.jpg,4
train_909_fear.jpg,5
train_909_happy.jpg,0
train_909_neutral.jpg,6
train_909_sad.jpg,2
train_909_surprise.jpg,1
train_90_angry.jpg,3
train_90_disgust.jpg,4
train_90_fear.jpg,5
train_90_happy.png,0
train_90_neutral.png,6
train_90_sad.jpg,2
train_90_surprise.jpg,1
train_910_angry.jpg,3
train_910_disgust.jpg,4
train_910_fear.jpg,5
train_910_happy.jpg,0
train_910_neutral.jpg,6
train_910_sad.jpg,2
train_910_surprise.jpg,1
train_911_angry.jpg,3
train_911_disgust.jpg,4
train_911_fear.jpg,5
train_911_happy.jpg,0
train_911_neutral.jpg,6
train_911_sad.jpg,2
train_911_surprise.jpg,1
train_912_angry.jpg,3
train_912_disgust.jpg,4
train_912_fear.jpg,5
train_912_happy.jpg,0
train_912_neutral.jpg,6
train_912_sad.jpg,2
train_912_surprise.jpg,1
train_913_angry.jpg,3
train_913_disgust.jpg,4
train_913_fear.jpg,5
train_913_happy.jpg,0
train_913_neutral.jpg,6
train_913_sad.jpg,2
train_913_surprise.jpg,1
train_914_angry.jpg,3
train_914_disgust.jpg,4
train_914_fear.jpg,5
train_914_happy.jpg,0
train_914_neutral.jpg,6
train_914_sad.jpg,2
train_914_surprise.jpg,1
train_915_angry.jpg,3
train_915_disgust.jpg,4
train_915_fear.jpg,5
train_915_happy.jpg,0
train_915_neutral.jpg,6
train_915_sad.jpg,2
train_915_surprise.jpg,1
train_916_angry.jpg,3
train_916_disgust.jpg,4
train_916_fear.jpg,5
train_916_happy.jpg,0
train_916_neutral.jpg,6
train_916_sad.jpg,2
train_916_surprise.jpg,1
train_917_angry.jpg,3
train_917_disgust.jpg,4
train_917_fear.jpg,5
train_917_happy.jpg,0
train_917_neutral.jpg,6
train_917_sad.jpg,2
train_917_surprise.jpg,1
train_918_angry.jpg,3
train_918_disgust.jpg,4
train_918_fear.jpg,5
train_918_happy.jpg,0
train_918_neutral.jpg,6
train_918_sad.jpg,2
train_918_surprise.jpg,1
train_919_angry.jpg,3
train_919_disgust.jpg,4
train_919_fear.jpg,5
train_919_happy.jpg,0
train_919_neutral.jpg,6
train_919_sad.jpg,2
train_919_surprise.jpg,1
train_91_angry.jpg,3
train_91_disgust.jpg,4
train_91_fear.jpg,5
train_91_happy.png,0
train_91_neutral.png,6
train_91_sad.jpg,2
train_91_surprise.jpg,1
train_920_angry.jpg,3
train_920_disgust.jpg,4
train_920_fear.jpg,5
train_920_happy.jpg,0
train_920_neutral.jpg,6
train_920_sad.jpg,2
train_920_surprise.jpg,1
train_921_angry.jpg,3
train_921_disgust.jpg,4
train_921_fear.jpg,5
train_921_happy.jpg,0
train_921_neutral.jpg,6
train_921_sad.jpg,2
train_921_surprise.jpg,1
train_922_angry.jpg,3
train_922_disgust.jpg,4
train_922_fear.jpg,5
train_922_happy.jpg,0
train_922_neutral.jpg,6
train_922_sad.jpg,2
train_922_surprise.jpg,1
train_923_angry.jpg,3
train_923_disgust.jpg,4
train_923_fear.jpg,5
train_923_happy.jpg,0
train_923_neutral.jpg,6
train_923_sad.jpg,2
train_923_surprise.jpg,1
train_924_angry.jpg,3
train_924_disgust.jpg,4
train_924_fear.jpg,5
train_924_happy.jpg,0
train_924_neutral.jpg,6
train_924_sad.jpg,2
train_924_surprise.jpg,1
train_925_angry.jpg,3
train_925_disgust.jpg,4
train_925_fear.jpg,5
train_925_happy.jpg,0
train_925_neutral.jpg,6
train_925_sad.jpg,2
train_925_surprise.jpg,1
train_926_angry.jpg,3
train_926_disgust.jpg,4
train_926_fear.jpg,5
train_926_happy.jpg,0
train_926_neutral.jpg,6
train_926_sad.jpg,2
train_926_surprise.jpg,1
train_927_angry.jpg,3
train_927_disgust.jpg,4
train_927_fear.jpg,5
train_927_happy.jpg,0
train_927_neutral.jpg,6
train_927_sad.jpg,2
train_927_surprise.jpg,1
train_928_angry.jpg,3
train_928_disgust.jpg,4
train_928_fear.jpg,5
train_928_happy.jpg,0
train_928_neutral.jpg,6
train_928_sad.jpg,2
train_928_surprise.jpg,1
train_929_angry.jpg,3
train_929_disgust.jpg,4
train_929_fear.jpg,5
train_929_happy.jpg,0
train_929_neutral.jpg,6
train_929_sad.jpg,2
train_929_surprise.jpg,1
train_92_angry.jpg,3
train_92_disgust.jpg,4
train_92_fear.jpg,5
train_92_happy.png,0
train_92_neutral.png,6
train_92_sad.jpg,2
train_92_surprise.jpg,1
train_930_angry.jpg,3
train_930_disgust.jpg,4
train_930_fear.jpg,5
train_930_happy.jpg,0
train_930_neutral.jpg,6
train_930_sad.jpg,2
train_930_surprise.jpg,1
train_931_angry.jpg,3
train_931_disgust.jpg,4
train_931_fear.jpg,5
train_931_happy.jpg,0
train_931_neutral.jpg,6
train_931_sad.jpg,2
train_931_surprise.jpg,1
train_932_angry.jpg,3
train_932_disgust.jpg,4
train_932_fear.jpg,5
train_932_happy.jpg,0
train_932_neutral.jpg,6
train_932_sad.jpg,2
train_932_surprise.jpg,1
train_933_angry.jpg,3
train_933_disgust.jpg,4
train_933_fear.jpg,5
train_933_happy.jpg,0
train_933_neutral.jpg,6
train_933_sad.jpg,2
train_933_surprise.jpg,1
train_934_angry.jpg,3
train_934_disgust.jpg,4
train_934_fear.jpg,5
train_934_happy.jpg,0
train_934_neutral.jpg,6
train_934_sad.jpg,2
train_934_surprise.jpg,1
train_935_angry.jpg,3
train_935_disgust.jpg,4
train_935_fear.jpg,5
train_935_happy.jpg,0
train_935_neutral.jpg,6
train_935_sad.jpg,2
train_935_surprise.jpg,1
train_936_angry.jpg,3
train_936_disgust.jpg,4
train_936_fear.jpg,5
train_936_happy.jpg,0
train_936_neutral.jpg,6
train_936_sad.jpg,2
train_936_surprise.jpg,1
train_937_angry.jpg,3
train_937_disgust.jpg,4
train_937_fear.jpg,5
train_937_happy.jpg,0
train_937_neutral.jpg,6
train_937_sad.jpg,2
train_937_surprise.jpg,1
train_938_angry.jpg,3
train_938_disgust.jpg,4
train_938_fear.jpg,5
train_938_happy.jpg,0
train_938_neutral.jpg,6
train_938_sad.jpg,2
train_938_surprise.jpg,1
train_939_angry.jpg,3
train_939_disgust.jpg,4
train_939_fear.jpg,5
train_939_happy.jpg,0
train_939_neutral.jpg,6
train_939_sad.jpg,2
train_939_surprise.jpg,1
train_93_angry.jpg,3
train_93_disgust.jpg,4
train_93_fear.jpg,5
train_93_happy.png,0
train_93_neutral.png,6
train_93_sad.jpg,2
train_93_surprise.jpg,1
train_940_angry.jpg,3
train_940_disgust.jpg,4
train_940_fear.jpg,5
train_940_happy.jpg,0
train_940_neutral.jpg,6
train_940_sad.jpg,2
train_940_surprise.jpg,1
train_941_angry.jpg,3
train_941_disgust.jpg,4
train_941_fear.jpg,5
train_941_happy.jpg,0
train_941_neutral.jpg,6
train_941_sad.jpg,2
train_941_surprise.jpg,1
train_942_angry.jpg,3
train_942_disgust.jpg,4
train_942_fear.jpg,5
train_942_happy.jpg,0
train_942_neutral.jpg,6
train_942_sad.jpg,2
train_942_surprise.jpg,1
train_943_angry.jpg,3
train_943_disgust.jpg,4
train_943_fear.jpg,5
train_943_happy.jpg,0
train_943_neutral.jpg,6
train_943_sad.jpg,2
train_943_surprise.jpg,1
train_944_angry.jpg,3
train_944_disgust.jpg,4
train_944_fear.jpg,5
train_944_happy.jpg,0
train_944_neutral.jpg,6
train_944_sad.jpg,2
train_944_surprise.jpg,1
train_945_angry.jpg,3
train_945_disgust.jpg,4
train_945_fear.jpg,5
train_945_happy.jpg,0
train_945_neutral.jpg,6
train_945_sad.jpg,2
train_945_surprise.jpg,1
train_946_angry.jpg,3
train_946_disgust.jpg,4
train_946_fear.jpg,5
train_946_happy.jpg,0
train_946_neutral.jpg,6
train_946_sad.jpg,2
train_946_surprise.jpg,1
train_947_angry.jpg,3
train_947_disgust.jpg,4
train_947_fear.jpg,5
train_947_happy.jpg,0
train_947_neutral.jpg,6
train_947_sad.jpg,2
train_947_surprise.jpg,1
train_948_angry.jpg,3
train_948_disgust.jpg,4
train_948_fear.jpg,5
train_948_happy.jpg,0
train_948_neutral.jpg,6
train_948_sad.jpg,2
train_948_surprise.jpg,1
train_949_angry.jpg,3
train_949_disgust.jpg,4
train_949_fear.jpg,5
train_949_happy.jpg,0
train_949_neutral.jpg,6
train_949_sad.jpg,2
train_949_surprise.jpg,1
train_94_angry.jpg,3
train_94_disgust.jpg,4
train_94_fear.jpg,5
train_94_happy.png,0
train_94_neutral.png,6
train_94_sad.jpg,2
train_94_surprise.jpg,1
train_950_angry.jpg,3
train_950_disgust.jpg,4
train_950_fear.jpg,5
train_950_happy.jpg,0
train_950_neutral.jpg,6
train_950_sad.jpg,2
train_950_surprise.jpg,1
train_951_angry.jpg,3
train_951_disgust.jpg,4
train_951_fear.jpg,5
train_951_happy.jpg,0
train_951_neutral.jpg,6
train_951_sad.jpg,2
train_951_surprise.jpg,1
train_952_angry.jpg,3
train_952_disgust.jpg,4
train_952_fear.jpg,5
train_952_happy.jpg,0
train_952_neutral.jpg,6
train_952_sad.jpg,2
train_952_surprise.jpg,1
train_953_angry.jpg,3
train_953_disgust.jpg,4
train_953_fear.jpg,5
train_953_happy.jpg,0
train_953_neutral.jpg,6
train_953_sad.jpg,2
train_953_surprise.jpg,1
train_954_angry.jpg,3
train_954_disgust.jpg,4
train_954_fear.jpg,5
train_954_happy.jpg,0
train_954_neutral.jpg,6
train_954_sad.jpg,2
train_954_surprise.jpg,1
train_955_angry.jpg,3
train_955_disgust.jpg,4
train_955_fear.jpg,5
train_955_happy.jpg,0
train_955_neutral.jpg,6
train_955_sad.jpg,2
train_955_surprise.jpg,1
train_956_angry.jpg,3
train_956_disgust.jpg,4
train_956_fear.jpg,5
train_956_happy.jpg,0
train_956_neutral.jpg,6
train_956_sad.jpg,2
train_956_surprise.jpg,1
train_957_angry.jpg,3
train_957_disgust.jpg,4
train_957_fear.jpg,5
train_957_happy.jpg,0
train_957_neutral.jpg,6
train_957_sad.jpg,2
train_957_surprise.jpg,1
train_958_angry.jpg,3
train_958_disgust.jpg,4
train_958_fear.jpg,5
train_958_happy.jpg,0
train_958_neutral.jpg,6
train_958_sad.jpg,2
train_958_surprise.jpg,1
train_959_angry.jpg,3
train_959_disgust.jpg,4
train_959_fear.jpg,5
train_959_happy.jpg,0
train_959_neutral.jpg,6
train_959_sad.jpg,2
train_959_surprise.jpg,1
train_95_angry.jpg,3
train_95_disgust.jpg,4
train_95_fear.jpg,5
train_95_happy.png,0
train_95_neutral.png,6
train_95_sad.jpg,2
train_95_surprise.jpg,1
train_960_angry.jpg,3
train_960_disgust.jpg,4
train_960_fear.jpg,5
train_960_happy.jpg,0
train_960_neutral.jpg,6
train_960_sad.jpg,2
train_960_surprise.jpg,1
train_961_angry.jpg,3
train_961_disgust.jpg,4
train_961_fear.jpg,5
train_961_happy.jpg,0
train_961_neutral.jpg,6
train_961_sad.jpg,2
train_961_surprise.jpg,1
train_962_angry.jpg,3
train_962_disgust.jpg,4
train_962_fear.jpg,5
train_962_happy.jpg,0
train_962_neutral.jpg,6
train_962_sad.jpg,2
train_962_surprise.jpg,1
train_963_angry.jpg,3
train_963_disgust.jpg,4
train_963_fear.jpg,5
train_963_happy.jpg,0
train_963_neutral.jpg,6
train_963_sad.jpg,2
train_963_surprise.jpg,1
train_964_angry.jpg,3
train_964_disgust.jpg,4
train_964_fear.jpg,5
train_964_happy.jpg,0
train_964_neutral.jpg,6
train_964_sad.jpg,2
train_964_surprise.jpg,1
train_965_angry.jpg,3
train_965_disgust.jpg,4
train_965_fear.jpg,5
train_965_happy.jpg,0
train_965_neutral.jpg,6
train_965_sad.jpg,2
train_965_surprise.jpg,1
train_966_angry.jpg,3
train_966_disgust.jpg,4
train_966_fear.jpg,5
train_966_happy.jpg,0
train_966_neutral.jpg,6
train_966_sad.jpg,2
train_966_surprise.jpg,1
train_967_angry.jpg,3
train_967_disgust.jpg,4
train_967_fear.jpg,5
train_967_happy.jpg,0
train_967_neutral.jpg,6
train_967_sad.jpg,2
train_967_surprise.jpg,1
train_968_angry.jpg,3
train_968_disgust.jpg,4
train_968_fear.jpg,5
train_968_happy.jpg,0
train_968_neutral.jpg,6
train_968_sad.jpg,2
train_968_surprise.jpg,1
train_969_angry.jpg,3
train_969_disgust.jpg,4
train_969_fear.jpg,5
train_969_happy.jpg,0
train_969_neutral.jpg,6
train_969_sad.jpg,2
train_969_surprise.jpg,1
train_96_angry.jpg,3
train_96_disgust.jpg,4
train_96_fear.jpg,5
train_96_happy.png,0
train_96_neutral.png,6
train_96_sad.jpg,2
train_96_surprise.jpg,1
train_970_angry.jpg,3
train_970_disgust.jpg,4
train_970_fear.jpg,5
train_970_happy.jpg,0
train_970_neutral.jpg,6
train_970_sad.jpg,2
train_970_surprise.jpg,1
train_971_angry.jpg,3
train_971_disgust.jpg,4
train_971_fear.jpg,5
train_971_happy.jpg,0
train_971_neutral.jpg,6
train_971_sad.jpg,2
train_971_surprise.jpg,1
train_972_angry.jpg,3
train_972_disgust.jpg,4
train_972_fear.jpg,5
train_972_happy.jpg,0
train_972_neutral.jpg,6
train_972_sad.jpg,2
train_972_surprise.jpg,1
train_973_angry.jpg,3
train_973_disgust.jpg,4
train_973_fear.jpg,5
train_973_happy.jpg,0
train_973_neutral.jpg,6
train_973_sad.jpg,2
train_973_surprise.jpg,1
train_974_angry.jpg,3
train_974_disgust.jpg,4
train_974_fear.jpg,5
train_974_happy.jpg,0
train_974_neutral.jpg,6
train_974_sad.jpg,2
train_974_surprise.jpg,1
train_975_angry.jpg,3
train_975_disgust.jpg,4
train_975_fear.jpg,5
train_975_happy.jpg,0
train_975_neutral.jpg,6
train_975_sad.jpg,2
train_975_surprise.jpg,1
train_976_angry.jpg,3
train_976_disgust.jpg,4
train_976_fear.jpg,5
train_976_happy.jpg,0
train_976_neutral.jpg,6
train_976_sad.jpg,2
train_976_surprise.jpg,1
train_977_angry.jpg,3
train_977_disgust.jpg,4
train_977_fear.jpg,5
train_977_happy.jpg,0
train_977_neutral.jpg,6
train_977_sad.jpg,2
train_977_surprise.jpg,1
train_978_angry.jpg,3
train_978_disgust.jpg,4
train_978_fear.jpg,5
train_978_happy.jpg,0
train_978_neutral.jpg,6
train_978_sad.jpg,2
train_978_surprise.jpg,1
train_979_angry.jpg,3
train_979_disgust.jpg,4
train_979_fear.jpg,5
train_979_happy.jpg,0
train_979_neutral.jpg,6
train_979_sad.jpg,2
train_979_surprise.jpg,1
train_97_angry.jpg,3
train_97_disgust.jpg,4
train_97_fear.jpg,5
train_97_happy.png,0
train_97_neutral.png,6
train_97_sad.jpg,2
train_97_surprise.jpg,1
train_980_angry.jpg,3
train_980_disgust.jpg,4
train_980_fear.jpg,5
train_980_happy.jpg,0
train_980_neutral.jpg,6
train_980_sad.jpg,2
train_980_surprise.jpg,1
train_981_angry.jpg,3
train_981_disgust.jpg,4
train_981_fear.jpg,5
train_981_happy.jpg,0
train_981_neutral.jpg,6
train_981_sad.jpg,2
train_981_surprise.jpg,1
train_982_angry.jpg,3
train_982_disgust.jpg,4
train_982_fear.jpg,5
train_982_happy.jpg,0
train_982_neutral.jpg,6
train_982_sad.jpg,2
train_982_surprise.jpg,1
train_983_angry.jpg,3
train_983_disgust.jpg,4
train_983_fear.jpg,5
train_983_happy.jpg,0
train_983_neutral.jpg,6
train_983_sad.jpg,2
train_983_surprise.jpg,1
train_984_angry.jpg,3
train_984_disgust.jpg,4
train_984_fear.jpg,5
train_984_happy.jpg,0
train_984_neutral.jpg,6
train_984_sad.jpg,2
train_984_surprise.jpg,1
train_985_angry.jpg,3
train_985_disgust.jpg,4
train_985_fear.jpg,5
train_985_happy.jpg,0
train_985_neutral.jpg,6
train_985_sad.jpg,2
train_985_surprise.jpg,1
train_986_angry.jpg,3
train_986_disgust.jpg,4
train_986_fear.jpg,5
train_986_happy.jpg,0
train_986_neutral.jpg,6
train_986_sad.jpg,2
train_986_surprise.jpg,1
train_987_angry.jpg,3
train_987_disgust.jpg,4
train_987_fear.jpg,5
train_987_happy.jpg,0
train_987_neutral.jpg,6
train_987_sad.jpg,2
train_987_surprise.jpg,1
train_988_angry.jpg,3
train_988_disgust.jpg,4
train_988_fear.jpg,5
train_988_happy.jpg,0
train_988_neutral.jpg,6
train_988_sad.jpg,2
train_988_surprise.jpg,1
train_989_angry.jpg,3
train_989_disgust.jpg,4
train_989_fear.jpg,5
train_989_happy.jpg,0
train_989_neutral.jpg,6
train_989_sad.jpg,2
train_989_surprise.jpg,1
train_98_angry.jpg,3
train_98_disgust.jpg,4
train_98_fear.jpg,5
train_98_happy.png,0
train_98_neutral.png,6
train_98_sad.jpg,2
train_98_surprise.jpg,1
train_990_angry.jpg,3
train_990_disgust.jpg,4
train_990_fear.jpg,5
train_990_happy.jpg,0
train_990_neutral.jpg,6
train_990_sad.jpg,2
train_990_surprise.jpg,1
train_991_angry.jpg,3
train_991_disgust.jpg,4
train_991_fear.jpg,5
train_991_happy.jpg,0
train_991_neutral.jpg,6
train_991_sad.jpg,2
train_991_surprise.jpg,1
train_992_angry.jpg,3
train_992_disgust.jpg,4
train_992_fear.jpg,5
train_992_happy.jpg,0
train_992_neutral.jpg,6
train_992_sad.jpg,2
train_992_surprise.jpg,1
train_993_angry.jpg,3
train_993_disgust.jpg,4
train_993_fear.jpg,5
train_993_happy.jpg,0
train_993_neutral.jpg,6
train_993_sad.jpg,2
train_993_surprise.jpg,1
train_994_angry.jpg,3
train_994_disgust.jpg,4
train_994_fear.jpg,5
train_994_happy.jpg,0
train_994_neutral.jpg,6
train_994_sad.jpg,2
train_994_surprise.jpg,1
train_995_angry.jpg,3
train_995_disgust.jpg,4
train_995_fear.jpg,5
train_995_happy.jpg,0
train_995_neutral.jpg,6
train_995_sad.jpg,2
train_995_surprise.jpg,1
train_996_angry.jpg,3
train_996_disgust.jpg,4
train_996_fear.jpg,5
train_996_happy.jpg,0
train_996_neutral.jpg,6
train_996_sad.jpg,2
train_996_surprise.jpg,1
train_997_angry.jpg,3
train_997_disgust.jpg,4
train_997_fear.jpg,5
train_997_happy.jpg,0
train_997_neutral.jpg,6
train_997_sad.jpg,2
train_997_surprise.jpg,1
train_998_angry.jpg,3
train_998_disgust.jpg,4
train_998_fear.jpg,5
train_998_happy.jpg,0
train_998_neutral.jpg,6
train_998_sad.jpg,2
train_998_surprise.jpg,1
train_999_angry.jpg,3
train_999_disgust.jpg,4
train_999_fear.jpg,5
train_999_happy.jpg,0
train_999_neutral.jpg,6
train_999_sad.jpg,2
train_999_surprise.jpg,1
train_99_angry.jpg,3
train_99_disgust.jpg,4
train_99_fear.jpg,5
train_99_happy.png,0
train_99_neutral.png,6
train_99_sad.jpg,2
train_99_surprise.jpg,1
train_9_angry.jpg,3
train_9_disgust.jpg,4
train_9_fear.jpg,5
train_9_happy.png,0
train_9_neutral.png,6
train_9_sad.jpg,2
train_9_surprise.jpg,1
